{"date":"21 May 2014, Wednesday, 21:51:29","report":[["Statistics without reference",[{"values":[30],"quality":"Less is better","isMain":true,"metricName":"# contigs"},{"values":[78],"quality":"Less is better","isMain":false,"metricName":"# contigs (>= 0 bp)"},{"values":[28],"quality":"Less is better","isMain":false,"metricName":"# contigs (>= 1000 bp)"},{"values":[803895],"quality":"More is better","isMain":true,"metricName":"Largest contig"},{"values":[4888113],"quality":"More is better","isMain":true,"metricName":"Total length"},{"values":[4896755],"quality":"More is better","isMain":false,"metricName":"Total length (>= 0 bp)"},{"values":[4886186],"quality":"More is better","isMain":false,"metricName":"Total length (>= 1000 bp)"},{"values":[301388],"quality":"More is better","isMain":true,"metricName":"N50"},{"values":[229873],"quality":"More is better","isMain":false,"metricName":"N75"},{"values":[5],"quality":"Less is better","isMain":false,"metricName":"L50"},{"values":[9],"quality":"Less is better","isMain":false,"metricName":"L75"},{"values":["61.61"],"quality":"Equal","isMain":false,"metricName":"GC (%)"}]],["Misassemblies",[{"values":[0],"quality":"Less is better","isMain":true,"metricName":"# misassemblies"},{"values":[0],"quality":"Less is better","isMain":false,"metricName":"    # relocations"},{"values":[0],"quality":"Less is better","isMain":false,"metricName":"    # translocations"},{"values":[0],"quality":"Less is better","isMain":false,"metricName":"    # inversions"},{"values":[0],"quality":"Less is better","isMain":false,"metricName":"# misassembled contigs"},{"values":[0],"quality":"Less is better","isMain":true,"metricName":"Misassembled contigs length"},{"values":[0],"quality":"Less is better","isMain":false,"metricName":"# local misassemblies"}]],["Unaligned",[{"values":[6],"quality":"Less is better","isMain":false,"metricName":"# fully unaligned contigs"},{"values":[95927],"quality":"Less is better","isMain":false,"metricName":"Fully unaligned length"},{"values":[20],"quality":"Less is better","isMain":false,"metricName":"# partially unaligned contigs"},{"values":[18],"quality":"Less is better","isMain":false,"metricName":"    # with misassembly"},{"values":[20],"quality":"Less is better","isMain":false,"metricName":"    # both parts are significant"},{"values":[4104819],"quality":"Less is better","isMain":false,"metricName":"Partially unaligned length"}]],["Mismatches",[{"values":[1528],"quality":"Less is better","isMain":false,"metricName":"# mismatches"},{"values":[48],"quality":"Less is better","isMain":false,"metricName":"# indels"},{"values":[64],"quality":"Less is better","isMain":false,"metricName":"Indels length"},{"values":["3612.72"],"quality":"Less is better","isMain":true,"metricName":"# mismatches per 100 kbp"},{"values":["113.49"],"quality":"Less is better","isMain":true,"metricName":"# indels per 100 kbp"},{"values":[47],"quality":"Less is better","isMain":false,"metricName":"    # short indels (<= 5 bp)"},{"values":[1],"quality":"Less is better","isMain":false,"metricName":"    # long indels (> 5 bp)"},{"values":[1128],"quality":"Less is better","isMain":false,"metricName":"# N's"},{"values":["23.08"],"quality":"Less is better","isMain":true,"metricName":"# N's per 100 kbp"}]],["Genome statistics",[{"values":["14.477"],"quality":"More is better","isMain":true,"metricName":"Genome fraction (%)"},{"values":["1.001"],"quality":"Less is better","isMain":true,"metricName":"Duplication ratio"},{"values":[52419],"quality":"More is better","isMain":false,"metricName":"Largest alignment"},{"values":[335956],"quality":"More is better","isMain":false,"metricName":"NG50"},{"values":[229873],"quality":"More is better","isMain":false,"metricName":"NG75"},{"values":[4],"quality":"Less is better","isMain":false,"metricName":"LG50"},{"values":[9],"quality":"Less is better","isMain":false,"metricName":"LG75"}]],["Predicted genes",[]],["Reference statistics",[{"values":[4744448],"quality":"Equal","isMain":false,"metricName":"Reference length"},{"values":["61.55"],"quality":"Equal","isMain":false,"metricName":"Reference GC (%)"},{"values":[0],"quality":"Equal","isMain":false,"metricName":"Reference genes"},{"values":[0],"quality":"Equal","isMain":false,"metricName":"Reference operons"}]]],"minContig":500,"assembliesNames":["velvet"]}