{"date":"08 July 2014, Tuesday, 10:51:33","report":[["Statistics without reference",[{"values":[149,136,174,109,281,149,110,142],"quality":"Less is better","isMain":true,"metricName":"# contigs"},{"values":[158,137,401,119,494,246,146,213],"quality":"Less is better","isMain":false,"metricName":"# contigs (>= 200 bp)"},{"values":[141,136,109,102,233,118,86,120],"quality":"Less is better","isMain":false,"metricName":"# contigs (>= 1000 bp)"},{"values":[419237,363813,378585,391846,188622,384109,534462,286976],"quality":"More is better","isMain":true,"metricName":"Largest contig"},{"values":[7036707,5213908,5340833,5392427,5209075,5262789,5319487,5261270],"quality":"More is better","isMain":true,"metricName":"Total length"},{"values":[7040097,5214141,5413276,5396385,5270722,5292186,5331476,5284077],"quality":"More is better","isMain":false,"metricName":"Total length (>= 200 bp)"},{"values":[7031322,5213908,5299150,5386876,5177435,5241412,5302376,5246405],"quality":"More is better","isMain":false,"metricName":"Total length (>= 1000 bp)"},{"values":[106769,95840,134263,158716,45047,125627,157732,125214],"quality":"More is better","isMain":true,"metricName":"N50"},{"values":[56017,42294,84346,74628,26391,58562,86371,59460],"quality":"More is better","isMain":false,"metricName":"N75"},{"values":[19,18,12,11,38,14,10,14],"quality":"Less is better","isMain":false,"metricName":"L50"},{"values":[42,38,24,23,76,30,22,29],"quality":"Less is better","isMain":false,"metricName":"L75"},{"values":["43.43","43.41","43.47","43.45","43.45","43.47","43.47","43.46"],"quality":"Equal","isMain":false,"metricName":"GC (%)"}]],["Misassemblies",[{"values":[154,102,115,119,65,92,104,98],"quality":"Less is better","isMain":true,"metricName":"# misassemblies"},{"values":[144,96,108,108,65,92,100,94],"quality":"Less is better","isMain":false,"metricName":"    # relocations"},{"values":[0,0,0,0,0,0,0,0],"quality":"Less is better","isMain":false,"metricName":"    # translocations"},{"values":[10,6,7,11,0,0,4,4],"quality":"Less is better","isMain":false,"metricName":"    # inversions"},{"values":[64,48,42,45,45,37,30,33],"quality":"Less is better","isMain":false,"metricName":"# misassembled contigs"},{"values":[5508098,3570138,4218273,4167060,2145331,3785868,3997256,3745674],"quality":"Less is better","isMain":true,"metricName":"Misassembled contigs length"},{"values":[53,48,50,50,39,46,50,46],"quality":"Less is better","isMain":false,"metricName":"# local misassemblies"}]],["Unaligned",[{"values":[34,24,88,19,75,59,46,63],"quality":"Less is better","isMain":false,"metricName":"# fully unaligned contigs"},{"values":[335943,277939,269971,221693,339100,253980,253522,257196],"quality":"Less is better","isMain":false,"metricName":"Fully unaligned length"},{"values":[28,25,27,17,52,21,18,18],"quality":"Less is better","isMain":false,"metricName":"# partially unaligned contigs"},{"values":[9,6,6,2,8,5,3,6],"quality":"Less is better","isMain":false,"metricName":"    # with misassembly"},{"values":[22,13,9,12,31,13,12,13],"quality":"Less is better","isMain":false,"metricName":"    # both parts are significant"},{"values":[347720,198312,248800,217963,339945,263522,232326,230190],"quality":"Less is better","isMain":false,"metricName":"Partially unaligned length"}]],["Mismatches",[{"values":[28510,28116,28784,29482,27275,28301,28649,28262],"quality":"Less is better","isMain":false,"metricName":"# mismatches"},{"values":[1601,2721,1353,1271,1117,1239,1397,1333],"quality":"Less is better","isMain":false,"metricName":"# indels"},{"values":[2749,4086,2690,2748,2267,2509,2651,2553],"quality":"Less is better","isMain":false,"metricName":"Indels length"},{"values":["661.17","659.26","669.71","684.22","641.35","660.86","666.63","660.05"],"quality":"Less is better","isMain":true,"metricName":"# mismatches per 100 kbp"},{"values":["37.13","63.80","31.48","29.50","26.27","28.93","32.51","31.13"],"quality":"Less is better","isMain":true,"metricName":"# indels per 100 kbp"},{"values":[1528,2631,1266,1173,1043,1154,1315,1252],"quality":"Less is better","isMain":false,"metricName":"    # short indels (<= 5 bp)"},{"values":[73,90,87,98,74,85,82,81],"quality":"Less is better","isMain":false,"metricName":"    # long indels (> 5 bp)"},{"values":[239,0,131,0,0,0,439,0],"quality":"Less is better","isMain":false,"metricName":"# N's"},{"values":["3.40","0.00","2.45","0.00","0.00","0.00","8.25","0.00"],"quality":"Less is better","isMain":true,"metricName":"# N's per 100 kbp"}]],["Genome statistics",[{"values":["80.626","79.582","80.390","80.517","79.584","80.132","80.382","80.117"],"quality":"More is better","isMain":true,"metricName":"Genome fraction (%)"},{"values":["1.467","1.109","1.117","1.146","1.060","1.103","1.120","1.109"],"quality":"Less is better","isMain":true,"metricName":"Duplication ratio"},{"values":["3391 + 102 part","3301 + 156 part","3373 + 107 part","3377 + 105 part","3303 + 134 part","3360 + 111 part","3373 + 103 part","3363 + 106 part"],"quality":"More is better","isMain":true,"metricName":"# genes"},{"values":[186153,182457,188970,185930,133449,185821,185423,185610],"quality":"More is better","isMain":false,"metricName":"Largest alignment"},{"values":[146158,94207,134263,158716,41244,116105,157732,125214],"quality":"More is better","isMain":false,"metricName":"NG50"},{"values":[92833,41281,84346,74628,24099,56336,86371,59261],"quality":"More is better","isMain":false,"metricName":"NG75"},{"values":[38481,33716,43533,42218,27630,42686,43492,42686],"quality":"More is better","isMain":false,"metricName":"NA50"},{"values":[12492,9866,13208,11177,7687,12745,14057,13480],"quality":"More is better","isMain":false,"metricName":"NA75"},{"values":[50798,30567,43533,42218,27083,41464,42951,41192],"quality":"More is better","isMain":true,"metricName":"NGA50"},{"values":[30333,7076,13166,11607,6225,11178,13166,11607],"quality":"More is better","isMain":false,"metricName":"NGA75"},{"values":[13,19,12,11,40,15,10,14],"quality":"Less is better","isMain":false,"metricName":"LG50"},{"values":[25,41,24,23,81,32,22,30],"quality":"Less is better","isMain":false,"metricName":"LG75"},{"values":[54,41,36,37,58,38,37,37],"quality":"Less is better","isMain":false,"metricName":"LA50"},{"values":[132,107,88,93,140,92,87,89],"quality":"Less is better","isMain":false,"metricName":"LA75"},{"values":[35,44,36,37,61,39,38,39],"quality":"Less is better","isMain":false,"metricName":"LGA50"},{"values":[69,121,90,92,157,99,90,96],"quality":"Less is better","isMain":false,"metricName":"LGA75"}]],["Predicted genes",[]],["Reference statistics",[{"values":[5373121,5373121,5373121,5373121,5373121,5373121,5373121,5373121],"quality":"Equal","isMain":false,"metricName":"Reference length"},{"values":["43.42","43.42","43.42","43.42","43.42","43.42","43.42","43.42"],"quality":"Equal","isMain":false,"metricName":"Reference GC (%)"},{"values":[4416,4416,4416,4416,4416,4416,4416,4416],"quality":"Equal","isMain":false,"metricName":"Reference genes"},{"values":[0,0,0,0,0,0,0,0],"quality":"Equal","isMain":false,"metricName":"Reference operons"}]]],"minContig":500,"assembliesNames":["BF-H-Abyss-Contig","BF-H-Cabog-Contig","BF-H-Mira-Contig","BF-H-Msrca-Contig","BF-H-Sga-Contig","BF-H-Soap-Contig","BF-H-Spades-Contig","BF-H-Velvet-Contig"]}