Assembly	A_hydrophila_ATCC_7966	M_abscessus_ATCC_19977
# contigs (>= 0 bp)	822	822
# contigs (>= 1000 bp)	302	302
Total length (>= 0 bp)	5875896	5875896
Total length (>= 1000 bp)	5784758	5784758
# contigs	341	341
Total length	5810521	5810521
Largest contig	257581	257581
Reference length	4744448	5090491
GC (%)	35.21	35.21
Reference GC (%)	61.55	64.15
N50	48439	48439
NG50	59856	57702
N75	20272	20272
NG75	33009	27451
L50	32	32
LG50	22	25
L75	81	81
LG75	48	57
# unaligned contigs	341 + 0 part	341 + 0 part
Unaligned contigs length	5810521	5810521
# N's per 100 kbp	33.56	33.56
