{"date": "26 May 2014, Monday, 17:23:04", "report": [["Statistics without reference", [{"quality": "Less is better", "metricName": "# contigs", "values": [54, 374], "isMain": true}, {"quality": "Less is better", "metricName": "# contigs (>= 0 bp)", "values": [174, 894], "isMain": false}, {"quality": "Less is better", "metricName": "# contigs (>= 1000 bp)", "values": [52, 325], "isMain": false}, {"quality": "More is better", "metricName": "Largest contig", "values": [654090, 257581], "isMain": true}, {"quality": "More is better", "metricName": "Total length", "values": [4969260, 5805336], "isMain": true}, {"quality": "More is better", "metricName": "Total length (>= 0 bp)", "values": [4985428, 5879341], "isMain": false}, {"quality": "More is better", "metricName": "Total length (>= 1000 bp)", "values": [4967717, 5771919], "isMain": false}, {"quality": "More is better", "metricName": "N50", "values": [237457, 42572], "isMain": true}, {"quality": "More is better", "metricName": "N75", "values": [121603, 19054], "isMain": false}, {"quality": "Less is better", "metricName": "L50", "values": [7, 38], "isMain": false}, {"quality": "Less is better", "metricName": "L75", "values": [15, 92], "isMain": false}, {"quality": "Equal", "metricName": "GC (%)", "values": ["61.53", "35.20"], "isMain": false}]], ["Misassemblies", [{"quality": "Less is better", "metricName": "# misassemblies", "values": [0, 5], "isMain": true}, {"quality": "Less is better", "metricName": "    # relocations", "values": [0, 5], "isMain": false}, {"quality": "Less is better", "metricName": "    # translocations", "values": [0, 0], "isMain": false}, {"quality": "Less is better", "metricName": "    # inversions", "values": [0, 0], "isMain": false}, {"quality": "Less is better", "metricName": "# misassembled contigs", "values": [0, 4], "isMain": false}, {"quality": "Less is better", "metricName": "Misassembled contigs length", "values": [0, 3003], "isMain": true}, {"quality": "Less is better", "metricName": "# local misassemblies", "values": [0, 2], "isMain": false}]], ["Unaligned", [{"quality": "Less is better", "metricName": "# fully unaligned contigs", "values": [12, 317], "isMain": false}, {"quality": "Less is better", "metricName": "Fully unaligned length", "values": [162641, 4185249], "isMain": false}, {"quality": "Less is better", "metricName": "# partially unaligned contigs", "values": [34, 42], "isMain": false}, {"quality": "Less is better", "metricName": "    # with misassembly", "values": [25, 9], "isMain": false}, {"quality": "Less is better", "metricName": "    # both parts are significant", "values": [29, 13], "isMain": false}, {"quality": "Less is better", "metricName": "Partially unaligned length", "values": [4071442, 1570119], "isMain": false}]], ["Mismatches", [{"quality": "Less is better", "metricName": "# mismatches", "values": [1049, 971], "isMain": false}, {"quality": "Less is better", "metricName": "# indels", "values": [44, 60], "isMain": false}, {"quality": "Less is better", "metricName": "Indels length", "values": [59, 75], "isMain": false}, {"quality": "Less is better", "metricName": "# mismatches per 100 kbp", "values": ["2686.51", "3383.28"], "isMain": true}, {"quality": "Less is better", "metricName": "# indels per 100 kbp", "values": ["112.68", "209.06"], "isMain": true}, {"quality": "Less is better", "metricName": "    # short indels (<= 5 bp)", "values": [43, 59], "isMain": false}, {"quality": "Less is better", "metricName": "    # long indels (> 5 bp)", "values": [1, 1], "isMain": false}, {"quality": "Less is better", "metricName": "# N's", "values": [91, 0], "isMain": false}, {"quality": "Less is better", "metricName": "# N's per 100 kbp", "values": ["1.83", "0.00"], "isMain": true}]], ["Genome statistics", [{"quality": "More is better", "metricName": "Genome fraction (%)", "values": ["15.010", "0.792"], "isMain": true}, {"quality": "Less is better", "metricName": "Duplication ratio", "values": ["1.032", "1.163"], "isMain": true}, {"quality": "More is better", "metricName": "Largest alignment", "values": [52419, 9186], "isMain": false}, {"quality": "More is better", "metricName": "NG50", "values": [237457, 48302], "isMain": false}, {"quality": "More is better", "metricName": "NG75", "values": [122207, 21996], "isMain": false}, {"quality": "Less is better", "metricName": "LG50", "values": [7, 34], "isMain": false}, {"quality": "Less is better", "metricName": "LG75", "values": [14, 78], "isMain": false}]], ["Predicted genes", []], ["Reference statistics", [{"quality": "Equal", "metricName": "Reference length", "values": [4744448, 5432652], "isMain": false}, {"quality": "Equal", "metricName": "Reference GC (%)", "values": ["61.55", "35.50"], "isMain": false}, {"quality": "Equal", "metricName": "Reference genes", "values": [0, 0], "isMain": false}, {"quality": "Equal", "metricName": "Reference operons", "values": [0, 0], "isMain": false}]]], "minContig": 500, "assembliesNames": ["1_dataset_480.dat", "2_dataset_489.dat"]}