{"date":"12 June 2014, Thursday, 12:23:20","report":[["Statistics without reference",[{"values":[153,306,306],"quality":"Less is better","isMain":true,"metricName":"# contigs"},{"values":[338,1115,1115],"quality":"Less is better","isMain":false,"metricName":"# contigs (>= 0 bp)"},{"values":[121,247,247],"quality":"Less is better","isMain":false,"metricName":"# contigs (>= 1000 bp)"},{"values":[280277,145939,145939],"quality":"More is better","isMain":true,"metricName":"Largest contig"},{"values":[4086478,3895189,3895189],"quality":"More is better","isMain":true,"metricName":"Total length"},{"values":[4115424,3980506,3980506],"quality":"More is better","isMain":false,"metricName":"Total length (>= 0 bp)"},{"values":[4065299,3855718,3855718],"quality":"More is better","isMain":false,"metricName":"Total length (>= 1000 bp)"},{"values":[94508,25689,25689],"quality":"More is better","isMain":true,"metricName":"N50"},{"values":[58395,15919,15919],"quality":"More is better","isMain":false,"metricName":"N75"},{"values":[13,44,44],"quality":"Less is better","isMain":false,"metricName":"L50"},{"values":[27,93,93],"quality":"Less is better","isMain":false,"metricName":"L75"},{"values":["47.57","47.52","47.52"],"quality":"Equal","isMain":false,"metricName":"GC (%)"}]],["Misassemblies",[{"values":[6,2,2],"quality":"Less is better","isMain":true,"metricName":"# misassemblies"},{"values":[5,2,2],"quality":"Less is better","isMain":false,"metricName":"    # relocations"},{"values":[1,0,0],"quality":"Less is better","isMain":false,"metricName":"    # translocations"},{"values":[0,0,0],"quality":"Less is better","isMain":false,"metricName":"    # inversions"},{"values":[5,2,2],"quality":"Less is better","isMain":false,"metricName":"# misassembled contigs"},{"values":[376802,9653,9653],"quality":"Less is better","isMain":true,"metricName":"Misassembled contigs length"},{"values":[17,0,0],"quality":"Less is better","isMain":false,"metricName":"# local misassemblies"}]],["Unaligned",[{"values":[1,1,1],"quality":"Less is better","isMain":false,"metricName":"# fully unaligned contigs"},{"values":[602,602,602],"quality":"Less is better","isMain":false,"metricName":"Fully unaligned length"},{"values":[0,0,0],"quality":"Less is better","isMain":false,"metricName":"# partially unaligned contigs"},{"values":[0,0,0],"quality":"Less is better","isMain":false,"metricName":"    # with misassembly"},{"values":[0,0,0],"quality":"Less is better","isMain":false,"metricName":"    # both parts are significant"},{"values":[0,0,0],"quality":"Less is better","isMain":false,"metricName":"Partially unaligned length"}]],["Mismatches",[{"values":[208,118,118],"quality":"Less is better","isMain":false,"metricName":"# mismatches"},{"values":[225,110,110],"quality":"Less is better","isMain":false,"metricName":"# indels"},{"values":[703,119,119],"quality":"Less is better","isMain":false,"metricName":"Indels length"},{"values":["5.28","3.03","3.03"],"quality":"Less is better","isMain":true,"metricName":"# mismatches per 100 kbp"},{"values":["5.71","2.83","2.83"],"quality":"Less is better","isMain":true,"metricName":"# indels per 100 kbp"},{"values":[189,109,109],"quality":"Less is better","isMain":false,"metricName":"    # short indels (<= 5 bp)"},{"values":[36,1,1],"quality":"Less is better","isMain":false,"metricName":"    # long indels (> 5 bp)"},{"values":[4125,0,0],"quality":"Less is better","isMain":false,"metricName":"# N's"},{"values":["100.94","0.00","0.00"],"quality":"Less is better","isMain":true,"metricName":"# N's per 100 kbp"}]],["Genome statistics",[{"values":["97.712","96.495","96.495"],"quality":"More is better","isMain":true,"metricName":"Genome fraction (%)"},{"values":["1.052","1.001","1.001"],"quality":"Less is better","isMain":true,"metricName":"Duplication ratio"},{"values":["3498 + 59 part","3322 + 133 part","3322 + 133 part"],"quality":"More is better","isMain":true,"metricName":"# genes"},{"values":[246076,145939,145939],"quality":"More is better","isMain":false,"metricName":"Largest alignment"},{"values":[94508,25448,25448],"quality":"More is better","isMain":false,"metricName":"NG50"},{"values":[59821,14801,14801],"quality":"More is better","isMain":false,"metricName":"NG75"},{"values":[92996,25689,25689],"quality":"More is better","isMain":false,"metricName":"NA50"},{"values":[58395,15919,15919],"quality":"More is better","isMain":false,"metricName":"NA75"},{"values":[92996,25448,25448],"quality":"More is better","isMain":true,"metricName":"NGA50"},{"values":[58395,14801,14801],"quality":"More is better","isMain":false,"metricName":"NGA75"},{"values":[13,47,47],"quality":"Less is better","isMain":false,"metricName":"LG50"},{"values":[26,100,100],"quality":"Less is better","isMain":false,"metricName":"LG75"},{"values":[14,44,44],"quality":"Less is better","isMain":false,"metricName":"LA50"},{"values":[28,93,93],"quality":"Less is better","isMain":false,"metricName":"LA75"},{"values":[14,47,47],"quality":"Less is better","isMain":false,"metricName":"LGA50"},{"values":[28,100,100],"quality":"Less is better","isMain":false,"metricName":"LGA75"}]],["Predicted genes",[]],["Reference statistics",[{"values":[4033464,4033464,4033464],"quality":"Equal","isMain":false,"metricName":"Reference length"},{"values":["47.49","47.49","47.49"],"quality":"Equal","isMain":false,"metricName":"Reference GC (%)"},{"values":[3693,3693,3693],"quality":"Equal","isMain":false,"metricName":"Reference genes"},{"values":[0,0,0],"quality":"Equal","isMain":false,"metricName":"Reference operons"}]]],"minContig":500,"assembliesNames":["GAGE-B","abyss_134","abyss_136"]}