{"date":"08 July 2014, Tuesday, 10:30:44","report":[["Statistics without reference",[{"values":[96,127,82,63,304,71,74,138],"quality":"Less is better","isMain":true,"metricName":"# contigs"},{"values":[124,127,3293,66,378,91,96,155],"quality":"Less is better","isMain":false,"metricName":"# contigs (>= 200 bp)"},{"values":[87,127,59,57,281,65,60,132],"quality":"Less is better","isMain":false,"metricName":"# contigs (>= 1000 bp)"},{"values":[610290,238341,338337,375149,101254,474277,627055,191465],"quality":"More is better","isMain":true,"metricName":"Largest contig"},{"values":[5123560,5116091,5151058,5144734,5122631,5136175,5132082,5126222],"quality":"More is better","isMain":true,"metricName":"Total length"},{"values":[5132153,5116091,5975924,5146013,5145246,5142390,5139536,5131723],"quality":"More is better","isMain":false,"metricName":"Total length (>= 200 bp)"},{"values":[5116313,5116091,5136999,5140375,5107561,5131712,5122962,5122117],"quality":"More is better","isMain":false,"metricName":"Total length (>= 1000 bp)"},{"values":[119446,81416,147272,246830,28734,148639,150258,60955],"quality":"More is better","isMain":true,"metricName":"N50"},{"values":[68977,42966,109542,110872,17153,88169,94999,37038],"quality":"More is better","isMain":false,"metricName":"N75"},{"values":[15,21,12,9,55,11,10,28],"quality":"Less is better","isMain":false,"metricName":"L50"},{"values":[29,43,22,17,110,22,20,54],"quality":"Less is better","isMain":false,"metricName":"L75"},{"values":["64.10","64.10","64.11","64.13","64.11","64.09","64.11","64.11"],"quality":"Equal","isMain":false,"metricName":"GC (%)"}]],["Misassemblies",[{"values":[4,7,22,6,3,8,4,4],"quality":"Less is better","isMain":true,"metricName":"# misassemblies"},{"values":[4,7,22,6,3,8,4,4],"quality":"Less is better","isMain":false,"metricName":"    # relocations"},{"values":[0,0,0,0,0,0,0,0],"quality":"Less is better","isMain":false,"metricName":"    # translocations"},{"values":[0,0,0,0,0,0,0,0],"quality":"Less is better","isMain":false,"metricName":"    # inversions"},{"values":[4,7,15,6,3,7,4,4],"quality":"Less is better","isMain":false,"metricName":"# misassembled contigs"},{"values":[302822,612517,1331243,1062986,114888,1261153,551561,215454],"quality":"Less is better","isMain":true,"metricName":"Misassembled contigs length"},{"values":[8,6,6,2,1,16,5,9],"quality":"Less is better","isMain":false,"metricName":"# local misassemblies"}]],["Unaligned",[{"values":[0,0,0,0,0,1,0,0],"quality":"Less is better","isMain":false,"metricName":"# fully unaligned contigs"},{"values":[0,0,0,0,0,5385,0,0],"quality":"Less is better","isMain":false,"metricName":"Fully unaligned length"},{"values":[3,6,1,0,3,1,1,2],"quality":"Less is better","isMain":false,"metricName":"# partially unaligned contigs"},{"values":[2,2,0,0,2,1,1,2],"quality":"Less is better","isMain":false,"metricName":"    # with misassembly"},{"values":[2,3,0,0,2,1,1,2],"quality":"Less is better","isMain":false,"metricName":"    # both parts are significant"},{"values":[66194,65602,25,0,66157,11899,54213,66112],"quality":"Less is better","isMain":false,"metricName":"Partially unaligned length"}]],["Mismatches",[{"values":[196,428,288,2511,55,86,107,152],"quality":"Less is better","isMain":false,"metricName":"# mismatches"},{"values":[109,292,44,330,75,63,84,46],"quality":"Less is better","isMain":false,"metricName":"# indels"},{"values":[657,427,141,509,176,372,215,237],"quality":"Less is better","isMain":false,"metricName":"Indels length"},{"values":["3.93","8.55","5.69","49.65","1.10","1.71","2.14","3.05"],"quality":"Less is better","isMain":true,"metricName":"# mismatches per 100 kbp"},{"values":["2.19","5.83","0.87","6.53","1.50","1.25","1.68","0.92"],"quality":"Less is better","isMain":true,"metricName":"# indels per 100 kbp"},{"values":[82,287,42,326,71,51,80,40],"quality":"Less is better","isMain":false,"metricName":"    # short indels (<= 5 bp)"},{"values":[27,5,2,4,4,12,4,6],"quality":"Less is better","isMain":false,"metricName":"    # long indels (> 5 bp)"},{"values":[620,36,106,0,0,0,0,0],"quality":"Less is better","isMain":false,"metricName":"# N's"},{"values":["12.10","0.70","2.06","0.00","0.00","0.00","0.00","0.00"],"quality":"Less is better","isMain":true,"metricName":"# N's per 100 kbp"}]],["Genome statistics",[{"values":["99.073","98.890","99.388","99.341","98.859","99.196","99.242","99.146"],"quality":"More is better","isMain":true,"metricName":"Genome fraction (%)"},{"values":["1.019","1.004","1.027","1.018","1.005","1.022","1.013","1.019"],"quality":"Less is better","isMain":true,"metricName":"Duplication ratio"},{"values":["4874 + 85 part","4827 + 136 part","4902 + 65 part","4910 + 56 part","4711 + 246 part","4888 + 74 part","4897 + 65 part","4822 + 135 part"],"quality":"More is better","isMain":true,"metricName":"# genes"},{"values":[610150,238341,313312,309535,101254,474277,627055,191465],"quality":"More is better","isMain":false,"metricName":"Largest alignment"},{"values":[119446,81416,147272,246830,28781,148639,150258,61615],"quality":"More is better","isMain":false,"metricName":"NG50"},{"values":[68977,42966,109542,110872,17362,88169,107346,37038],"quality":"More is better","isMain":false,"metricName":"NG75"},{"values":[111763,78165,129075,187809,27712,147199,147871,58337],"quality":"More is better","isMain":false,"metricName":"NA50"},{"values":[63561,38766,88214,88132,15475,75472,80282,34078],"quality":"More is better","isMain":false,"metricName":"NA75"},{"values":[115738,78165,129075,187809,27760,147199,147871,58337],"quality":"More is better","isMain":true,"metricName":"NGA50"},{"values":[63561,40137,88214,88132,15983,75472,80282,35836],"quality":"More is better","isMain":false,"metricName":"NGA75"},{"values":[15,21,12,9,54,11,10,27],"quality":"Less is better","isMain":false,"metricName":"LG50"},{"values":[29,43,22,17,109,22,19,54],"quality":"Less is better","isMain":false,"metricName":"LG75"},{"values":[16,23,15,10,57,12,10,29],"quality":"Less is better","isMain":false,"metricName":"LA50"},{"values":[31,47,26,19,116,24,21,57],"quality":"Less is better","isMain":false,"metricName":"LA75"},{"values":[15,23,15,10,56,12,10,29],"quality":"Less is better","isMain":false,"metricName":"LGA50"},{"values":[31,46,26,19,114,24,21,56],"quality":"Less is better","isMain":false,"metricName":"LGA75"}]],["Predicted genes",[]],["Reference statistics",[{"values":[5090491,5090491,5090491,5090491,5090491,5090491,5090491,5090491],"quality":"Equal","isMain":false,"metricName":"Reference length"},{"values":["64.15","64.15","64.15","64.15","64.15","64.15","64.15","64.15"],"quality":"Equal","isMain":false,"metricName":"Reference GC (%)"},{"values":[4992,4992,4992,4992,4992,4992,4992,4992],"quality":"Equal","isMain":false,"metricName":"Reference genes"},{"values":[0,0,0,0,0,0,0,0],"quality":"Equal","isMain":false,"metricName":"Reference operons"}]]],"minContig":500,"assembliesNames":["MA-H-Abyss-Contig","MA-H-Cabog-Contig","MA-H-Mira-Contig","MA-H-Msrca-Contig","MA-H-Sga-Contig","MA-H-Soap-Contig","MA-H-Spades-Contig","MA-H-Velvet-Contig"]}