{"date":"21 January 2015, Wednesday, 23:49:48","report":[["Statistics without reference",[{"values":[188,286],"quality":"Less is better","isMain":true,"metricName":"# contigs"},{"values":[188,286],"quality":"Less is better","isMain":false,"metricName":"# contigs (>= 200 bp)"},{"values":[188,286],"quality":"Less is better","isMain":false,"metricName":"# contigs (>= 1000 bp)"},{"values":[5646,106586],"quality":"More is better","isMain":true,"metricName":"Largest contig"},{"values":[318746,3790980],"quality":"More is better","isMain":true,"metricName":"Total length"},{"values":[318746,3790980],"quality":"More is better","isMain":false,"metricName":"Total length (>= 200 bp)"},{"values":[318746,3790980],"quality":"More is better","isMain":false,"metricName":"Total length (>= 1000 bp)"},{"values":[1707,24969],"quality":"More is better","isMain":true,"metricName":"N50"},{"values":[1367,12543],"quality":"More is better","isMain":false,"metricName":"N75"},{"values":[69,47],"quality":"Less is better","isMain":false,"metricName":"L50"},{"values":[121,101],"quality":"Less is better","isMain":false,"metricName":"L75"},{"values":["41.54","47.92"],"quality":"Equal","isMain":false,"metricName":"GC (%)"}]],["Misassemblies",[{"values":[7,8],"quality":"Less is better","isMain":true,"metricName":"# misassemblies"},{"values":[5,7],"quality":"Less is better","isMain":false,"metricName":"    # relocations"},{"values":[2,1],"quality":"Less is better","isMain":false,"metricName":"    # translocations"},{"values":[0,0],"quality":"Less is better","isMain":false,"metricName":"    # inversions"},{"values":[7,7],"quality":"Less is better","isMain":false,"metricName":"# misassembled contigs"},{"values":[15751,30914],"quality":"Less is better","isMain":true,"metricName":"Misassembled contigs length"},{"values":[1,6],"quality":"Less is better","isMain":false,"metricName":"# local misassemblies"}]],["Unaligned",[{"values":[0,0],"quality":"Less is better","isMain":false,"metricName":"# fully unaligned contigs"},{"values":[0,0],"quality":"Less is better","isMain":false,"metricName":"Fully unaligned length"},{"values":[97,1],"quality":"Less is better","isMain":false,"metricName":"# partially unaligned contigs"},{"values":[0,0],"quality":"Less is better","isMain":false,"metricName":"    # with misassembly"},{"values":[0,0],"quality":"Less is better","isMain":false,"metricName":"    # both parts are significant"},{"values":[7706,49],"quality":"Less is better","isMain":false,"metricName":"Partially unaligned length"}]],["Mismatches",[{"values":[112,263],"quality":"Less is better","isMain":false,"metricName":"# mismatches"},{"values":[53,140],"quality":"Less is better","isMain":false,"metricName":"# indels"},{"values":[84,158],"quality":"Less is better","isMain":false,"metricName":"Indels length"},{"values":["36.35","6.95"],"quality":"Less is better","isMain":true,"metricName":"# mismatches per 100 kbp"},{"values":["17.20","3.70"],"quality":"Less is better","isMain":true,"metricName":"# indels per 100 kbp"},{"values":[51,138],"quality":"Less is better","isMain":false,"metricName":"    # short indels (<= 5 bp)"},{"values":[2,2],"quality":"Less is better","isMain":false,"metricName":"    # long indels (> 5 bp)"},{"values":[0,0],"quality":"Less is better","isMain":false,"metricName":"# N's"},{"values":["0.00","0.00"],"quality":"Less is better","isMain":true,"metricName":"# N's per 100 kbp"}]],["Genome statistics",[{"values":["7.639","93.765"],"quality":"More is better","isMain":true,"metricName":"Genome fraction (%)"},{"values":["1.011","1.009"],"quality":"Less is better","isMain":true,"metricName":"Duplication ratio"},{"values":["123 + 277 part","3286 + 166 part"],"quality":"More is better","isMain":true,"metricName":"# genes"},{"values":[5582,106586],"quality":"More is better","isMain":false,"metricName":"Largest alignment"},{"values":[null,22450],"quality":"More is better","isMain":false,"metricName":"NG50"},{"values":[null,10823],"quality":"More is better","isMain":false,"metricName":"NG75"},{"values":[1624,24969],"quality":"More is better","isMain":false,"metricName":"NA50"},{"values":[1288,12543],"quality":"More is better","isMain":false,"metricName":"NA75"},{"values":[null,22450],"quality":"More is better","isMain":true,"metricName":"NGA50"},{"values":[null,10092],"quality":"More is better","isMain":false,"metricName":"NGA75"},{"values":[null,52],"quality":"Less is better","isMain":false,"metricName":"LG50"},{"values":[null,116],"quality":"Less is better","isMain":false,"metricName":"LG75"},{"values":[72,47],"quality":"Less is better","isMain":false,"metricName":"LA50"},{"values":[128,101],"quality":"Less is better","isMain":false,"metricName":"LA75"},{"values":[null,52],"quality":"Less is better","isMain":false,"metricName":"LGA50"},{"values":[null,117],"quality":"Less is better","isMain":false,"metricName":"LGA75"}]],["Predicted genes",[]],["Reference statistics",[{"values":[4033464,4033464],"quality":"Equal","isMain":false,"metricName":"Reference length"},{"values":["47.49","47.49"],"quality":"Equal","isMain":false,"metricName":"Reference GC (%)"},{"values":[3693,3693],"quality":"Equal","isMain":false,"metricName":"Reference genes"},{"values":[0,0],"quality":"Equal","isMain":false,"metricName":"Reference operons"}]]],"minContig":500,"assembliesNames":["Cabog7","Cabog8"]}