{"date":"20 January 2015, Tuesday, 21:43:07","report":[["Statistics without reference",[{"values":[241],"quality":"Less is better","isMain":true,"metricName":"# contigs"},{"values":[241],"quality":"Less is better","isMain":false,"metricName":"# contigs (>= 200 bp)"},{"values":[241],"quality":"Less is better","isMain":false,"metricName":"# contigs (>= 1000 bp)"},{"values":[140691],"quality":"More is better","isMain":true,"metricName":"Largest contig"},{"values":[3953298],"quality":"More is better","isMain":true,"metricName":"Total length"},{"values":[3953298],"quality":"More is better","isMain":false,"metricName":"Total length (>= 200 bp)"},{"values":[3953298],"quality":"More is better","isMain":false,"metricName":"Total length (>= 1000 bp)"},{"values":[33710],"quality":"More is better","isMain":true,"metricName":"N50"},{"values":[17245],"quality":"More is better","isMain":false,"metricName":"N75"},{"values":[34],"quality":"Less is better","isMain":false,"metricName":"L50"},{"values":[74],"quality":"Less is better","isMain":false,"metricName":"L75"},{"values":["47.52"],"quality":"Equal","isMain":false,"metricName":"GC (%)"}]],["Misassemblies",[{"values":[17],"quality":"Less is better","isMain":true,"metricName":"# misassemblies"},{"values":[11],"quality":"Less is better","isMain":false,"metricName":"    # relocations"},{"values":[6],"quality":"Less is better","isMain":false,"metricName":"    # translocations"},{"values":[0],"quality":"Less is better","isMain":false,"metricName":"    # inversions"},{"values":[17],"quality":"Less is better","isMain":false,"metricName":"# misassembled contigs"},{"values":[128064],"quality":"Less is better","isMain":true,"metricName":"Misassembled contigs length"},{"values":[7],"quality":"Less is better","isMain":false,"metricName":"# local misassemblies"}]],["Unaligned",[{"values":[1],"quality":"Less is better","isMain":false,"metricName":"# fully unaligned contigs"},{"values":[5125],"quality":"Less is better","isMain":false,"metricName":"Fully unaligned length"},{"values":[2],"quality":"Less is better","isMain":false,"metricName":"# partially unaligned contigs"},{"values":[0],"quality":"Less is better","isMain":false,"metricName":"    # with misassembly"},{"values":[0],"quality":"Less is better","isMain":false,"metricName":"    # both parts are significant"},{"values":[124],"quality":"Less is better","isMain":false,"metricName":"Partially unaligned length"}]],["Mismatches",[{"values":[319],"quality":"Less is better","isMain":false,"metricName":"# mismatches"},{"values":[142],"quality":"Less is better","isMain":false,"metricName":"# indels"},{"values":[188],"quality":"Less is better","isMain":false,"metricName":"Indels length"},{"values":["8.16"],"quality":"Less is better","isMain":true,"metricName":"# mismatches per 100 kbp"},{"values":["3.63"],"quality":"Less is better","isMain":true,"metricName":"# indels per 100 kbp"},{"values":[136],"quality":"Less is better","isMain":false,"metricName":"    # short indels (<= 5 bp)"},{"values":[6],"quality":"Less is better","isMain":false,"metricName":"    # long indels (> 5 bp)"},{"values":[0],"quality":"Less is better","isMain":false,"metricName":"# N's"},{"values":["0.00"],"quality":"Less is better","isMain":true,"metricName":"# N's per 100 kbp"}]],["Genome statistics",[{"values":["96.968"],"quality":"More is better","isMain":true,"metricName":"Genome fraction (%)"},{"values":["1.016"],"quality":"Less is better","isMain":true,"metricName":"Duplication ratio"},{"values":["3401 + 144 part"],"quality":"More is better","isMain":true,"metricName":"# genes"},{"values":[140691],"quality":"More is better","isMain":false,"metricName":"Largest alignment"},{"values":[32790],"quality":"More is better","isMain":false,"metricName":"NG50"},{"values":[16374],"quality":"More is better","isMain":false,"metricName":"NG75"},{"values":[33710],"quality":"More is better","isMain":false,"metricName":"NA50"},{"values":[17241],"quality":"More is better","isMain":false,"metricName":"NA75"},{"values":[32784],"quality":"More is better","isMain":true,"metricName":"NGA50"},{"values":[16374],"quality":"More is better","isMain":false,"metricName":"NGA75"},{"values":[35],"quality":"Less is better","isMain":false,"metricName":"LG50"},{"values":[77],"quality":"Less is better","isMain":false,"metricName":"LG75"},{"values":[34],"quality":"Less is better","isMain":false,"metricName":"LA50"},{"values":[74],"quality":"Less is better","isMain":false,"metricName":"LA75"},{"values":[35],"quality":"Less is better","isMain":false,"metricName":"LGA50"},{"values":[77],"quality":"Less is better","isMain":false,"metricName":"LGA75"}]],["Predicted genes",[]],["Reference statistics",[{"values":[4033464],"quality":"Equal","isMain":false,"metricName":"Reference length"},{"values":["47.49"],"quality":"Equal","isMain":false,"metricName":"Reference GC (%)"},{"values":[3693],"quality":"Equal","isMain":false,"metricName":"Reference genes"},{"values":[0],"quality":"Equal","isMain":false,"metricName":"Reference operons"}]]],"minContig":500,"assembliesNames":["GAGE-B"]}