{"date": "21 January 2015, Wednesday, 23:51:03", "report": [["Statistics without reference", [{"quality": "Less is better", "metricName": "# contigs", "values": [188, 286, 241], "isMain": true}, {"quality": "Less is better", "metricName": "# contigs (>= 200 bp)", "values": [188, 286, 241], "isMain": false}, {"quality": "Less is better", "metricName": "# contigs (>= 1000 bp)", "values": [188, 286, 241], "isMain": false}, {"quality": "More is better", "metricName": "Largest contig", "values": [5646, 106586, 140691], "isMain": true}, {"quality": "More is better", "metricName": "Total length", "values": [318746, 3790980, 3953298], "isMain": true}, {"quality": "More is better", "metricName": "Total length (>= 200 bp)", "values": [318746, 3790980, 3953298], "isMain": false}, {"quality": "More is better", "metricName": "Total length (>= 1000 bp)", "values": [318746, 3790980, 3953298], "isMain": false}, {"quality": "More is better", "metricName": "N50", "values": [1707, 24969, 33710], "isMain": true}, {"quality": "More is better", "metricName": "N75", "values": [1367, 12543, 17245], "isMain": false}, {"quality": "Less is better", "metricName": "L50", "values": [69, 47, 34], "isMain": false}, {"quality": "Less is better", "metricName": "L75", "values": [121, 101, 74], "isMain": false}, {"quality": "Equal", "metricName": "GC (%)", "values": ["41.54", "47.92", "47.52"], "isMain": false}]], ["Misassemblies", [{"quality": "Less is better", "metricName": "# misassemblies", "values": [7, 8, 17], "isMain": true}, {"quality": "Less is better", "metricName": "    # relocations", "values": [5, 7, 11], "isMain": false}, {"quality": "Less is better", "metricName": "    # translocations", "values": [2, 1, 6], "isMain": false}, {"quality": "Less is better", "metricName": "    # inversions", "values": [0, 0, 0], "isMain": false}, {"quality": "Less is better", "metricName": "# misassembled contigs", "values": [7, 7, 17], "isMain": false}, {"quality": "Less is better", "metricName": "Misassembled contigs length", "values": [15751, 30914, 128064], "isMain": true}, {"quality": "Less is better", "metricName": "# local misassemblies", "values": [1, 6, 7], "isMain": false}]], ["Unaligned", [{"quality": "Less is better", "metricName": "# fully unaligned contigs", "values": [0, 0, 1], "isMain": false}, {"quality": "Less is better", "metricName": "Fully unaligned length", "values": [0, 0, 5125], "isMain": false}, {"quality": "Less is better", "metricName": "# partially unaligned contigs", "values": [97, 1, 2], "isMain": false}, {"quality": "Less is better", "metricName": "    # with misassembly", "values": [0, 0, 0], "isMain": false}, {"quality": "Less is better", "metricName": "    # both parts are significant", "values": [0, 0, 0], "isMain": false}, {"quality": "Less is better", "metricName": "Partially unaligned length", "values": [7706, 49, 124], "isMain": false}]], ["Mismatches", [{"quality": "Less is better", "metricName": "# mismatches", "values": [112, 263, 319], "isMain": false}, {"quality": "Less is better", "metricName": "# indels", "values": [53, 140, 142], "isMain": false}, {"quality": "Less is better", "metricName": "Indels length", "values": [84, 158, 188], "isMain": false}, {"quality": "Less is better", "metricName": "# mismatches per 100 kbp", "values": ["36.35", "6.95", "8.16"], "isMain": true}, {"quality": "Less is better", "metricName": "# indels per 100 kbp", "values": ["17.20", "3.70", "3.63"], "isMain": true}, {"quality": "Less is better", "metricName": "    # short indels (<= 5 bp)", "values": [51, 138, 136], "isMain": false}, {"quality": "Less is better", "metricName": "    # long indels (> 5 bp)", "values": [2, 2, 6], "isMain": false}, {"quality": "Less is better", "metricName": "# N's", "values": [0, 0, 0], "isMain": false}, {"quality": "Less is better", "metricName": "# N's per 100 kbp", "values": ["0.00", "0.00", "0.00"], "isMain": true}]], ["Genome statistics", [{"quality": "More is better", "metricName": "Genome fraction (%)", "values": ["7.639", "93.765", "96.968"], "isMain": true}, {"quality": "Less is better", "metricName": "Duplication ratio", "values": ["1.011", "1.009", "1.016"], "isMain": true}, {"quality": "More is better", "metricName": "# genes", "values": ["123 + 277 part", "3286 + 166 part", "3401 + 144 part"], "isMain": true}, {"quality": "More is better", "metricName": "Largest alignment", "values": [5582, 106586, 140691], "isMain": false}, {"quality": "More is better", "metricName": "NG50", "values": [null, 22450, 32790], "isMain": false}, {"quality": "More is better", "metricName": "NG75", "values": [null, 10823, 16374], "isMain": false}, {"quality": "More is better", "metricName": "NA50", "values": [1624, 24969, 33710], "isMain": false}, {"quality": "More is better", "metricName": "NA75", "values": [1288, 12543, 17241], "isMain": false}, {"quality": "More is better", "metricName": "NGA50", "values": [null, 22450, 32784], "isMain": true}, {"quality": "More is better", "metricName": "NGA75", "values": [null, 10092, 16374], "isMain": false}, {"quality": "Less is better", "metricName": "LG50", "values": [null, 52, 35], "isMain": false}, {"quality": "Less is better", "metricName": "LG75", "values": [null, 116, 77], "isMain": false}, {"quality": "Less is better", "metricName": "LA50", "values": [72, 47, 34], "isMain": false}, {"quality": "Less is better", "metricName": "LA75", "values": [128, 101, 74], "isMain": false}, {"quality": "Less is better", "metricName": "LGA50", "values": [null, 52, 35], "isMain": false}, {"quality": "Less is better", "metricName": "LGA75", "values": [null, 117, 77], "isMain": false}]], ["Predicted genes", []], ["Reference statistics", [{"quality": "Equal", "metricName": "Reference length", "values": [4033464, 4033464, 4033464], "isMain": false}, {"quality": "Equal", "metricName": "Reference GC (%)", "values": ["47.49", "47.49", "47.49"], "isMain": false}, {"quality": "Equal", "metricName": "Reference genes", "values": [3693, 3693, 3693], "isMain": false}, {"quality": "Equal", "metricName": "Reference operons", "values": [0, 0, 0], "isMain": false}]]], "minContig": 500, "assembliesNames": ["1_Cabog7", "1_Cabog8", "2_GAGE-B"]}