{"date":"16 April 2014, Wednesday, 02:09:55","report":[["Statistics without reference",[{"values":[87],"quality":"Less is better","isMain":true,"metricName":"# contigs"},{"values":[617],"quality":"Less is better","isMain":false,"metricName":"# contigs (>= 0 bp)"},{"values":[82],"quality":"Less is better","isMain":false,"metricName":"# contigs (>= 1000 bp)"},{"values":[430487],"quality":"More is better","isMain":true,"metricName":"Largest contig"},{"values":[5380960],"quality":"More is better","isMain":true,"metricName":"Total length"},{"values":[5431491],"quality":"More is better","isMain":false,"metricName":"Total length (>= 0 bp)"},{"values":[5376981],"quality":"More is better","isMain":false,"metricName":"Total length (>= 1000 bp)"},{"values":[130570],"quality":"More is better","isMain":true,"metricName":"N50"},{"values":[69698],"quality":"More is better","isMain":false,"metricName":"N75"},{"values":[12],"quality":"Less is better","isMain":false,"metricName":"L50"},{"values":[26],"quality":"Less is better","isMain":false,"metricName":"L75"},{"values":["35.30"],"quality":"Equal","isMain":false,"metricName":"GC (%)"}]],["Misassemblies",[]],["Unaligned",[{"values":[87],"quality":"Less is better","isMain":false,"metricName":"# fully unaligned contigs"},{"values":[5380960],"quality":"Less is better","isMain":false,"metricName":"Fully unaligned length"}]],["Mismatches",[{"values":[5511],"quality":"Less is better","isMain":false,"metricName":"# N's"},{"values":["102.42"],"quality":"Less is better","isMain":true,"metricName":"# N's per 100 kbp"}]],["Genome statistics",[{"values":[135613],"quality":"More is better","isMain":false,"metricName":"NG50"},{"values":[96174],"quality":"More is better","isMain":false,"metricName":"NG75"},{"values":[10],"quality":"Less is better","isMain":false,"metricName":"LG50"},{"values":[20],"quality":"Less is better","isMain":false,"metricName":"LG75"}]],["Predicted genes",[]],["Reference statistics",[{"values":[4744448],"quality":"Equal","isMain":false,"metricName":"Reference length"},{"values":["61.55"],"quality":"Equal","isMain":false,"metricName":"Reference GC (%)"}]]],"minContig":500,"assembliesNames":["dataset_497.dat"]}