{"ref_genes_number": 0, "genes_in_contigs": {"203_BC-H-Velvet-Scaffold broken": [0, 2, 0, 1, 0, 0, 0, 0, 0, 10, 0, 0, 0, 0, 2, 0, 3, 0, 2, 5, 0, 0, 0, 0, 0, 0, 0, 0, 1, 0, 0, 1, 0, 4, 0, 0, 0, 0, 0, 0, 0, 0, 0, 0, 0, 0, 0, 0, 0, 0, 0, 0, 0, 0, 0, 0, 0, 0, 0, 0, 0, 0, 0, 0, 0, 0, 0, 0, 0, 0, 0, 0, 0, 0, 0, 0, 0, 0, 0, 0, 0, 0, 1, 0, 0, 0, 0, 0, 6, 0, 0, 0, 0, 0, 0, 0, 0, 0, 0, 0, 0, 1, 0, 0, 0, 0, 0, 0, 0, 0, 0, 0, 0, 0, 0, 0, 0, 0, 0, 0, 0, 0, 0, 0, 0, 0, 0, 0, 0, 0, 0, 0, 0, 0, 0, 0, 0, 0, 0, 0, 0, 0, 0, 0, 0, 0, 0, 0, 0, 0, 0, 0, 0, 0, 0, 0, 0, 0, 0, 0, 0, 0, 0, 0, 0, 0, 0, 0, 0, 0, 0, 0, 0, 1, 0, 0, 0, 0, 0, 0, 0, 0, 0, 0, 0, 0, 0, 0, 0, 0, 0, 0, 1, 0, 0, 0, 0, 0, 0, 0, 0, 0, 0, 0, 0, 0, 0, 0, 0, 0, 0, 0, 0, 0, 0, 0, 0, 0, 0, 0, 0, 0, 0, 0, 0, 0, 0, 0, 0, 1, 0, 0, 0, 0, 0, 0, 0, 0, 0, 0, 0, 0, 0, 0, 0, 0, 0, 0, 0, 0, 0, 0, 0, 0, 0, 0, 0, 0, 0, 0, 0, 0, 0, 0, 0, 0, 0, 0, 0, 0, 0, 0, 0, 0, 0, 0, 0, 0, 0, 0, 4, 0], "203_BC-H-Msrca-Scaffold": [0, 2, 10, 13, 5, 0, 0, 0, 10, 0, 0, 1, 0, 0, 0, 0, 3, 5, 0, 0, 1, 0, 0, 0, 0, 2, 0, 0, 3, 0, 11, 0, 0, 0, 0, 0, 0, 0, 0, 0, 0, 0, 0, 0, 0, 0, 0, 0, 0, 0, 0, 0, 0, 0, 0, 0, 0, 0, 0, 0, 0, 0, 0, 0, 0, 0, 0, 0, 0, 0, 19, 0, 0, 0, 0, 0, 0, 0, 1, 0, 0, 0, 0, 0, 0, 0, 0, 0, 0, 0, 0, 0, 0, 0, 0, 0, 0, 0, 0, 0, 0, 0, 0, 1, 0, 0, 0, 0, 0, 0, 0, 0, 0, 0, 0, 0, 0, 0, 0, 0, 0, 0, 0, 0, 0, 0, 0, 0, 0, 0, 0, 0, 0, 0, 0, 0, 0, 0, 1, 0, 1, 0, 0, 1, 0, 0, 0, 0, 0, 0, 0, 0, 0, 0, 0, 0, 0, 0, 0, 0, 11, 0, 0, 0, 4, 0, 0, 0, 0, 0, 0, 0, 0, 9, 0, 0, 0, 0, 0, 0, 0, 0, 0, 2, 0, 0, 0, 0, 0, 0, 0, 0, 0, 0, 0, 0, 0, 0, 0, 0, 0, 0, 0, 0, 0, 0], "203_BC-H-Abyss-Scaffold": [0, 2, 10, 1, 3, 0, 3, 0, 0, 0, 0, 17, 0, 0, 0, 0, 0, 0, 0, 0, 0, 0, 0, 0, 2, 0, 0, 0, 5, 0, 2, 2, 1, 0, 0, 2, 0, 0, 0, 0, 17, 0, 0, 0, 0, 0, 0, 0, 0, 0, 0, 0, 0, 0, 0, 0, 0, 0, 0, 0, 0, 0, 0, 0, 0, 0, 0, 0, 0, 0, 0, 0, 0, 0, 0, 0, 0, 0, 0, 0, 0, 0, 0, 0, 0, 0, 0, 0, 0, 0, 0, 0, 0, 0, 0, 0, 0, 0, 2, 0, 0, 0, 0, 0, 0, 0, 0, 0, 0, 0, 0, 0, 0, 0, 0, 0, 0, 0, 0, 0, 0, 0, 0, 0, 0, 0, 0, 0, 0, 0, 0, 0, 0, 0, 0, 0, 0, 0, 0, 0, 0, 0, 0, 0, 0, 0, 0, 0, 0, 0, 0, 0, 0, 0, 0, 0, 0, 0, 0, 0, 0, 0, 0, 0, 0, 0, 0, 0, 0, 0, 0, 0, 0, 0, 0, 0, 0, 0, 0, 0, 0, 0, 0, 0, 0, 0, 0, 0, 0, 0, 0, 0, 0, 0, 0, 0, 0, 0, 0, 0, 0, 0, 0, 0, 0, 0, 0, 0, 0, 0, 0, 1, 0, 0, 0, 0, 0, 0, 0, 0, 0, 0, 0, 0, 0, 0, 0, 0, 0, 0, 0, 0, 0, 0, 0, 0, 0, 0, 0, 0, 0, 0, 0, 0, 0, 0, 0, 0, 0, 0, 0, 0, 0, 0, 0, 0, 0, 0, 0, 0, 0, 0, 0, 0, 0, 0, 0, 0, 0, 0, 0, 0, 0, 0, 0, 0, 0, 0, 0, 0, 0, 13, 0, 0, 0, 0, 0, 0, 0, 0, 0, 0, 0, 0, 0, 0, 0, 0, 8, 0, 0, 0, 0, 0, 3, 4, 0, 0, 0, 0, 0, 0, 0, 0, 0, 0, 0, 0, 0, 0, 0, 0, 0, 0, 0, 0, 0, 0, 0, 0, 3, 0, 0, 0, 0, 0, 0, 0, 0, 1, 0], "203_BC-H-Sga-Scaffold": [0, 0, 0, 0, 0, 0, 2, 0, 0, 0, 0, 0, 0, 0, 0, 0, 0, 0, 0, 0, 0, 0, 0, 0, 0, 0, 0, 0, 0, 0, 0, 0, 0, 0, 0, 0, 0, 0, 0, 0, 0, 0, 0, 0, 0, 0, 0, 0, 0, 0, 0, 0, 0, 0, 0, 0, 0, 0, 0, 0, 0, 0, 0, 0, 0, 0, 0, 0, 0, 0, 0, 0, 0, 0, 0, 0, 0, 0, 0, 0, 0, 0, 0, 0, 0, 0, 0, 0, 0, 0, 0, 0, 0, 0, 0, 0, 0, 0, 0, 0, 0, 0, 0, 0, 0, 0, 0, 0, 0, 0, 0, 0, 0, 0, 0, 0, 0, 0, 0, 0, 0, 0, 0, 0, 0, 0, 0, 0, 0, 0, 0, 0, 0, 0, 0, 0, 0, 0, 0, 0, 0, 0, 0, 0, 0, 0, 0, 0, 0, 0, 0, 0, 0, 0, 1, 0, 0, 0, 0, 0, 0, 0, 0, 0, 0, 0, 0, 0, 0, 0, 0, 0, 0, 0, 0, 0, 0, 0, 0, 0, 0, 0, 0, 0, 0, 0, 0, 0, 0, 0, 0, 0, 0, 0, 0, 0, 0, 0, 0, 0, 0, 0, 0, 0, 0, 0, 0, 0, 0, 0, 0, 0, 0, 0, 0, 0, 0, 0, 0, 0, 0, 0, 0, 0, 0, 0, 0, 0, 0, 0, 0, 0, 0, 0, 0, 0, 0, 0, 0, 0, 0, 0, 0, 0, 0, 0, 0, 0, 0, 0, 0, 0, 0, 0, 0, 0, 0, 0, 0, 0, 0, 0, 0, 0, 0, 0, 0, 0, 0, 0, 0, 0, 0, 0, 0, 0, 0, 0, 0, 0, 0, 0, 0], "203_BC-H-Spades-Scaffold broken": [2, 0, 10, 1, 0, 0, 4, 0, 0, 0, 3, 0, 0, 0, 0, 0, 1, 0, 0, 0, 0, 0, 2, 2, 0, 0, 0, 0, 5, 0, 0, 1, 2, 3, 0, 9, 1, 1, 0, 9, 0, 0, 0, 0, 0, 0, 0, 0, 0, 0, 0, 0, 0, 0, 0, 0, 0, 0, 0, 0, 0, 0, 0, 0, 0, 0, 0, 0, 0, 0, 0, 0, 3, 0, 2, 1, 0, 0, 0, 0, 0, 0, 0, 0, 0, 0, 0, 0, 0, 0, 0, 0, 0, 0, 0, 0, 0, 0, 0, 0, 0, 0, 0, 0, 0, 0, 0, 0, 0, 0, 0, 0, 0, 0, 0, 0, 0, 0, 0, 1, 0, 0, 0, 0, 0, 0, 0, 0, 0, 0, 0, 0, 0, 0, 0, 0, 0, 0, 0, 0, 0, 0, 0, 0, 0, 0, 0, 0, 0, 0, 0, 0, 0, 0, 0, 0, 0, 0, 0, 0, 0, 0, 0, 0, 0, 0, 0, 0, 0, 0, 0, 1, 0, 0, 0, 7, 0, 0, 0, 0, 3, 0, 0, 0, 0, 0, 0, 0, 0, 0, 0, 0, 0, 0, 0, 0, 0, 0, 0, 2, 0, 3, 5, 0, 0, 0, 0, 0, 0, 0, 5, 0, 0, 0, 0, 0, 4, 0, 0, 0, 0, 0, 0, 0, 0, 0, 0, 0, 0, 0, 0, 0, 0, 0, 0, 0, 0, 0, 0, 0, 0, 0, 0, 0, 2, 0, 0, 0, 0], "203_BC-H-Velvet-Scaffold": [0, 2, 0, 0, 0, 1, 0, 0, 0, 0, 10, 0, 0, 0, 0, 2, 0, 3, 0, 2, 5, 0, 0, 0, 0, 0, 0, 1, 0, 1, 0, 4, 0, 0, 0, 0, 0, 0, 0, 0, 0, 0, 0, 0, 0, 0, 0, 0, 0, 0, 0, 0, 0, 0, 0, 0, 0, 0, 0, 0, 0, 0, 0, 0, 0, 0, 0, 0, 0, 0, 0, 0, 0, 0, 0, 0, 0, 0, 0, 1, 0, 5, 1, 0, 0, 0, 0, 0, 0, 0, 0, 0, 0, 0, 0, 0, 0, 0, 0, 0, 0, 0, 0, 0, 0, 0, 0, 0, 0, 0, 0, 0, 0, 0, 0, 0, 0, 0, 0, 0, 0, 0, 0, 0, 0, 0, 0, 0, 0, 0, 0, 0, 0, 0, 0, 0, 0, 0, 0, 0, 0, 0, 0, 0, 0, 0, 0, 0, 0, 0, 0, 0, 0, 0, 0, 0, 0, 0, 0, 0, 0, 0, 0, 1, 0, 0, 0, 0, 0, 0, 0, 0, 0, 0, 0, 0, 0, 0, 0, 1, 0, 0, 0, 0, 0, 0, 0, 0, 0, 0, 0, 0, 0, 0, 0, 0, 0, 0, 0, 0, 0, 0, 0, 0, 0, 0, 0, 0, 0, 0, 1, 0, 0, 0, 0, 0, 0, 0, 0, 0, 0, 0, 0, 0, 0, 0, 0, 0, 0, 0, 0, 0, 0, 0, 0, 0, 5, 0, 0, 0, 0, 0, 0, 0, 0, 0, 0, 0, 0, 0, 0, 0, 0], "203_BC-H-Soap-Scaffold broken": [0, 10, 0, 0, 0, 2, 1, 0, 5, 2, 0, 0, 1, 0, 0, 0, 0, 0, 0, 0, 0, 0, 0, 2, 0, 0, 0, 0, 0, 0, 0, 2, 0, 0, 1, 0, 0, 0, 0, 0, 0, 0, 0, 0, 0, 0, 0, 0, 3, 0, 0, 0, 0, 0, 0, 0, 0, 0, 0, 0, 0, 0, 0, 0, 0, 0, 0, 0, 0, 0, 0, 0, 0, 0, 0, 0, 0, 0, 0, 0, 0, 0, 0, 0, 0, 0, 0, 0, 0, 0, 0, 0, 0, 0, 0, 0, 0, 1, 0, 0, 1, 0, 0, 0, 0, 0, 0, 0, 0, 0, 0, 0, 0, 0, 0, 0, 0, 0, 0, 0, 0, 0, 0, 0, 0, 0, 0, 0, 0, 0, 0, 0, 0, 0, 0, 0, 0, 0, 0, 0, 0, 0, 0, 0, 0, 0, 0, 0, 0, 0, 0, 0, 0, 0, 0, 0, 0, 0, 0, 0, 0, 0, 0, 0, 0, 0, 0, 0, 0, 0, 0, 1, 0, 0, 0, 0, 0, 0, 0, 0, 0, 0, 0, 0, 0, 0, 0, 0, 0, 0, 0, 0, 0, 0, 0, 0, 0, 0, 0, 0, 0, 0, 0, 0, 0, 0, 0, 0, 0, 0, 0, 0, 0, 0, 0, 0, 0, 0, 0, 0, 0, 0, 0, 0, 0, 5, 0, 0, 0, 0, 0, 0, 0, 0, 0, 0, 0, 0, 0, 0, 0, 0, 0, 0, 0, 0, 0, 0, 0, 0, 0, 0, 0, 0, 0, 5, 0, 0, 0, 0, 0, 0, 0, 0, 4, 0, 0, 0, 0, 0, 3], "203_BC-H-Cabog-Scaffold broken": [0, 2, 0, 1, 0, 2, 0, 0, 0, 0, 0, 0, 0, 0, 0, 0, 0, 2, 0, 0, 0, 0, 27, 0, 5, 1, 0, 0, 0, 6, 0, 0, 2, 0, 0, 0, 0, 2, 0, 1, 3, 0, 0, 0, 0, 0, 0, 0, 0, 0, 0, 0, 0, 0, 0, 0, 0, 0, 0, 0, 0, 0, 0, 0, 0, 0, 0, 0, 0, 0, 0, 0, 0, 0, 0, 0, 0, 0, 0, 0, 0, 0, 0, 0, 0, 0, 0, 0, 0, 0, 0, 0, 0, 0, 0, 0, 0, 0, 0, 0, 0, 0, 0, 0, 0, 0, 0, 0, 0, 0, 0, 0, 0, 0, 0, 0, 0, 0, 0, 0, 0, 0, 0, 0, 0, 0, 0, 0, 0, 0, 0, 0, 0, 0, 0, 0, 0, 0, 0, 0, 0, 0, 0, 0, 0, 2, 0, 0, 1, 0, 0, 2, 0, 0, 0, 0, 0, 0, 0, 0, 0, 0, 0], "203_BC-H-Sga-Scaffold broken": [0, 0, 0, 0, 0, 0, 0, 0, 0, 0, 0, 0, 0, 0, 0, 0, 0, 0, 0, 0, 0, 0, 0, 0, 0, 0, 0, 0, 0, 0, 0, 0, 0, 0, 0, 0, 0, 0, 0, 0, 0, 0, 0, 0, 0, 0, 0, 0, 0, 0, 0, 0, 0, 0, 0, 0, 0, 0, 0, 0, 0, 0, 0, 0, 0, 0, 0, 0, 0, 0, 0, 0, 0, 0, 0, 0, 0, 0, 0, 0, 0, 0, 0, 0, 0, 0, 0, 0, 0, 0, 0, 0, 0, 0, 0, 0, 0, 0, 0, 0, 0, 0, 0, 0, 0, 0, 0, 0, 0, 0, 0, 0, 0, 0, 0, 0, 0, 0, 0, 0, 0, 0, 0, 0, 0, 0, 0, 0, 0, 0, 0, 0, 0, 0, 0, 0, 0, 0, 0, 0, 0, 0, 0, 0, 2, 0, 0, 0, 0, 0, 0, 0, 0, 0, 0, 0, 0, 1, 0, 0, 0, 0, 0, 0, 0, 0, 0, 0, 0, 0, 0, 0, 0, 0, 0, 0, 0, 0, 0, 0, 0, 0, 0, 0, 0, 0, 0, 0, 0, 0, 0, 0, 0, 0, 0, 0, 0, 0, 0, 0, 0, 0, 0, 0, 0, 0, 0, 0, 0, 0, 0, 0, 0, 0, 0, 0, 0, 0, 0, 0, 0, 0, 0, 0, 0, 0, 0, 0, 0, 0, 0, 0, 0, 0, 0, 0, 0, 0, 0, 0, 0, 0, 0, 0, 0, 0, 0, 0, 0, 0, 0, 0, 0, 0, 0, 0, 0, 0, 0, 0, 0, 0, 0, 0, 0, 0, 0, 0, 0, 0, 0, 0, 0, 0, 0, 0, 0, 0, 0, 0, 0, 0, 0, 0, 0, 0, 0, 0, 0, 0, 0, 0], "203_BC-H-Cabog-Scaffold": [0, 2, 0, 1, 4, 0, 2, 0, 0, 0, 0, 0, 0, 0, 0, 0, 0, 2, 0, 0, 0, 0, 0, 27, 0, 5, 0, 0, 6, 0, 0, 2, 0, 0, 0, 0, 2, 0, 1, 0, 0, 0, 0, 0, 0, 0, 0, 0, 0, 0, 0, 0, 0, 0, 0, 0, 0, 0, 0, 0, 0, 0, 0, 0, 0, 0, 0, 0, 0, 0, 0, 0, 0, 0, 0, 0, 0, 0, 0, 0, 0, 0, 0, 0, 0, 0, 0, 0, 0, 0, 0, 0, 0, 0, 0, 0, 0, 0, 0, 0, 0, 0, 0, 0, 0, 0, 0, 0, 0, 0, 0, 0, 0, 0, 0, 0, 0, 0, 0, 0, 0, 0, 0, 0, 0, 0, 0, 0, 0, 0, 0, 0, 0, 2, 0, 0, 1, 0, 0, 2, 0, 0, 0, 0, 0, 0, 0, 0, 0, 0], "203_BC-H-Spades-Scaffold": [2, 0, 10, 1, 0, 0, 4, 0, 0, 0, 3, 0, 0, 0, 0, 0, 1, 0, 0, 0, 0, 0, 2, 2, 0, 0, 0, 0, 5, 0, 0, 1, 2, 3, 0, 9, 1, 1, 0, 9, 0, 0, 0, 0, 0, 0, 0, 0, 0, 0, 0, 0, 0, 0, 0, 0, 0, 0, 0, 0, 0, 0, 0, 0, 0, 0, 0, 0, 0, 0, 0, 0, 3, 0, 2, 1, 0, 0, 0, 0, 0, 0, 0, 0, 0, 0, 0, 0, 0, 0, 0, 0, 0, 0, 0, 0, 0, 0, 0, 0, 0, 0, 0, 0, 0, 0, 0, 0, 0, 0, 0, 0, 0, 0, 0, 0, 0, 0, 0, 1, 0, 0, 0, 0, 0, 0, 0, 0, 0, 0, 0, 0, 0, 0, 0, 0, 0, 0, 0, 0, 0, 0, 0, 0, 0, 0, 0, 0, 0, 0, 0, 0, 0, 0, 0, 0, 0, 0, 0, 0, 0, 0, 0, 0, 0, 0, 0, 0, 0, 0, 0, 1, 0, 0, 0, 7, 0, 0, 0, 0, 3, 0, 0, 0, 0, 0, 0, 0, 0, 0, 0, 0, 0, 0, 0, 0, 0, 0, 0, 2, 0, 3, 5, 0, 0, 0, 0, 0, 0, 0, 5, 0, 0, 0, 0, 0, 4, 0, 0, 0, 0, 0, 0, 0, 0, 0, 0, 0, 0, 0, 0, 0, 0, 0, 0, 0, 0, 0, 0, 0, 0, 0, 0, 0, 2, 0, 0, 0, 0], "203_BC-H-Soap-Scaffold": [0, 10, 0, 0, 0, 2, 1, 0, 5, 2, 0, 0, 1, 0, 0, 0, 0, 0, 0, 0, 0, 0, 0, 2, 0, 0, 0, 0, 0, 0, 0, 2, 0, 0, 1, 0, 0, 0, 0, 0, 0, 0, 0, 0, 0, 0, 0, 0, 3, 0, 0, 0, 0, 0, 0, 0, 0, 0, 0, 0, 0, 0, 0, 0, 0, 0, 0, 0, 0, 0, 0, 0, 0, 0, 0, 0, 0, 0, 0, 0, 0, 0, 0, 0, 0, 0, 0, 0, 0, 0, 0, 0, 0, 0, 0, 0, 0, 1, 0, 0, 1, 0, 0, 0, 0, 0, 0, 0, 0, 0, 0, 0, 0, 0, 0, 0, 0, 0, 0, 0, 0, 0, 0, 0, 0, 0, 0, 0, 0, 0, 0, 0, 0, 0, 0, 0, 0, 0, 0, 0, 0, 0, 0, 0, 0, 0, 0, 0, 0, 0, 0, 0, 0, 0, 0, 0, 0, 0, 0, 0, 0, 0, 0, 0, 0, 0, 0, 0, 0, 0, 0, 1, 0, 0, 0, 0, 0, 0, 0, 0, 0, 0, 0, 0, 0, 0, 0, 0, 0, 0, 0, 0, 0, 0, 0, 0, 0, 0, 0, 0, 0, 0, 0, 0, 0, 0, 0, 0, 0, 0, 0, 0, 0, 0, 0, 0, 0, 0, 0, 0, 0, 0, 0, 0, 0, 5, 0, 0, 0, 0, 0, 0, 0, 0, 0, 0, 0, 0, 0, 0, 0, 0, 0, 0, 0, 0, 0, 0, 0, 0, 0, 0, 0, 0, 0, 5, 0, 0, 0, 0, 0, 0, 0, 0, 4, 0, 0, 0, 0, 0, 3], "203_BC-H-Msrca-Scaffold broken": [0, 2, 10, 13, 0, 0, 0, 10, 0, 0, 1, 3, 0, 0, 0, 0, 3, 5, 2, 0, 0, 1, 0, 0, 0, 0, 2, 0, 0, 3, 0, 11, 0, 0, 0, 0, 0, 0, 0, 0, 0, 0, 0, 0, 0, 0, 0, 0, 0, 0, 0, 0, 0, 0, 0, 0, 0, 0, 0, 0, 0, 0, 0, 0, 0, 0, 0, 0, 0, 0, 0, 19, 0, 0, 0, 0, 0, 0, 0, 1, 0, 0, 0, 0, 0, 0, 0, 0, 0, 0, 0, 0, 0, 0, 0, 0, 0, 0, 0, 0, 0, 0, 0, 0, 1, 0, 0, 0, 0, 0, 0, 0, 0, 0, 0, 0, 0, 0, 0, 0, 0, 0, 0, 0, 0, 0, 0, 0, 0, 0, 0, 0, 0, 0, 0, 0, 0, 0, 0, 0, 0, 1, 0, 1, 0, 0, 1, 0, 0, 0, 0, 0, 0, 0, 0, 0, 0, 0, 0, 0, 0, 0, 11, 0, 0, 0, 0, 0, 0, 0, 0, 0, 0, 0, 0, 9, 0, 0, 0, 0, 0, 0, 0, 0, 0, 0, 0, 2, 0, 0, 0, 0, 0, 0, 0, 0, 0, 0, 0, 0, 0, 0, 0, 0, 0, 0, 0, 0, 0, 0], "203_BC-H-Abyss-Scaffold broken": [0, 2, 10, 1, 0, 3, 0, 0, 0, 2, 1, 0, 0, 0, 0, 0, 0, 0, 0, 0, 0, 0, 0, 0, 0, 0, 2, 0, 0, 0, 5, 0, 0, 2, 2, 1, 0, 0, 4, 0, 0, 0, 0, 19, 0, 0, 0, 0, 0, 0, 0, 0, 0, 0, 0, 0, 0, 0, 0, 0, 0, 0, 0, 0, 0, 0, 0, 0, 6, 0, 0, 0, 0, 0, 0, 0, 0, 0, 0, 0, 0, 0, 0, 0, 0, 0, 0, 0, 0, 0, 0, 0, 0, 0, 0, 0, 0, 0, 0, 0, 0, 0, 0, 0, 0, 2, 0, 0, 0, 0, 0, 0, 0, 0, 0, 0, 0, 0, 0, 0, 0, 0, 0, 0, 0, 0, 0, 0, 0, 0, 0, 0, 0, 0, 0, 0, 0, 0, 0, 0, 0, 0, 0, 0, 0, 0, 0, 0, 0, 0, 0, 0, 0, 0, 0, 0, 0, 0, 0, 0, 0, 0, 0, 0, 0, 0, 0, 0, 0, 0, 0, 0, 0, 0, 0, 0, 0, 0, 0, 0, 0, 0, 0, 0, 0, 0, 0, 0, 0, 0, 0, 0, 0, 0, 0, 0, 0, 0, 0, 0, 0, 0, 0, 0, 0, 0, 0, 0, 0, 0, 0, 0, 0, 0, 0, 0, 0, 0, 1, 0, 0, 0, 0, 0, 0, 0, 0, 0, 0, 0, 0, 0, 0, 0, 0, 0, 0, 0, 0, 0, 0, 0, 1, 0, 0, 0, 0, 0, 0, 0, 0, 0, 0, 0, 0, 0, 0, 0, 0, 0, 0, 0, 0, 0, 0, 0, 0, 0, 0, 0, 0, 0, 0, 0, 0, 0, 0, 0, 0, 0, 0, 0, 0, 0, 0, 0, 0, 0, 13, 0, 0, 0, 0, 0, 0, 0, 0, 0, 0, 0, 0, 0, 0, 0, 0, 0, 0, 0, 0, 0, 7, 0, 0, 0, 3, 7, 0, 0, 0, 0, 0, 0, 0, 0, 0, 0, 2, 0, 0, 0, 0, 0, 0, 0, 0, 0, 0, 0, 0, 0, 0, 0, 0, 3, 0, 0, 0, 0, 0, 0, 0, 1, 0], "205_BC-M-Abyss-Scaffold broken": [269, 231, 135, 112, 122, 120, 107, 102, 98, 90, 94, 99, 82, 74, 99, 90, 97, 61, 91, 69, 60, 62, 58, 70, 71, 66, 54, 55, 58, 67, 62, 57, 65, 69, 57, 67, 57, 55, 59, 48, 50, 48, 58, 54, 52, 44, 44, 44, 48, 47, 39, 46, 46, 43, 44, 35, 28, 39, 32, 37, 33, 48, 27, 28, 31, 30, 30, 27, 37, 28, 35, 28, 29, 27, 29, 28, 32, 25, 39, 23, 25, 23, 24, 29, 19, 18, 15, 21, 20, 22, 17, 27, 15, 17, 19, 21, 11, 17, 17, 21, 15, 18, 19, 17, 15, 16, 10, 22, 4, 11, 9, 14, 15, 15, 10, 9, 9, 8, 8, 8, 8, 8, 9, 4, 12, 10, 9, 5, 2, 8, 8, 6, 5, 2, 2, 5, 0, 5, 4, 7, 3, 4, 3, 0, 4, 2, 4, 4, 3, 0, 2, 2, 2, 0, 0, 0, 1, 1, 0, 0, 1, 0, 0, 0, 0, 2, 0, 0, 0, 0, 0, 0, 0, 0], "205_BC-M-Velvet-Scaffold broken": [87, 91, 102, 75, 63, 62, 65, 77, 62, 53, 63, 70, 57, 64, 70, 58, 52, 52, 52, 49, 38, 46, 39, 39, 44, 34, 45, 34, 43, 44, 37, 44, 41, 40, 35, 35, 28, 35, 32, 32, 28, 30, 26, 28, 34, 32, 38, 33, 40, 29, 28, 31, 24, 28, 28, 24, 32, 32, 33, 32, 28, 20, 25, 28, 22, 35, 24, 24, 30, 32, 26, 24, 24, 24, 23, 22, 25, 22, 26, 18, 32, 22, 23, 20, 18, 21, 20, 19, 20, 25, 21, 22, 20, 17, 21, 20, 28, 22, 22, 17, 22, 21, 25, 22, 19, 15, 23, 18, 21, 15, 16, 18, 12, 15, 18, 21, 18, 15, 20, 14, 14, 22, 16, 20, 18, 14, 13, 13, 10, 17, 10, 16, 21, 23, 13, 13, 11, 11, 15, 17, 9, 12, 17, 16, 16, 15, 5, 14, 12, 11, 11, 10, 14, 11, 10, 10, 13, 15, 10, 12, 9, 12, 6, 9, 12, 9, 9, 14, 12, 14, 9, 10, 14, 8, 12, 11, 12, 12, 12, 15, 10, 14, 10, 9, 11, 12, 8, 8, 11, 7, 5, 7, 8, 8, 7, 12, 8, 5, 8, 7, 8, 12, 8, 8, 4, 12, 7, 7, 7, 7, 7, 12, 7, 8, 8, 7, 8, 7, 7, 9, 9, 6, 7, 6, 7, 5, 7, 6, 4, 6, 8, 5, 5, 2, 0, 6, 7, 8, 8, 2, 7, 4, 4, 4, 7, 5, 8, 5, 6, 5, 4, 7, 3, 6, 8, 4, 6, 2, 4, 3, 4, 3, 3, 3, 3, 3, 4, 6, 5, 3, 3, 3, 4, 4, 3, 4, 3, 8, 4, 1, 3, 2, 6, 6, 4, 3, 3, 3, 2, 3, 0, 1, 5, 3, 5, 2, 6, 1, 4, 3, 2, 1, 2, 5, 4, 1, 3, 1, 0, 1, 0, 2, 1, 1, 0, 0, 1, 1, 3, 1, 2, 3, 2, 4, 1, 0, 1, 1, 2, 2, 1, 1, 0, 1, 2, 0, 1, 2, 2, 1, 0, 0, 0, 0, 1, 0, 0, 2, 0, 1, 1, 0, 1, 1, 0, 0, 2, 6, 1, 0, 0, 6, 1, 0, 0, 0, 0, 0, 1, 0, 0, 0, 0], "205_BC-M-Sga-Scaffold broken": [104, 96, 91, 97, 58, 62, 54, 64, 62, 63, 67, 56, 46, 60, 56, 50, 53, 52, 48, 44, 53, 48, 48, 40, 46, 44, 57, 39, 45, 41, 43, 46, 39, 44, 39, 44, 35, 40, 45, 35, 31, 50, 34, 41, 44, 40, 30, 35, 36, 28, 33, 41, 37, 33, 40, 27, 43, 27, 34, 29, 27, 32, 32, 28, 25, 18, 29, 24, 32, 26, 24, 24, 24, 23, 30, 29, 30, 24, 25, 22, 25, 16, 20, 20, 22, 18, 16, 22, 21, 30, 20, 21, 18, 19, 18, 15, 15, 20, 27, 22, 21, 20, 21, 17, 26, 22, 18, 25, 19, 22, 14, 25, 15, 19, 22, 21, 17, 15, 21, 16, 13, 19, 16, 22, 14, 16, 19, 17, 17, 17, 13, 14, 13, 16, 19, 15, 15, 17, 15, 15, 13, 16, 14, 11, 15, 11, 16, 16, 14, 13, 14, 10, 11, 17, 12, 12, 14, 19, 13, 10, 11, 9, 14, 12, 11, 7, 16, 13, 14, 11, 8, 16, 10, 13, 12, 14, 8, 10, 11, 12, 4, 8, 11, 8, 8, 9, 11, 8, 12, 8, 4, 11, 6, 7, 12, 9, 14, 7, 9, 6, 7, 8, 7, 7, 8, 8, 6, 8, 10, 7, 9, 7, 5, 5, 7, 8, 5, 2, 4, 8, 0, 9, 9, 6, 4, 5, 8, 7, 6, 8, 5, 5, 5, 4, 6, 5, 5, 7, 6, 4, 5, 4, 8, 4, 3, 6, 6, 4, 5, 4, 3, 3, 3, 5, 4, 3, 4, 5, 3, 3, 4, 2, 3, 4, 2, 2, 2, 2, 2, 5, 4, 3, 1, 3, 2, 3, 2, 3, 3, 0, 2, 4, 3, 1, 1, 2, 2, 2, 1, 0, 3, 1, 1, 2, 4, 0, 2, 1, 0, 2, 0, 0, 2, 1, 1, 0, 0, 2, 1, 0, 0, 0, 0, 0, 0, 0, 8, 0, 0, 0, 0, 0, 0, 5, 0, 0, 0, 0, 0, 5, 0, 0, 0, 0, 0, 0, 0, 0, 0, 3, 0], "205_BC-M-Sga-Scaffold": [104, 96, 91, 97, 58, 62, 54, 64, 62, 63, 67, 56, 46, 60, 56, 50, 53, 52, 48, 44, 53, 48, 48, 40, 46, 44, 57, 39, 45, 41, 43, 46, 39, 44, 39, 44, 35, 40, 45, 35, 31, 50, 34, 41, 44, 40, 30, 35, 36, 28, 33, 41, 37, 33, 40, 27, 43, 27, 34, 29, 27, 32, 32, 28, 25, 18, 29, 24, 32, 26, 24, 24, 24, 23, 30, 29, 30, 24, 25, 22, 25, 16, 20, 20, 22, 18, 16, 22, 21, 30, 20, 21, 18, 19, 18, 15, 15, 20, 27, 22, 21, 20, 21, 17, 26, 22, 18, 25, 19, 22, 14, 25, 15, 19, 22, 21, 17, 15, 21, 16, 13, 19, 16, 22, 14, 16, 19, 17, 17, 17, 13, 14, 13, 16, 19, 15, 15, 17, 15, 15, 13, 16, 14, 11, 15, 11, 16, 16, 14, 13, 14, 10, 11, 17, 12, 12, 14, 19, 13, 10, 11, 9, 14, 12, 11, 7, 16, 13, 14, 11, 8, 16, 10, 13, 12, 14, 8, 10, 11, 12, 4, 8, 11, 8, 8, 9, 11, 8, 12, 8, 4, 11, 6, 7, 12, 9, 14, 7, 9, 6, 7, 8, 7, 7, 8, 8, 6, 8, 10, 7, 9, 7, 5, 5, 7, 8, 5, 2, 4, 8, 0, 9, 9, 6, 4, 5, 8, 7, 6, 8, 5, 5, 5, 4, 6, 5, 5, 7, 6, 4, 5, 4, 8, 4, 3, 6, 6, 4, 5, 4, 3, 3, 3, 5, 4, 3, 4, 5, 3, 3, 4, 2, 3, 4, 2, 2, 2, 2, 2, 5, 4, 3, 1, 3, 2, 3, 2, 3, 3, 0, 2, 4, 3, 1, 1, 2, 2, 2, 1, 0, 3, 1, 1, 2, 4, 0, 2, 1, 0, 2, 0, 0, 2, 1, 1, 0, 0, 2, 1, 0, 0, 0, 0, 0, 0, 0, 8, 0, 0, 0, 0, 0, 0, 5, 0, 0, 0, 0, 0, 5, 0, 0, 0, 0, 0, 0, 0, 0, 0, 3, 0], "205_BC-M-Abyss-Scaffold": [464, 467, 318, 317, 276, 269, 216, 208, 146, 130, 150, 132, 146, 134, 131, 118, 110, 120, 117, 112, 95, 84, 91, 73, 94, 62, 59, 71, 75, 73, 57, 52, 50, 55, 53, 54, 48, 46, 40, 47, 35, 40, 23, 30, 35, 29, 27, 25, 25, 15, 20, 11, 17, 15, 20, 18, 16, 10, 7, 4, 9, 9, 5, 4, 2, 0, 0, 4, 0, 4, 0, 0, 0, 0], "205_BC-M-Soap-Scaffold": [1324, 782, 520, 506, 276, 242, 214, 198, 207, 130, 131, 109, 129, 93, 90, 73, 72, 82, 85, 74, 53, 48, 45, 45, 43, 24, 38, 27, 17, 18, 27, 25, 18, 19, 8, 7, 9, 7, 5, 3, 2, 3, 0, 1, 1, 2, 0, 0, 6, 0, 2, 0, 3, 0, 0, 0], "205_BC-M-Soap-Scaffold broken": [782, 676, 647, 506, 396, 276, 214, 198, 207, 141, 109, 124, 129, 105, 93, 101, 72, 90, 73, 72, 82, 85, 74, 58, 53, 48, 45, 45, 43, 24, 38, 27, 17, 18, 27, 25, 25, 18, 19, 8, 7, 9, 7, 5, 3, 2, 3, 0, 1, 1, 2, 0, 0, 0, 2, 0, 6, 3, 0, 0, 0], "205_BC-M-Cabog-Scaffold broken": [269, 263, 271, 244, 267, 265, 264, 235, 192, 167, 200, 166, 169, 156, 154, 146, 159, 133, 131, 103, 94, 86, 93, 94, 91, 74, 97, 85, 76, 56, 60, 70, 57, 55, 63, 61, 59, 51, 49, 45, 56, 37, 28, 29, 20, 32, 25, 27, 22, 19, 24, 20, 15, 18, 17, 13, 19, 16, 12, 15, 11, 12, 9, 15, 7, 11, 4, 5, 6, 5, 5, 2, 4, 0, 3, 0, 1], "205_BC-M-Velvet-Scaffold": [966, 755, 421, 370, 266, 250, 209, 220, 213, 154, 151, 125, 120, 90, 69, 82, 66, 64, 62, 71, 66, 60, 64, 47, 48, 52, 52, 33, 25, 33, 33, 28, 28, 28, 25, 20, 15, 20, 17, 10, 21, 11, 14, 11, 14, 12, 8, 9, 5, 7, 12, 6, 8, 5, 5, 3, 1, 5, 2, 1, 0, 3, 0, 1, 2, 0, 0, 0, 0, 1, 2, 6, 0, 5, 0, 0, 0, 0], "205_BC-M-Spades-Scaffold": [569, 521, 492, 416, 361, 310, 238, 216, 213, 208, 206, 145, 162, 130, 140, 137, 128, 130, 95, 102, 73, 77, 73, 71, 69, 75, 56, 58, 54, 51, 44, 46, 39, 43, 28, 15, 25, 21, 23, 19, 10, 4, 2, 0, 2, 5, 4, 0, 0, 0, 0, 0, 1, 0, 0, 0, 0, 0, 0, 0, 0, 0, 0, 0, 0, 1, 5, 0, 0, 4, 4, 0, 0], "205_BC-M-Spades-Scaffold broken": [569, 492, 397, 310, 238, 216, 213, 225, 208, 191, 206, 199, 162, 145, 162, 130, 140, 137, 124, 128, 130, 95, 102, 73, 77, 73, 71, 69, 56, 70, 58, 50, 51, 44, 46, 39, 43, 28, 15, 25, 21, 23, 19, 10, 4, 2, 4, 0, 2, 5, 4, 0, 0, 3, 0, 0, 0, 1, 0, 0, 0, 0, 0, 0, 0, 0, 0, 0, 0, 0, 1, 5, 0, 0, 4, 4, 0, 0], "205_BC-M-Msrca-Scaffold broken": [857, 679, 524, 459, 385, 253, 240, 216, 245, 213, 192, 190, 207, 146, 160, 122, 94, 107, 73, 76, 55, 51, 46, 52, 43, 25, 30, 19, 27, 25, 24, 15, 24, 20, 15, 11, 4, 5, 6, 1, 1, 0, 0, 0, 10, 0, 0, 0, 1, 0, 0, 0, 0, 5, 3, 0, 0, 0, 0, 0, 0, 5, 0, 0, 0, 0, 0, 0], "205_BC-M-Cabog-Scaffold": [1330, 830, 463, 494, 328, 278, 308, 261, 213, 207, 146, 133, 131, 122, 94, 90, 74, 58, 76, 61, 55, 44, 30, 28, 17, 24, 20, 15, 12, 11, 5, 6, 0], "205_BC-M-Msrca-Scaffold": [1329, 857, 524, 385, 279, 240, 237, 216, 245, 213, 219, 207, 160, 122, 122, 94, 76, 55, 51, 46, 52, 25, 30, 18, 27, 24, 15, 24, 20, 11, 4, 5, 6, 1, 1, 0, 14, 0, 0, 0, 0, 0, 1, 0, 0, 0, 0, 4, 0, 0, 0, 0, 0, 0, 5, 0, 0, 0, 0, 0, 0]}, "filenames": ["203_BC-H-Abyss-Scaffold broken", "203_BC-H-Abyss-Scaffold", "203_BC-H-Cabog-Scaffold broken", "203_BC-H-Cabog-Scaffold", "203_BC-H-Msrca-Scaffold broken", "203_BC-H-Msrca-Scaffold", "203_BC-H-Sga-Scaffold broken", "203_BC-H-Sga-Scaffold", "203_BC-H-Soap-Scaffold broken", "203_BC-H-Soap-Scaffold", "203_BC-H-Spades-Scaffold broken", "203_BC-H-Spades-Scaffold", "203_BC-H-Velvet-Scaffold broken", "203_BC-H-Velvet-Scaffold", "205_BC-M-Abyss-Scaffold broken", "205_BC-M-Abyss-Scaffold", "205_BC-M-Cabog-Scaffold broken", "205_BC-M-Cabog-Scaffold", "205_BC-M-Msrca-Scaffold broken", "205_BC-M-Msrca-Scaffold", "205_BC-M-Sga-Scaffold broken", "205_BC-M-Sga-Scaffold", "205_BC-M-Soap-Scaffold broken", "205_BC-M-Soap-Scaffold", "205_BC-M-Spades-Scaffold broken", "205_BC-M-Spades-Scaffold", "205_BC-M-Velvet-Scaffold broken", "205_BC-M-Velvet-Scaffold"]}