{"date":"03 May 2014, Saturday, 00:05:13","report":[["Statistics without reference",[{"values":[353,341],"quality":"Less is better","isMain":true,"metricName":"# contigs"},{"values":[864,822],"quality":"Less is better","isMain":false,"metricName":"# contigs (>= 0 bp)"},{"values":[312,302],"quality":"Less is better","isMain":false,"metricName":"# contigs (>= 1000 bp)"},{"values":[257581,257581],"quality":"More is better","isMain":true,"metricName":"Largest contig"},{"values":[5801552,5810521],"quality":"More is better","isMain":true,"metricName":"Total length"},{"values":[5873796,5875896],"quality":"More is better","isMain":false,"metricName":"Total length (>= 0 bp)"},{"values":[5774294,5784758],"quality":"More is better","isMain":false,"metricName":"Total length (>= 1000 bp)"},{"values":[47088,48439],"quality":"More is better","isMain":true,"metricName":"N50"},{"values":[20272,20272],"quality":"More is better","isMain":false,"metricName":"N75"},{"values":[37,32],"quality":"Less is better","isMain":false,"metricName":"L50"},{"values":[87,81],"quality":"Less is better","isMain":false,"metricName":"L75"},{"values":["35.20","35.21"],"quality":"Equal","isMain":false,"metricName":"GC (%)"}]],["Misassemblies",[]],["Unaligned",[{"values":[353,341],"quality":"Less is better","isMain":false,"metricName":"# fully unaligned contigs"},{"values":[5801552,5810521],"quality":"Less is better","isMain":false,"metricName":"Fully unaligned length"}]],["Mismatches",[{"values":[0,1950],"quality":"Less is better","isMain":false,"metricName":"# N's"},{"values":["0.00","33.56"],"quality":"Less is better","isMain":true,"metricName":"# N's per 100 kbp"}]],["Genome statistics",[{"values":[58375,59856],"quality":"More is better","isMain":false,"metricName":"NG50"},{"values":[30554,33009],"quality":"More is better","isMain":false,"metricName":"NG75"},{"values":[26,22],"quality":"Less is better","isMain":false,"metricName":"LG50"},{"values":[55,48],"quality":"Less is better","isMain":false,"metricName":"LG75"}]],["Predicted genes",[]],["Reference statistics",[{"values":[4744448,4744448],"quality":"Equal","isMain":false,"metricName":"Reference length"},{"values":["61.55","61.55"],"quality":"Equal","isMain":false,"metricName":"Reference GC (%)"}]]],"minContig":500,"assembliesNames":["dataset_592.dat broken","dataset_592.dat"]}