{"date":"04 May 2014, Sunday, 21:41:24","report":[["Statistics without reference",[{"values":[54],"quality":"Less is better","isMain":true,"metricName":"# contigs"},{"values":[174],"quality":"Less is better","isMain":false,"metricName":"# contigs (>= 0 bp)"},{"values":[52],"quality":"Less is better","isMain":false,"metricName":"# contigs (>= 1000 bp)"},{"values":[654090],"quality":"More is better","isMain":true,"metricName":"Largest contig"},{"values":[4969260],"quality":"More is better","isMain":true,"metricName":"Total length"},{"values":[4985428],"quality":"More is better","isMain":false,"metricName":"Total length (>= 0 bp)"},{"values":[4967717],"quality":"More is better","isMain":false,"metricName":"Total length (>= 1000 bp)"},{"values":[237457],"quality":"More is better","isMain":true,"metricName":"N50"},{"values":[121603],"quality":"More is better","isMain":false,"metricName":"N75"},{"values":[7],"quality":"Less is better","isMain":false,"metricName":"L50"},{"values":[15],"quality":"Less is better","isMain":false,"metricName":"L75"},{"values":["61.53"],"quality":"Equal","isMain":false,"metricName":"GC (%)"}]],["Misassemblies",[]],["Unaligned",[{"values":[54],"quality":"Less is better","isMain":false,"metricName":"# fully unaligned contigs"},{"values":[4969260],"quality":"Less is better","isMain":false,"metricName":"Fully unaligned length"}]],["Mismatches",[{"values":[91],"quality":"Less is better","isMain":false,"metricName":"# N's"},{"values":["1.83"],"quality":"Less is better","isMain":true,"metricName":"# N's per 100 kbp"}]],["Genome statistics",[{"values":[168818],"quality":"More is better","isMain":false,"metricName":"NG50"},{"values":[118790],"quality":"More is better","isMain":false,"metricName":"NG75"},{"values":[8],"quality":"Less is better","isMain":false,"metricName":"LG50"},{"values":[17],"quality":"Less is better","isMain":false,"metricName":"LG75"}]],["Predicted genes",[]],["Reference statistics",[{"values":[5224283],"quality":"Equal","isMain":false,"metricName":"Reference length"},{"values":["35.58"],"quality":"Equal","isMain":false,"metricName":"Reference GC (%)"}]]],"minContig":500,"assembliesNames":["cabog"]}