Assembly	cabog broken	cabog
# contigs (>= 0 bp)	167	158
# contigs (>= 1000 bp)	47	43
Total length (>= 0 bp)	4983575	4984065
Total length (>= 1000 bp)	4966849	4968254
# contigs	48	45
Total length	4967765	4969781
Largest contig	654090	654090
Reference length	5224283	5224283
GC (%)	61.54	61.53
Reference GC (%)	35.58	35.58
N50	237457	268392
NG50	237457	244971
N75	122207	137136
NG75	114887	128961
L50	7	6
LG50	7	7
L75	15	13
LG75	17	15
# unaligned contigs	48 + 0 part	45 + 0 part
Unaligned contigs length	4967765	4969781
# N's per 100 kbp	0.02	9.88
