{"date":"02 May 2014, Friday, 22:19:59","report":[["Statistics without reference",[{"values":[341],"quality":"Less is better","isMain":true,"metricName":"# contigs"},{"values":[822],"quality":"Less is better","isMain":false,"metricName":"# contigs (>= 0 bp)"},{"values":[302],"quality":"Less is better","isMain":false,"metricName":"# contigs (>= 1000 bp)"},{"values":[257581],"quality":"More is better","isMain":true,"metricName":"Largest contig"},{"values":[5810521],"quality":"More is better","isMain":true,"metricName":"Total length"},{"values":[5875896],"quality":"More is better","isMain":false,"metricName":"Total length (>= 0 bp)"},{"values":[5784758],"quality":"More is better","isMain":false,"metricName":"Total length (>= 1000 bp)"},{"values":[48439],"quality":"More is better","isMain":true,"metricName":"N50"},{"values":[20272],"quality":"More is better","isMain":false,"metricName":"N75"},{"values":[32],"quality":"Less is better","isMain":false,"metricName":"L50"},{"values":[81],"quality":"Less is better","isMain":false,"metricName":"L75"},{"values":["35.21"],"quality":"Equal","isMain":false,"metricName":"GC (%)"}]],["Misassemblies",[]],["Unaligned",[{"values":[341],"quality":"Less is better","isMain":false,"metricName":"# fully unaligned contigs"},{"values":[5810521],"quality":"Less is better","isMain":false,"metricName":"Fully unaligned length"}]],["Mismatches",[{"values":[1950],"quality":"Less is better","isMain":false,"metricName":"# N's"},{"values":["33.56"],"quality":"Less is better","isMain":true,"metricName":"# N's per 100 kbp"}]],["Genome statistics",[{"values":[51700],"quality":"More is better","isMain":false,"metricName":"NG50"},{"values":[23238],"quality":"More is better","isMain":false,"metricName":"NG75"},{"values":[27],"quality":"Less is better","isMain":false,"metricName":"LG50"},{"values":[65],"quality":"Less is better","isMain":false,"metricName":"LG75"}]],["Predicted genes",[]],["Reference statistics",[{"values":[5373121],"quality":"Equal","isMain":false,"metricName":"Reference length"},{"values":["43.42"],"quality":"Equal","isMain":false,"metricName":"Reference GC (%)"}]]],"minContig":500,"assembliesNames":["dataset_592.dat"]}