{"date":"08 July 2014, Tuesday, 16:57:01","report":[["Statistics without reference",[{"values":[48,45,94,37,28,26,138,138,32,32,40,40,53,30],"quality":"Less is better","isMain":true,"metricName":"# contigs"},{"values":[48,45,94,37,28,26,138,138,32,32,40,40,53,30],"quality":"Less is better","isMain":false,"metricName":"# contigs (>= 500 bp)"},{"values":[47,43,81,37,25,23,131,131,28,28,31,31,51,28],"quality":"Less is better","isMain":false,"metricName":"# contigs (>= 1000 bp)"},{"values":[654090,654090,710684,712801,1124684,1124684,199964,199964,656756,656756,703652,703652,526254,803895],"quality":"More is better","isMain":true,"metricName":"Largest contig"},{"values":[4967765,4969781,5004541,5010956,4914380,4914420,4864352,4864352,4889068,4889068,4928940,4928940,4886581,4888113],"quality":"More is better","isMain":true,"metricName":"Total length"},{"values":[4967765,4969781,5004541,5010956,4914380,4914420,4864352,4864352,4889068,4889068,4928940,4928940,4886581,4888113],"quality":"More is better","isMain":false,"metricName":"Total length (>= 500 bp)"},{"values":[4966849,4968254,4994206,5010956,4912397,4912437,4859624,4859624,4886477,4886477,4922634,4922634,4884654,4886186],"quality":"More is better","isMain":false,"metricName":"Total length (>= 1000 bp)"},{"values":[237457,268392,278382,278382,828647,862315,67129,67129,334435,334435,379681,379681,180361,301388],"quality":"More is better","isMain":true,"metricName":"N50"},{"values":[122207,137136,133236,189722,235264,245339,39052,39052,230185,230185,230049,230049,93861,229873],"quality":"More is better","isMain":false,"metricName":"N75"},{"values":[7,6,6,6,3,3,25,25,5,5,5,5,9,5],"quality":"Less is better","isMain":false,"metricName":"L50"},{"values":[15,13,12,11,7,6,49,49,9,9,9,9,18,9],"quality":"Less is better","isMain":false,"metricName":"L75"},{"values":["61.54","61.53","61.60","61.60","61.61","61.61","61.63","61.63","61.61","61.61","61.54","61.54","61.61","61.61"],"quality":"Equal","isMain":false,"metricName":"GC (%)"}]],["Misassemblies",[{"values":[0,1,2,2,2,2,3,3,0,0,1,1,0,0],"quality":"Less is better","isMain":true,"metricName":"# misassemblies"},{"values":[0,1,2,2,2,2,3,3,0,0,1,1,0,0],"quality":"Less is better","isMain":false,"metricName":"    # relocations"},{"values":[0,0,0,0,0,0,0,0,0,0,0,0,0,0],"quality":"Less is better","isMain":false,"metricName":"    # translocations"},{"values":[0,0,0,0,0,0,0,0,0,0,0,0,0,0],"quality":"Less is better","isMain":false,"metricName":"    # inversions"},{"values":[0,1,2,2,2,2,3,3,0,0,1,1,0,0],"quality":"Less is better","isMain":false,"metricName":"# misassembled contigs"},{"values":[0,2772,28456,28456,3104,3104,131784,131784,0,0,579,579,0,0],"quality":"Less is better","isMain":true,"metricName":"Misassembled contigs length"},{"values":[0,0,1,1,0,0,9,9,1,1,0,0,0,0],"quality":"Less is better","isMain":false,"metricName":"# local misassemblies"}]],["Unaligned",[{"values":[9,9,40,10,2,1,65,65,6,6,11,11,10,6],"quality":"Less is better","isMain":false,"metricName":"# fully unaligned contigs"},{"values":[149288,118023,349640,216953,3606,755,1234045,1234045,112057,112057,11304,11304,159840,95927],"quality":"Less is better","isMain":false,"metricName":"Fully unaligned length"},{"values":[31,28,32,25,21,20,61,61,19,19,21,21,39,20],"quality":"Less is better","isMain":false,"metricName":"# partially unaligned contigs"},{"values":[23,21,20,20,14,13,25,25,17,17,17,17,27,18],"quality":"Less is better","isMain":false,"metricName":"    # with misassembly"},{"values":[28,26,24,22,18,17,45,45,17,17,20,20,34,20],"quality":"Less is better","isMain":false,"metricName":"    # both parts are significant"},{"values":[4083435,4122327,3915649,4091281,4252760,4255654,2821686,2821686,4082606,4082606,4184535,4184535,4023562,4104819],"quality":"Less is better","isMain":false,"metricName":"Partially unaligned length"}]],["Mismatches",[{"values":[1253,1060,5044,2084,1575,1575,17245,17245,1534,1534,953,953,2248,1528],"quality":"Less is better","isMain":false,"metricName":"# mismatches"},{"values":[50,46,186,104,61,61,694,694,53,53,36,36,74,48],"quality":"Less is better","isMain":false,"metricName":"# indels"},{"values":[63,61,275,150,88,88,1084,1084,69,69,49,49,108,64],"quality":"Less is better","isMain":false,"metricName":"Indels length"},{"values":["2894.83","2698.92","3837.64","4041.34","3634.39","3634.39","4147.71","4147.71","3651.42","3651.42","2956.05","2956.05","3648.52","3612.72"],"quality":"Less is better","isMain":true,"metricName":"# mismatches per 100 kbp"},{"values":["115.52","117.12","141.51","201.68","140.76","140.76","166.92","166.92","126.16","126.16","111.67","111.67","120.10","113.49"],"quality":"Less is better","isMain":true,"metricName":"# indels per 100 kbp"},{"values":[49,45,181,102,60,60,666,666,52,52,35,35,73,47],"quality":"Less is better","isMain":false,"metricName":"    # short indels (<= 5 bp)"},{"values":[1,1,5,2,1,1,28,28,1,1,1,1,1,1],"quality":"Less is better","isMain":false,"metricName":"    # long indels (> 5 bp)"},{"values":[1,491,0,1586,0,40,0,0,10,10,63,63,0,1128],"quality":"Less is better","isMain":false,"metricName":"# N's"},{"values":["0.02","9.88","0.00","31.65","0.00","0.81","0.00","0.00","0.20","0.20","1.28","1.28","0.00","23.08"],"quality":"Less is better","isMain":true,"metricName":"# N's per 100 kbp"}]],["Genome statistics",[{"values":["15.006","14.876","14.751","14.450","13.728","13.730","15.814","15.814","14.613","14.613","15.085","15.085","14.808","14.477"],"quality":"More is better","isMain":true,"metricName":"Genome fraction (%)"},{"values":["1.032","1.033","1.056","1.025","1.010","1.010","1.078","1.078","1.002","1.002","1.024","1.024","1.001","1.001"],"quality":"Less is better","isMain":true,"metricName":"Duplication ratio"},{"values":["606 + 66 part","603 + 65 part","598 + 73 part","592 + 67 part","565 + 66 part","566 + 66 part","623 + 75 part","623 + 75 part","598 + 64 part","598 + 64 part","613 + 62 part","613 + 62 part","606 + 61 part","592 + 57 part"],"quality":"More is better","isMain":true,"metricName":"# genes"},{"values":[52419,52419,52397,52397,52419,52419,52419,52419,52419,52419,52419,52419,52419,52419],"quality":"More is better","isMain":false,"metricName":"Largest alignment"},{"values":[244971,268392,278382,278382,828647,862315,68839,68839,334435,334435,491198,491198,184389,335956],"quality":"More is better","isMain":false,"metricName":"NG50"},{"values":[128961,137898,156215,207147,245339,245339,40005,40005,230185,230185,237931,237931,104748,229873],"quality":"More is better","isMain":false,"metricName":"NG75"},{"values":[6,6,6,6,3,3,24,24,5,5,4,4,8,4],"quality":"Less is better","isMain":false,"metricName":"LG50"},{"values":[14,12,11,10,6,6,47,47,9,9,8,8,17,9],"quality":"Less is better","isMain":false,"metricName":"LG75"}]],["Predicted genes",[]],["Reference statistics",[{"values":[4744448,4744448,4744448,4744448,4744448,4744448,4744448,4744448,4744448,4744448,4744448,4744448,4744448,4744448],"quality":"Equal","isMain":false,"metricName":"Reference length"},{"values":["61.55","61.55","61.55","61.55","61.55","61.55","61.55","61.55","61.55","61.55","61.55","61.55","61.55","61.55"],"quality":"Equal","isMain":false,"metricName":"Reference GC (%)"},{"values":[4284,4284,4284,4284,4284,4284,4284,4284,4284,4284,4284,4284,4284,4284],"quality":"Equal","isMain":false,"metricName":"Reference genes"},{"values":[0,0,0,0,0,0,0,0,0,0,0,0,0,0],"quality":"Equal","isMain":false,"metricName":"Reference operons"}]]],"minContig":500,"assembliesNames":["AH-H-Abyss-Scaffold broken","AH-H-Abyss-Scaffold","AH-H-Cabog-Scaffold broken","AH-H-Cabog-Scaffold","AH-H-Msrca-Scaffold broken","AH-H-Msrca-Scaffold","AH-H-Sga-Scaffold broken","AH-H-Sga-Scaffold","AH-H-Soap-Scaffold broken","AH-H-Soap-Scaffold","AH-H-Spades-Scaffold broken","AH-H-Spades-Scaffold","AH-H-Velvet-Scaffold broken","AH-H-Velvet-Scaffold"]}