{"date":"05 May 2014, Monday, 01:57:59","report":[["Statistics without reference",[{"values":[153,136,89,89,138,136,204,204,141,138,153,153,156,139],"quality":"Less is better","isMain":true,"metricName":"# contigs"},{"values":[2369,2334,189,89,155,153,264,264,2028,2017,446,446,258,240],"quality":"Less is better","isMain":false,"metricName":"# contigs (>= 0 bp)"},{"values":[134,121,89,89,99,98,189,189,130,124,115,115,134,119],"quality":"Less is better","isMain":false,"metricName":"# contigs (>= 1000 bp)"},{"values":[245883,245883,312406,312406,322669,322669,132038,132038,196882,199467,312376,312376,307295,378254],"quality":"More is better","isMain":true,"metricName":"Largest contig"},{"values":[4913108,4919065,4836665,4889348,4928115,4928155,4773017,4773017,4902322,4905519,4971534,4971534,4889453,4893641],"quality":"More is better","isMain":true,"metricName":"Total length"},{"values":[5085735,5087518,4848222,4889348,4935414,4935454,4790600,4790600,5187646,5188513,5013482,5013482,4913541,4917523],"quality":"More is better","isMain":false,"metricName":"Total length (>= 0 bp)"},{"values":[4900200,4908662,4836665,4889348,4901466,4902255,4762794,4762794,4894700,4895994,4942981,4942981,4874782,4880270],"quality":"More is better","isMain":false,"metricName":"Total length (>= 1000 bp)"},{"values":[89864,94163,107676,105803,117883,117883,49072,49072,87840,91216,117467,117467,83025,105255],"quality":"More is better","isMain":true,"metricName":"N50"},{"values":[45155,55842,55276,58882,61875,61875,24538,24538,43199,43762,63036,63036,42656,50296],"quality":"More is better","isMain":false,"metricName":"N75"},{"values":[20,19,16,17,15,15,35,35,20,19,16,16,20,16],"quality":"Less is better","isMain":false,"metricName":"L50"},{"values":[40,36,32,32,30,30,69,69,40,38,30,30,40,33],"quality":"Less is better","isMain":false,"metricName":"L75"},{"values":["65.09","65.09","65.19","65.18","65.08","65.08","65.24","65.24","65.12","65.12","65.04","65.04","65.12","65.12"],"quality":"Equal","isMain":false,"metricName":"GC (%)"}]],["Misassemblies",[{"values":[2,0,1,1,0,0,6,6,1,1,0,0,0,0],"quality":"Less is better","isMain":true,"metricName":"# misassemblies"},{"values":[2,0,1,1,0,0,6,6,1,1,0,0,0,0],"quality":"Less is better","isMain":false,"metricName":"    # relocations"},{"values":[0,0,0,0,0,0,0,0,0,0,0,0,0,0],"quality":"Less is better","isMain":false,"metricName":"    # translocations"},{"values":[0,0,0,0,0,0,0,0,0,0,0,0,0,0],"quality":"Less is better","isMain":false,"metricName":"    # inversions"},{"values":[1,0,1,1,0,0,5,5,1,1,0,0,0,0],"quality":"Less is better","isMain":false,"metricName":"# misassembled contigs"},{"values":[60758,0,18508,18508,0,0,256146,256146,21883,21883,0,0,0,0],"quality":"Less is better","isMain":true,"metricName":"Misassembled contigs length"},{"values":[14,9,6,6,7,7,22,22,9,9,8,8,12,14],"quality":"Less is better","isMain":false,"metricName":"# local misassemblies"}]],["Unaligned",[{"values":[87,78,38,37,91,90,98,98,73,73,106,106,90,84],"quality":"Less is better","isMain":false,"metricName":"# fully unaligned contigs"},{"values":[810600,744801,622667,616468,712073,712093,1372641,1372641,876707,859613,740599,740599,908932,805331],"quality":"Less is better","isMain":false,"metricName":"Fully unaligned length"},{"values":[57,50,46,47,42,41,82,82,56,53,41,41,55,46],"quality":"Less is better","isMain":false,"metricName":"# partially unaligned contigs"},{"values":[31,30,32,33,30,30,25,25,35,35,30,30,35,33],"quality":"Less is better","isMain":false,"metricName":"    # with misassembly"},{"values":[51,46,44,44,41,41,63,63,53,50,39,39,52,44],"quality":"Less is better","isMain":false,"metricName":"    # both parts are significant"},{"values":[2951035,3076589,3160024,3218110,3139397,3139417,2178453,2178453,2935401,2955692,3147412,3147412,2893059,2999383],"quality":"Less is better","isMain":false,"metricName":"Partially unaligned length"}]],["Mismatches",[{"values":[15970,12842,9845,9350,10183,10082,30335,30335,12372,11109,9276,9276,12158,10887],"quality":"Less is better","isMain":false,"metricName":"# mismatches"},{"values":[804,607,415,410,474,471,1102,1102,438,387,323,323,551,442],"quality":"Less is better","isMain":false,"metricName":"# indels"},{"values":[1032,794,649,642,609,606,1572,1572,664,572,498,498,762,644],"quality":"Less is better","isMain":false,"metricName":"Indels length"},{"values":["4032.85","4068.10","4068.20","4038.48","4176.56","4172.96","4117.37","4117.37","4011.93","3958.89","4049.19","4049.19","3994.56","3975.93"],"quality":"Less is better","isMain":true,"metricName":"# mismatches per 100 kbp"},{"values":["203.03","192.29","171.49","177.09","194.41","194.95","149.57","149.57","142.03","137.91","141.00","141.00","181.03","161.42"],"quality":"Less is better","isMain":true,"metricName":"# indels per 100 kbp"},{"values":[793,599,407,402,468,465,1076,1076,426,378,315,315,542,433],"quality":"Less is better","isMain":false,"metricName":"    # short indels (<= 5 bp)"},{"values":[11,8,8,8,6,6,26,26,12,9,8,8,9,9],"quality":"Less is better","isMain":false,"metricName":"    # long indels (> 5 bp)"},{"values":[14,1697,0,41126,0,40,0,0,33,900,237,237,0,3982],"quality":"Less is better","isMain":false,"metricName":"# N's"},{"values":["0.28","34.50","0.00","841.13","0.00","0.81","0.00","0.00","0.67","18.35","4.77","4.77","0.00","81.37"],"quality":"Less is better","isMain":true,"metricName":"# N's per 100 kbp"}]],["Genome statistics",[{"values":["20.453","20.333","19.597","19.609","20.064","20.064","21.305","21.305","20.283","20.283","20.181","20.181","19.899","19.906"],"quality":"More is better","isMain":true,"metricName":"Genome fraction (%)"},{"values":["1.133","1.087","1.083","1.083","1.080","1.080","1.155","1.155","1.082","1.082","1.081","1.081","1.100","1.101"],"quality":"Less is better","isMain":true,"metricName":"Duplication ratio"},{"values":["811 + 78 part","809 + 77 part","774 + 78 part","774 + 79 part","795 + 70 part","795 + 70 part","834 + 95 part","834 + 95 part","803 + 87 part","803 + 87 part","801 + 77 part","801 + 77 part","784 + 81 part","783 + 83 part"],"quality":"More is better","isMain":true,"metricName":"# genes"},{"values":[46289,46289,46286,46286,46289,46289,48600,48600,46289,46289,46289,46289,46289,46289],"quality":"More is better","isMain":false,"metricName":"Largest alignment"},{"values":[89864,94163,105803,105803,117883,117883,47829,47829,87840,91216,117467,117467,83025,105255],"quality":"More is better","isMain":false,"metricName":"NG50"},{"values":[44031,55842,52143,55276,61875,61875,21743,21743,42700,43199,63036,63036,41763,47847],"quality":"More is better","isMain":false,"metricName":"NG75"},{"values":[20,19,17,17,15,15,37,37,20,19,16,16,20,16],"quality":"Less is better","isMain":false,"metricName":"LG50"},{"values":[41,36,34,33,30,30,76,76,42,39,30,30,42,34],"quality":"Less is better","isMain":false,"metricName":"LG75"}]],["Predicted genes",[]],["Reference statistics",[{"values":[4967469,4967469,4967469,4967469,4967469,4967469,4967469,4967469,4967469,4967469,4967469,4967469,4967469,4967469],"quality":"Equal","isMain":false,"metricName":"Reference length"},{"values":["64.92","64.92","64.92","64.92","64.92","64.92","64.92","64.92","64.92","64.92","64.92","64.92","64.92","64.92"],"quality":"Equal","isMain":false,"metricName":"Reference GC (%)"},{"values":[4262,4262,4262,4262,4262,4262,4262,4262,4262,4262,4262,4262,4262,4262],"quality":"Equal","isMain":false,"metricName":"Reference genes"},{"values":[0,0,0,0,0,0,0,0,0,0,0,0,0,0],"quality":"Equal","isMain":false,"metricName":"Reference operons"}]]],"minContig":500,"assembliesNames":["XA-H-Abyss-Scaffold broken","XA-H-Abyss-Scaffold","XA-H-Cabog-Scaffold broken","XA-H-Cabog-Scaffold","XA-H-Msrca-Scaffold broken","XA-H-Msrca-Scaffold","XA-H-Sga-Scaffold broken","XA-H-Sga-Scaffold","XA-H-Soap-Scaffold broken","XA-H-Soap-Scaffold","XA-H-Spades-Scaffold broken","XA-H-Spades-Scaffold","XA-H-Velvet-Scaffold broken","XA-H-Velvet-Scaffold"]}