{"date": "09 July 2014, Wednesday, 00:23:54", "report": [["Statistics without reference", [{"quality": "Less is better", "metricName": "# contigs", "values": [54, 94, 118, 28, 144, 41, 47, 53, 374, 163, 610, 210, 567, 284, 252, 282], "isMain": true}, {"quality": "Less is better", "metricName": "# contigs (>= 200 bp)", "values": [75, 105, 1049, 32, 207, 62, 312, 65, 472, 164, 677, 250, 967, 412, 1043, 377], "isMain": false}, {"quality": "Less is better", "metricName": "# contigs (>= 1000 bp)", "values": [52, 81, 58, 25, 132, 36, 38, 51, 325, 163, 437, 180, 463, 248, 179, 251], "isMain": false}, {"quality": "More is better", "metricName": "Largest contig", "values": [654090, 710684, 290325, 1124684, 199964, 455879, 592124, 526254, 257581, 387299, 524448, 397830, 108975, 268115, 459337, 267159], "isMain": true}, {"quality": "More is better", "metricName": "Total length", "values": [4969260, 5004541, 4958807, 4914380, 4869935, 4888841, 4929385, 4886581, 5805336, 4796994, 5641826, 5624071, 5471145, 5599263, 5729752, 4966856], "isMain": true}, {"quality": "More is better", "metricName": "Total length (>= 200 bp)", "values": [4975699, 5008564, 5236877, 4915618, 4887335, 4894757, 5008089, 4889792, 5837565, 4797470, 5668940, 5639383, 5588248, 5637793, 5952240, 4993552], "isMain": false}, {"quality": "More is better", "metricName": "Total length (>= 1000 bp)", "values": [4967717, 4994206, 4921055, 4912397, 4862122, 4885465, 4923079, 4884654, 5771919, 4796994, 5517018, 5602907, 5397822, 5573897, 5678972, 4944132], "isMain": false}, {"quality": "More is better", "metricName": "N50", "values": [237457, 278382, 244066, 828647, 67129, 243851, 379681, 180361, 42572, 79405, 43373, 97165, 23397, 57780, 94312, 44126], "isMain": true}, {"quality": "More is better", "metricName": "N75", "values": [121603, 133236, 137773, 235264, 38026, 136903, 129901, 93861, 19054, 31477, 15003, 34913, 10868, 21257, 37419, 20909], "isMain": false}, {"quality": "Less is better", "metricName": "L50", "values": [7, 6, 10, 3, 25, 8, 5, 9, 38, 17, 28, 16, 69, 30, 15, 33], "isMain": false}, {"quality": "Less is better", "metricName": "L75", "values": [15, 12, 16, 7, 50, 15, 12, 18, 92, 43, 85, 40, 155, 74, 38, 74], "isMain": false}, {"quality": "Equal", "metricName": "GC (%)", "values": ["61.53", "61.60", "61.57", "61.61", "61.62", "61.61", "61.54", "61.61", "35.20", "34.96", "35.21", "35.21", "35.18", "35.19", "35.26", "35.48"], "isMain": false}]], ["Misassemblies", [{"quality": "Less is better", "metricName": "# misassemblies", "values": [0, 2, 1, 2, 3, 0, 1, 0, 5, 0, 1, 4, 0, 1, 5, 0], "isMain": true}, {"quality": "Less is better", "metricName": "    # relocations", "values": [0, 2, 1, 2, 3, 0, 1, 0, 5, 0, 1, 4, 0, 1, 5, 0], "isMain": false}, {"quality": "Less is better", "metricName": "    # translocations", "values": [0, 0, 0, 0, 0, 0, 0, 0, 0, 0, 0, 0, 0, 0, 0, 0], "isMain": false}, {"quality": "Less is better", "metricName": "    # inversions", "values": [0, 0, 0, 0, 0, 0, 0, 0, 0, 0, 0, 0, 0, 0, 0, 0], "isMain": false}, {"quality": "Less is better", "metricName": "# misassembled contigs", "values": [0, 2, 1, 2, 3, 0, 1, 0, 4, 0, 1, 3, 0, 1, 5, 0], "isMain": false}, {"quality": "Less is better", "metricName": "Misassembled contigs length", "values": [0, 28456, 19737, 3104, 131784, 0, 579, 0, 3003, 0, 995, 3269, 0, 503, 3725, 0], "isMain": true}, {"quality": "Less is better", "metricName": "# local misassemblies", "values": [0, 1, 3, 0, 9, 0, 0, 0, 2, 0, 0, 1, 0, 1, 0, 0], "isMain": false}]], ["Unaligned", [{"quality": "Less is better", "metricName": "# fully unaligned contigs", "values": [12, 40, 72, 2, 68, 6, 13, 10, 317, 122, 490, 152, 541, 250, 179, 250], "isMain": false}, {"quality": "Less is better", "metricName": "Fully unaligned length", "values": [162641, 349640, 282923, 3606, 1237798, 112057, 46999, 159840, 4185249, 2848290, 3677450, 2963960, 4916800, 4086765, 2603093, 3773534], "isMain": false}, {"quality": "Less is better", "metricName": "# partially unaligned contigs", "values": [34, 32, 36, 21, 61, 28, 26, 39, 42, 41, 70, 50, 26, 31, 55, 27], "isMain": false}, {"quality": "Less is better", "metricName": "    # with misassembly", "values": [25, 20, 25, 14, 25, 23, 20, 27, 9, 10, 13, 17, 2, 7, 17, 4], "isMain": false}, {"quality": "Less is better", "metricName": "    # both parts are significant", "values": [29, 24, 27, 18, 45, 25, 25, 34, 13, 26, 21, 20, 11, 12, 28, 15], "isMain": false}, {"quality": "Less is better", "metricName": "Partially unaligned length", "values": [4071442, 3915649, 3943747, 4252760, 2821686, 4070139, 4145432, 4023562, 1570119, 1908957, 1873594, 2601854, 527612, 1475931, 3056794, 1151206], "isMain": false}]], ["Mismatches", [{"quality": "Less is better", "metricName": "# mismatches", "values": [1049, 5044, 2164, 1575, 17253, 2592, 2011, 2248, 971, 606, 2593, 645, 1041, 824, 722, 1027], "isMain": false}, {"quality": "Less is better", "metricName": "# indels", "values": [44, 186, 95, 61, 694, 92, 75, 74, 60, 53, 90, 46, 31, 30, 55, 35], "isMain": false}, {"quality": "Less is better", "metricName": "Indels length", "values": [59, 275, 139, 88, 1084, 127, 107, 108, 75, 56, 103, 63, 33, 34, 62, 39], "isMain": false}, {"quality": "Less is better", "metricName": "# mismatches per 100 kbp", "values": ["2686.51", "3837.64", "3566.60", "3634.39", "4131.45", "3967.49", "3611.13", "3648.52", "3383.28", "3550.71", "3381.23", "2881.27", "3977.69", "3904.84", "2353.02", "3487.03"], "isMain": true}, {"quality": "Less is better", "metricName": "# indels per 100 kbp", "values": ["112.68", "141.51", "156.57", "140.76", "166.19", "140.82", "134.68", "120.10", "209.06", "310.54", "117.36", "205.49", "118.45", "142.17", "179.25", "118.84"], "isMain": true}, {"quality": "Less is better", "metricName": "    # short indels (<= 5 bp)", "values": [43, 181, 92, 60, 666, 90, 73, 73, 59, 53, 90, 45, 31, 30, 55, 35], "isMain": false}, {"quality": "Less is better", "metricName": "    # long indels (> 5 bp)", "values": [1, 5, 3, 1, 28, 2, 2, 1, 1, 0, 0, 1, 0, 0, 0, 0], "isMain": false}, {"quality": "Less is better", "metricName": "# N's", "values": [91, 0, 209, 0, 0, 0, 63, 0, 0, 0, 256, 0, 0, 0, 919, 0], "isMain": false}, {"quality": "Less is better", "metricName": "# N's per 100 kbp", "values": ["1.83", "0.00", "4.21", "0.00", "0.00", "0.00", "1.28", "0.00", "0.00", "0.00", "4.54", "0.00", "0.00", "0.00", "16.04", "0.00"], "isMain": true}]], ["Genome statistics", [{"quality": "More is better", "metricName": "Genome fraction (%)", "values": ["15.010", "14.751", "15.145", "13.728", "15.852", "14.870", "15.166", "14.808", "0.792", "0.588", "1.555", "0.897", "0.488", "0.656", "1.048", "0.759"], "isMain": true}, {"quality": "Less is better", "metricName": "Duplication ratio", "values": ["1.032", "1.056", "1.021", "1.010", "1.078", "1.002", "1.024", "1.001", "1.163", "1.244", "1.075", "1.198", "1.008", "1.026", "1.229", "1.022"], "isMain": true}, {"quality": "More is better", "metricName": "# genes", "values": ["607 + 66 part", "598 + 73 part", "633 + 64 part", "565 + 66 part", "623 + 77 part", "603 + 67 part", "617 + 62 part", "606 + 61 part", "95 + 11 part", "59 + 14 part", "119 + 77 part", "112 + 23 part", "22 + 6 part", "49 + 4 part", "88 + 24 part", "46 + 7 part"], "isMain": true}, {"quality": "More is better", "metricName": "Largest alignment", "values": [52419, 52397, 52419, 52419, 52419, 52419, 52419, 52419, 9186, 5194, 5197, 9186, 5197, 9186, 9186, 9186], "isMain": false}, {"quality": "More is better", "metricName": "NG50", "values": [237457, 278382, 246249, 828647, 68839, 243851, 379681, 184389, 48302, 61625, 47354, 103595, 23414, 57933, 97169, 38930], "isMain": false}, {"quality": "More is better", "metricName": "NG75", "values": [122207, 156215, 140806, 245339, 40005, 165019, 137987, 104748, 21996, 18467, 18696, 40080, 11069, 23414, 48782, 14779], "isMain": false}, {"quality": "Less is better", "metricName": "LG50", "values": [7, 6, 9, 3, 24, 8, 5, 8, 34, 22, 25, 15, 68, 29, 14, 39], "isMain": false}, {"quality": "Less is better", "metricName": "LG75", "values": [14, 11, 15, 6, 47, 14, 11, 17, 78, 63, 75, 36, 153, 68, 33, 94], "isMain": false}]], ["Predicted genes", []], ["Reference statistics", [{"quality": "Equal", "metricName": "Reference length", "values": [4744448, 4744448, 4744448, 4744448, 4744448, 4744448, 4744448, 4744448, 5432652, 5432652, 5432652, 5432652, 5432652, 5432652, 5432652, 5432652], "isMain": false}, {"quality": "Equal", "metricName": "Reference GC (%)", "values": ["61.55", "61.55", "61.55", "61.55", "61.55", "61.55", "61.55", "61.55", "35.50", "35.50", "35.50", "35.50", "35.50", "35.50", "35.50", "35.50"], "isMain": false}, {"quality": "Equal", "metricName": "Reference genes", "values": [4284, 4284, 4284, 4284, 4284, 4284, 4284, 4284, 6014, 6014, 6014, 6014, 6014, 6014, 6014, 6014], "isMain": false}, {"quality": "Equal", "metricName": "Reference operons", "values": [0, 0, 0, 0, 0, 0, 0, 0, 0, 0, 0, 0, 0, 0, 0, 0], "isMain": false}]]], "minContig": 500, "assembliesNames": ["1_AH-H-Abyss-Contig", "1_AH-H-Cabog-Contig", "1_AH-H-Mira-Contig", "1_AH-H-Msrca-Contig", "1_AH-H-Sga-Contig", "1_AH-H-Soap-Contig", "1_AH-H-Spades-Contig", "1_AH-H-Velvet-Contig", "2_BC-H-Abyss-Contig", "2_BC-H-Cabog-Contig", "2_BC-H-Mira-Contig", "2_BC-H-Msrca-Contig", "2_BC-H-Sga-Contig", "2_BC-H-Soap-Contig", "2_BC-H-Spades-Contig", "2_BC-H-Velvet-Contig"]}