gi|77404693|ref|NC_007489.1|_Rhodobacter_sphaeroides_2.4.1_plasmid_C__complete_sequence	NODE_22_length_73118_cov_65.5718_ID_2169767	NODE_103_length_1143_cov_68.5855_ID_2169725	NODE_37_length_28008_cov_63.6112_ID_2169761	NODE_70_length_3232_cov_43.5911_ID_2169631
gi|552530953|ref|NC_007490.2|_Rhodobacter_sphaeroides_2.4.1_plasmid_D__complete_sequence	NODE_71_length_3177_cov_75.3254_ID_2157125	NODE_41_length_20817_cov_55.2428_ID_2169707	NODE_74_length_2962_cov_80.3708_ID_2169567	NODE_51_length_12505_cov_75.4291_ID_2169777	NODE_78_length_2823_cov_49.2757_ID_2169811	NODE_52_length_12038_cov_73.5761_ID_2169779	NODE_102_length_1143_cov_75.6517_ID_2169723	NODE_63_length_4413_cov_46.321_ID_2169569	NODE_63_length_4413_cov_46.321_ID_2169569	NODE_33_length_34817_cov_147.793_ID_2169721	NODE_69_length_3232_cov_55.8499_ID_2169629
gi|552536492|ref|NC_007494.2|_Rhodobacter_sphaeroides_2.4.1_chromosome_2__complete_sequence	NODE_76_length_2877_cov_41.68_ID_2169549	NODE_10_length_127911_cov_33.3452_ID_2169763	NODE_123_length_682_cov_29.6835_ID_2169663	NODE_127_length_559_cov_26.0337_ID_2169697	NODE_95_length_1491_cov_43.2772_ID_2169531	NODE_35_length_28206_cov_39.3987_ID_2169819	NODE_42_length_20493_cov_35.2368_ID_2169825	NODE_118_length_748_cov_37.5584_ID_2169575	NODE_28_length_47310_cov_71.282_ID_2169547	NODE_3_length_335693_cov_32.9872_ID_2167166	NODE_3_length_335693_cov_32.9872_ID_2167166	NODE_55_length_8087_cov_48.2658_ID_2169789	NODE_59_length_5577_cov_223.509_ID_2169487	NODE_129_length_526_cov_25.5711_ID_2169589	NODE_99_length_1248_cov_33.492_ID_2169641	NODE_67_length_3300_cov_77.9886_ID_2169281	NODE_87_length_2138_cov_21.1349_ID_2169693	NODE_6_length_201460_cov_33.8552_ID_2169773	NODE_6_length_201460_cov_33.8552_ID_2169773	NODE_26_length_51670_cov_42.2861_ID_2169703	NODE_97_length_1275_cov_39.5156_ID_2169529	NODE_119_length_735_cov_45.8838_ID_2169649	NODE_79_length_2802_cov_27.7823_ID_2169799	NODE_46_length_17624_cov_39.6686_ID_2169675	NODE_93_length_1637_cov_49.6991_ID_2169657	NODE_96_length_1492_cov_44.4877_ID_2168443	NODE_88_length_1946_cov_35.4389_ID_2169827	NODE_56_length_7404_cov_34.2351_ID_2169595	NODE_50_length_12844_cov_63.4127_ID_2169719	NODE_47_length_17594_cov_35.071_ID_2169801	NODE_62_length_4429_cov_74.6909_ID_2169759	NODE_104_length_1095_cov_22.0385_ID_2169653	NODE_120_length_734_cov_53.5685_ID_2169537	NODE_37_length_28008_cov_63.6112_ID_2169761	NODE_19_length_74588_cov_34.2888_ID_2169889	NODE_19_length_74588_cov_34.2888_ID_2169889	NODE_109_length_910_cov_32.3965_ID_2169643
gi|552530711|ref|NC_007488.2|_Rhodobacter_sphaeroides_2.4.1_plasmid_B__complete_sequence	NODE_16_length_94340_cov_44.7859_ID_2169765	NODE_43_length_19904_cov_41.2595_ID_2169757
gi|552535527|ref|NC_007493.2|_Rhodobacter_sphaeroides_2.4.1_chromosome_1__complete_sequence	NODE_111_length_829_cov_46.8837_ID_2169539	NODE_108_length_910_cov_25.8129_ID_2169635	NODE_53_length_10504_cov_36.5568_ID_2169677	NODE_21_length_74016_cov_32.3919_ID_2166405	NODE_58_length_6173_cov_32.5499_ID_2164369	NODE_49_length_13556_cov_32.7621_ID_2161925	NODE_17_length_87689_cov_32.3416_ID_2167152	NODE_61_length_4591_cov_28.3812_ID_2169715	NODE_11_length_120562_cov_37.0146_ID_2169687	NODE_40_length_20794_cov_37.3494_ID_2169755	NODE_38_length_27698_cov_33.7004_ID_2169817	NODE_122_length_694_cov_7.89828_ID_2169671	NODE_15_length_109000_cov_33.8551_ID_2169691	NODE_112_length_792_cov_22.8399_ID_2169717	NODE_81_length_2553_cov_43.1065_ID_2169551	NODE_126_length_594_cov_6.34323_ID_2168927	NODE_89_length_1788_cov_34.382_ID_2169535	NODE_57_length_7049_cov_32.3931_ID_2169651	NODE_31_length_37180_cov_68.5546_ID_2169005	NODE_5_length_209988_cov_33.0507_ID_2169829	NODE_100_length_1233_cov_34.6664_ID_2169793	NODE_116_length_759_cov_10.152_ID_2169673	NODE_124_length_617_cov_35.2367_ID_2169581	NODE_23_length_68531_cov_32.4726_ID_2169245	NODE_4_length_261950_cov_32.8819_ID_2169887	NODE_4_length_261950_cov_32.8819_ID_2169887	NODE_18_length_76386_cov_36.1196_ID_2166483	NODE_65_length_3805_cov_29.1371_ID_2169593	NODE_86_length_2381_cov_59.3568_ID_2169533	NODE_66_length_3310_cov_28.4286_ID_2169661	NODE_8_length_133343_cov_33.6375_ID_2169781	NODE_75_length_2893_cov_47.0923_ID_2169553	NODE_32_length_34898_cov_36.2358_ID_2169585	NODE_32_length_34898_cov_36.2358_ID_2169585	NODE_113_length_769_cov_48.8333_ID_2169579	NODE_115_length_764_cov_24.9873_ID_2145877	NODE_94_length_1637_cov_32.423_ID_2169769	NODE_117_length_749_cov_44.2161_ID_2169543	NODE_29_length_43962_cov_39.3775_ID_2163511	NODE_29_length_43962_cov_39.3775_ID_2163511	NODE_27_length_47313_cov_39.8269_ID_2169701	NODE_84_length_2390_cov_21.1383_ID_2167533	NODE_7_length_156114_cov_33.7703_ID_2167175	NODE_24_length_58629_cov_36.5481_ID_2164241	NODE_54_length_8419_cov_34.1386_ID_2159981	NODE_44_length_18732_cov_48.0466_ID_2169689	NODE_90_length_1782_cov_26.3353_ID_2155301	NODE_82_length_2554_cov_23.7029_ID_2169771	NODE_125_length_617_cov_25.9715_ID_2169583	NODE_14_length_110583_cov_34.3347_ID_2169783	NODE_128_length_540_cov_56.9031_ID_2168553	NODE_12_length_119804_cov_34.9905_ID_2169823	NODE_45_length_18605_cov_36.3231_ID_2169559	NODE_13_length_111835_cov_34.0337_ID_2169821	NODE_107_length_910_cov_26.3965_ID_2169633	NODE_30_length_42417_cov_35.5336_ID_2169797	NODE_20_length_74486_cov_29.788_ID_2167168	NODE_20_length_74486_cov_29.788_ID_2167168	NODE_9_length_130248_cov_35.686_ID_2166841	NODE_2_length_348817_cov_36.1979_ID_2169713	NODE_2_length_348817_cov_36.1979_ID_2169713	NODE_1_length_511523_cov_35.8119_ID_1465892	NODE_39_length_21570_cov_42.7494_ID_2169787	NODE_85_length_2390_cov_2.4197_ID_2167535	NODE_101_length_1151_cov_32.5812_ID_2169795	NODE_25_length_52685_cov_36.4735_ID_2169815
gi|125654605|ref|NC_009007.1|_Rhodobacter_sphaeroides_2.4.1_plasmid_A__partial_sequence	NODE_77_length_2852_cov_120.792_ID_2169705	NODE_48_length_14097_cov_68.5009_ID_2169809	NODE_92_length_1647_cov_87.1187_ID_2169565	NODE_72_length_2996_cov_72.8334_ID_2169683	NODE_98_length_1248_cov_112.778_ID_2166307	NODE_60_length_4875_cov_79.0488_ID_2169239	NODE_28_length_47310_cov_71.282_ID_2169547	NODE_28_length_47310_cov_71.282_ID_2169547	NODE_64_length_3932_cov_79.8246_ID_2169751	NODE_105_length_947_cov_59.2892_ID_2168999	NODE_121_length_733_cov_92.1416_ID_2169805	NODE_91_length_1659_cov_128.05_ID_2169527	NODE_110_length_871_cov_44.6581_ID_2169545	NODE_80_length_2678_cov_93.7095_ID_2169571	NODE_106_length_941_cov_46.7494_ID_2168819	NODE_34_length_29587_cov_74.8229_ID_2169791	NODE_62_length_4429_cov_74.6909_ID_2169759	NODE_73_length_2996_cov_92.4624_ID_2169685	NODE_83_length_2424_cov_75.8037_ID_2169573	NODE_68_length_3259_cov_58.2831_ID_2169803
gi|125654693|ref|NC_009008.1|_Rhodobacter_sphaeroides_2.4.1_plasmid_E__partial_sequence	NODE_114_length_765_cov_91.1845_ID_2169745	NODE_36_length_28110_cov_103.918_ID_2169747	NODE_34_length_29587_cov_74.8229_ID_2169791	NODE_34_length_29587_cov_74.8229_ID_2169791	NODE_34_length_29587_cov_74.8229_ID_2169791
