{"date":"02 May 2014, Friday, 01:47:10","report":[["Statistics without reference",[{"values":[87],"quality":"Less is better","isMain":true,"metricName":"# contigs"},{"values":[617],"quality":"Less is better","isMain":false,"metricName":"# contigs (>= 0 bp)"},{"values":[82],"quality":"Less is better","isMain":false,"metricName":"# contigs (>= 1000 bp)"},{"values":[430487],"quality":"More is better","isMain":true,"metricName":"Largest contig"},{"values":[5380960],"quality":"More is better","isMain":true,"metricName":"Total length"},{"values":[5431491],"quality":"More is better","isMain":false,"metricName":"Total length (>= 0 bp)"},{"values":[5376981],"quality":"More is better","isMain":false,"metricName":"Total length (>= 1000 bp)"},{"values":[130570],"quality":"More is better","isMain":true,"metricName":"N50"},{"values":[69698],"quality":"More is better","isMain":false,"metricName":"N75"},{"values":[12],"quality":"Less is better","isMain":false,"metricName":"L50"},{"values":[26],"quality":"Less is better","isMain":false,"metricName":"L75"},{"values":["35.30"],"quality":"Equal","isMain":false,"metricName":"GC (%)"}]],["Misassemblies",[{"values":[0],"quality":"Less is better","isMain":true,"metricName":"# misassemblies"},{"values":[0],"quality":"Less is better","isMain":false,"metricName":"    # relocations"},{"values":[0],"quality":"Less is better","isMain":false,"metricName":"    # translocations"},{"values":[0],"quality":"Less is better","isMain":false,"metricName":"    # inversions"},{"values":[0],"quality":"Less is better","isMain":false,"metricName":"# misassembled contigs"},{"values":[0],"quality":"Less is better","isMain":true,"metricName":"Misassembled contigs length"},{"values":[2],"quality":"Less is better","isMain":false,"metricName":"# local misassemblies"}]],["Unaligned",[{"values":[70],"quality":"Less is better","isMain":false,"metricName":"# fully unaligned contigs"},{"values":[4636430],"quality":"Less is better","isMain":false,"metricName":"Fully unaligned length"},{"values":[8],"quality":"Less is better","isMain":false,"metricName":"# partially unaligned contigs"},{"values":[1],"quality":"Less is better","isMain":false,"metricName":"    # with misassembly"},{"values":[8],"quality":"Less is better","isMain":false,"metricName":"    # both parts are significant"},{"values":[511520],"quality":"Less is better","isMain":false,"metricName":"Partially unaligned length"}]],["Mismatches",[{"values":[15],"quality":"Less is better","isMain":false,"metricName":"# mismatches"},{"values":[11],"quality":"Less is better","isMain":false,"metricName":"# indels"},{"values":[89],"quality":"Less is better","isMain":false,"metricName":"Indels length"},{"values":["7.24"],"quality":"Less is better","isMain":true,"metricName":"# mismatches per 100 kbp"},{"values":["5.31"],"quality":"Less is better","isMain":true,"metricName":"# indels per 100 kbp"},{"values":[7],"quality":"Less is better","isMain":false,"metricName":"    # short indels (<= 5 bp)"},{"values":[4],"quality":"Less is better","isMain":false,"metricName":"    # long indels (> 5 bp)"},{"values":[5511],"quality":"Less is better","isMain":false,"metricName":"# N's"},{"values":["102.42"],"quality":"Less is better","isMain":true,"metricName":"# N's per 100 kbp"}]],["Genome statistics",[{"values":["99.427"],"quality":"More is better","isMain":true,"metricName":"Genome fraction (%)"},{"values":["1.125"],"quality":"Less is better","isMain":true,"metricName":"Duplication ratio"},{"values":[69698],"quality":"More is better","isMain":false,"metricName":"Largest alignment"},{"values":[430487],"quality":"More is better","isMain":false,"metricName":"NG50"},{"values":[430487],"quality":"More is better","isMain":false,"metricName":"NG75"},{"values":[39488],"quality":"More is better","isMain":true,"metricName":"NGA50"},{"values":[23521],"quality":"More is better","isMain":false,"metricName":"NGA75"},{"values":[1],"quality":"Less is better","isMain":false,"metricName":"LG50"},{"values":[1],"quality":"Less is better","isMain":false,"metricName":"LG75"},{"values":[2],"quality":"Less is better","isMain":false,"metricName":"LGA50"},{"values":[4],"quality":"Less is better","isMain":false,"metricName":"LGA75"}]],["Predicted genes",[]],["Reference statistics",[{"values":[208369],"quality":"Equal","isMain":false,"metricName":"Reference length"},{"values":["33.44"],"quality":"Equal","isMain":false,"metricName":"Reference GC (%)"},{"values":[0],"quality":"Equal","isMain":false,"metricName":"Reference genes"},{"values":[0],"quality":"Equal","isMain":false,"metricName":"Reference operons"}]]],"minContig":500,"assembliesNames":["dataset_497.dat"]}