{"date":"08 July 2014, Tuesday, 11:14:20","report":[["Statistics without reference",[{"values":[174,74,77,33,68,61,341,341,61,56,78,73,373,78],"quality":"Less is better","isMain":true,"metricName":"# contigs"},{"values":[174,74,77,33,68,61,341,341,61,56,78,73,373,78],"quality":"Less is better","isMain":false,"metricName":"# contigs (>= 500 bp)"},{"values":[160,71,77,33,55,48,310,310,55,51,65,60,351,70],"quality":"Less is better","isMain":false,"metricName":"# contigs (>= 1000 bp)"},{"values":[254222,430487,258489,1198056,766822,1197734,106317,106317,700557,1194879,521048,521048,91844,896381],"quality":"More is better","isMain":true,"metricName":"Largest contig"},{"values":[5373450,5380708,5419570,5420940,5432639,5433046,5321914,5321914,5343675,5344353,5401195,5401521,5310336,5356258],"quality":"More is better","isMain":true,"metricName":"Total length"},{"values":[5373450,5380708,5419570,5420940,5432639,5433046,5321914,5321914,5343675,5344353,5401195,5401521,5310336,5356258],"quality":"More is better","isMain":false,"metricName":"Total length (>= 500 bp)"},{"values":[5362509,5378420,5419570,5420940,5422846,5423253,5300702,5300702,5339870,5341261,5392088,5392414,5295268,5351096],"quality":"More is better","isMain":false,"metricName":"Total length (>= 1000 bp)"},{"values":[57851,135613,155352,431479,246697,337861,25876,25876,380728,456635,191536,212506,24786,247748],"quality":"More is better","isMain":true,"metricName":"N50"},{"values":[32663,74995,76333,211009,170659,209762,16762,16762,99177,128609,103769,120480,13917,88406],"quality":"More is better","isMain":false,"metricName":"N75"},{"values":[31,11,13,4,6,4,63,63,5,4,10,8,65,6],"quality":"Less is better","isMain":false,"metricName":"L50"},{"values":[62,24,26,9,13,10,126,126,13,10,19,16,136,14],"quality":"Less is better","isMain":false,"metricName":"L75"},{"values":["35.30","35.30","35.41","35.41","35.39","35.39","35.27","35.27","35.29","35.29","35.37","35.37","35.29","35.30"],"quality":"Equal","isMain":false,"metricName":"GC (%)"}]],["Misassemblies",[{"values":[2,3,4,10,9,12,1,1,0,0,6,6,3,7],"quality":"Less is better","isMain":true,"metricName":"# misassemblies"},{"values":[1,2,3,9,8,10,1,1,0,0,5,5,3,7],"quality":"Less is better","isMain":false,"metricName":"    # relocations"},{"values":[1,1,1,1,1,2,0,0,0,0,1,1,0,0],"quality":"Less is better","isMain":false,"metricName":"    # translocations"},{"values":[0,0,0,0,0,0,0,0,0,0,0,0,0,0],"quality":"Less is better","isMain":false,"metricName":"    # inversions"},{"values":[2,3,4,5,9,11,1,1,0,0,5,5,3,4],"quality":"Less is better","isMain":false,"metricName":"# misassembled contigs"},{"values":[30298,126343,541451,1044142,289559,669110,508,508,0,0,170879,170879,72913,705370],"quality":"Less is better","isMain":true,"metricName":"Misassembled contigs length"},{"values":[12,29,6,12,11,13,1,1,36,41,34,38,11,263],"quality":"Less is better","isMain":false,"metricName":"# local misassemblies"}]],["Unaligned",[{"values":[0,0,0,0,0,0,0,0,1,1,1,1,1,1],"quality":"Less is better","isMain":false,"metricName":"# fully unaligned contigs"},{"values":[0,0,0,0,0,0,0,0,2316,2316,501,501,2330,2330],"quality":"Less is better","isMain":false,"metricName":"Fully unaligned length"},{"values":[1,1,1,1,1,1,1,1,0,0,1,1,3,1],"quality":"Less is better","isMain":false,"metricName":"# partially unaligned contigs"},{"values":[0,1,1,1,1,1,1,1,0,0,1,1,0,0],"quality":"Less is better","isMain":false,"metricName":"    # with misassembly"},{"values":[0,1,1,1,1,1,0,0,0,0,0,0,0,0],"quality":"Less is better","isMain":false,"metricName":"    # both parts are significant"},{"values":[2255,2338,2142,2142,2142,2142,2139,2139,0,0,2139,2139,266,74],"quality":"Less is better","isMain":false,"metricName":"Partially unaligned length"}]],["Mismatches",[{"values":[350,352,259,237,489,489,36,36,468,435,710,708,328,332],"quality":"Less is better","isMain":false,"metricName":"# mismatches"},{"values":[176,405,130,316,193,320,109,109,280,303,307,310,166,1604],"quality":"Less is better","isMain":false,"metricName":"# indels"},{"values":[1898,2870,274,895,334,461,306,306,658,707,1068,1173,418,2560],"quality":"Less is better","isMain":false,"metricName":"Indels length"},{"values":["6.55","6.58","4.80","4.39","9.08","9.08","0.68","0.68","8.77","8.15","13.20","13.16","6.18","6.25"],"quality":"Less is better","isMain":true,"metricName":"# mismatches per 100 kbp"},{"values":["3.30","7.57","2.41","5.86","3.58","5.94","2.06","2.06","5.25","5.68","5.71","5.76","3.13","30.20"],"quality":"Less is better","isMain":true,"metricName":"# indels per 100 kbp"},{"values":[121,310,125,286,189,316,102,102,264,285,284,284,159,1577],"quality":"Less is better","isMain":false,"metricName":"    # short indels (<= 5 bp)"},{"values":[55,95,5,30,4,4,7,7,16,18,23,26,7,27],"quality":"Less is better","isMain":false,"metricName":"    # long indels (> 5 bp)"},{"values":[107,6265,0,945,0,407,0,0,28,455,229,470,0,41988],"quality":"Less is better","isMain":false,"metricName":"# N's"},{"values":["1.99","116.43","0.00","17.43","0.00","7.49","0.00","0.00","0.52","8.51","4.24","8.70","0.00","783.91"],"quality":"Less is better","isMain":true,"metricName":"# N's per 100 kbp"}]],["Genome statistics",[{"values":["98.301","98.444","99.323","99.334","99.160","99.160","97.572","97.572","98.245","98.258","98.997","98.997","97.661","97.755"],"quality":"More is better","isMain":true,"metricName":"Genome fraction (%)"},{"values":["1.010","1.010","1.006","1.017","1.011","1.011","1.004","1.004","1.024","1.029","1.012","1.012","1.003","1.010"],"quality":"Less is better","isMain":true,"metricName":"Duplication ratio"},{"values":["5758 + 121 part","5819 + 65 part","5934 + 64 part","5964 + 34 part","5961 + 43 part","5964 + 40 part","5642 + 232 part","5642 + 232 part","5841 + 48 part","5843 + 47 part","5919 + 56 part","5921 + 54 part","5543 + 328 part","5608 + 278 part"],"quality":"More is better","isMain":true,"metricName":"# genes"},{"values":[254222,430487,258489,1197973,766822,1197581,106317,106317,700554,1194643,520985,520985,91844,890081],"quality":"More is better","isMain":false,"metricName":"Largest alignment"},{"values":[57574,135613,155352,431479,246697,337861,25512,25512,380728,456635,191536,212506,24465,247748],"quality":"More is better","isMain":false,"metricName":"NG50"},{"values":[31859,74197,76333,211009,170659,209762,15678,15678,97012,116644,103769,120480,13213,88406],"quality":"More is better","isMain":false,"metricName":"NG75"},{"values":[57851,135296,150479,288228,246697,337861,25876,25876,380728,455989,191536,212506,24577,208398],"quality":"More is better","isMain":false,"metricName":"NA50"},{"values":[32663,74995,74529,131868,170659,184731,16762,16762,99176,128609,103684,120478,13814,87283],"quality":"More is better","isMain":false,"metricName":"NA75"},{"values":[57574,135296,150479,288228,246697,337861,25512,25512,380728,455989,191536,212506,24465,208398],"quality":"More is better","isMain":true,"metricName":"NGA50"},{"values":[31859,73848,74529,131868,170659,184731,15678,15678,97012,116644,103684,120478,13213,80463],"quality":"More is better","isMain":false,"metricName":"NGA75"},{"values":[32,11,13,4,6,4,65,65,5,4,10,8,68,6],"quality":"Less is better","isMain":false,"metricName":"LG50"},{"values":[63,25,26,9,13,10,132,132,14,11,19,16,143,14],"quality":"Less is better","isMain":false,"metricName":"LG75"},{"values":[31,11,14,5,6,4,63,63,5,4,10,8,66,7],"quality":"Less is better","isMain":false,"metricName":"LA50"},{"values":[62,24,27,11,13,10,126,126,13,10,19,16,137,15],"quality":"Less is better","isMain":false,"metricName":"LA75"},{"values":[32,11,14,5,6,4,65,65,5,4,10,8,68,7],"quality":"Less is better","isMain":false,"metricName":"LGA50"},{"values":[63,25,27,11,13,10,132,132,14,11,19,16,143,16],"quality":"Less is better","isMain":false,"metricName":"LGA75"}]],["Predicted genes",[]],["Reference statistics",[{"values":[5432652,5432652,5432652,5432652,5432652,5432652,5432652,5432652,5432652,5432652,5432652,5432652,5432652,5432652],"quality":"Equal","isMain":false,"metricName":"Reference length"},{"values":["35.50","35.50","35.50","35.50","35.50","35.50","35.50","35.50","35.50","35.50","35.50","35.50","35.50","35.50"],"quality":"Equal","isMain":false,"metricName":"Reference GC (%)"},{"values":[6014,6014,6014,6014,6014,6014,6014,6014,6014,6014,6014,6014,6014,6014],"quality":"Equal","isMain":false,"metricName":"Reference genes"},{"values":[0,0,0,0,0,0,0,0,0,0,0,0,0,0],"quality":"Equal","isMain":false,"metricName":"Reference operons"}]]],"minContig":500,"assembliesNames":["BC-M-Abyss-Scaffold broken","BC-M-Abyss-Scaffold","BC-M-Cabog-Scaffold broken","BC-M-Cabog-Scaffold","BC-M-Msrca-Scaffold broken","BC-M-Msrca-Scaffold","BC-M-Sga-Scaffold broken","BC-M-Sga-Scaffold","BC-M-Soap-Scaffold broken","BC-M-Soap-Scaffold","BC-M-Spades-Scaffold broken","BC-M-Spades-Scaffold","BC-M-Velvet-Scaffold broken","BC-M-Velvet-Scaffold"]}