{"date":"11 July 2014, Friday, 23:08:30","report":[["Statistics without reference",[{"values":[74,33,61,341,56,73,78],"quality":"Less is better","isMain":true,"metricName":"# contigs"},{"values":[102,33,83,502,77,49919,99],"quality":"Less is better","isMain":false,"metricName":"# contigs (>= 200 bp)"},{"values":[71,33,48,310,51,60,70],"quality":"Less is better","isMain":false,"metricName":"# contigs (>= 1000 bp)"},{"values":[430487,1198056,1197734,106317,1194879,521048,896381],"quality":"More is better","isMain":true,"metricName":"Largest contig"},{"values":[5380708,5420940,5433046,5321914,5344353,5401521,5356258],"quality":"More is better","isMain":true,"metricName":"Total length"},{"values":[5388442,5420940,5440699,5384267,5350148,17876732,5362306],"quality":"More is better","isMain":false,"metricName":"Total length (>= 200 bp)"},{"values":[5378420,5420940,5423253,5300702,5341261,5392414,5351096],"quality":"More is better","isMain":false,"metricName":"Total length (>= 1000 bp)"},{"values":[135613,431479,337861,25876,456635,212506,247748],"quality":"More is better","isMain":true,"metricName":"N50"},{"values":[74995,211009,209762,16762,128609,120480,88406],"quality":"More is better","isMain":false,"metricName":"N75"},{"values":[11,4,4,63,4,8,6],"quality":"Less is better","isMain":false,"metricName":"L50"},{"values":[24,9,10,126,10,16,14],"quality":"Less is better","isMain":false,"metricName":"L75"},{"values":["35.30","35.41","35.39","35.27","35.29","35.37","35.30"],"quality":"Equal","isMain":false,"metricName":"GC (%)"}]],["Misassemblies",[{"values":[3,10,12,1,0,6,7],"quality":"Less is better","isMain":true,"metricName":"# misassemblies"},{"values":[2,9,10,1,0,5,7],"quality":"Less is better","isMain":false,"metricName":"    # relocations"},{"values":[1,1,2,0,0,1,0],"quality":"Less is better","isMain":false,"metricName":"    # translocations"},{"values":[0,0,0,0,0,0,0],"quality":"Less is better","isMain":false,"metricName":"    # inversions"},{"values":[3,5,11,1,0,5,4],"quality":"Less is better","isMain":false,"metricName":"# misassembled contigs"},{"values":[126343,1044142,669110,508,0,170879,705370],"quality":"Less is better","isMain":true,"metricName":"Misassembled contigs length"},{"values":[29,12,13,1,41,38,263],"quality":"Less is better","isMain":false,"metricName":"# local misassemblies"}]],["Unaligned",[{"values":[0,0,0,0,1,1,1],"quality":"Less is better","isMain":false,"metricName":"# fully unaligned contigs"},{"values":[0,0,0,0,2316,501,2330],"quality":"Less is better","isMain":false,"metricName":"Fully unaligned length"},{"values":[1,1,1,1,0,1,1],"quality":"Less is better","isMain":false,"metricName":"# partially unaligned contigs"},{"values":[1,1,1,1,0,1,0],"quality":"Less is better","isMain":false,"metricName":"    # with misassembly"},{"values":[1,1,1,0,0,0,0],"quality":"Less is better","isMain":false,"metricName":"    # both parts are significant"},{"values":[2338,2142,2142,2139,0,2139,74],"quality":"Less is better","isMain":false,"metricName":"Partially unaligned length"}]],["Mismatches",[{"values":[352,237,489,36,435,708,332],"quality":"Less is better","isMain":false,"metricName":"# mismatches"},{"values":[405,316,320,109,303,310,1604],"quality":"Less is better","isMain":false,"metricName":"# indels"},{"values":[2870,895,461,306,707,1173,2560],"quality":"Less is better","isMain":false,"metricName":"Indels length"},{"values":["6.58","4.39","9.08","0.68","8.15","13.16","6.25"],"quality":"Less is better","isMain":true,"metricName":"# mismatches per 100 kbp"},{"values":["7.57","5.86","5.94","2.06","5.68","5.76","30.20"],"quality":"Less is better","isMain":true,"metricName":"# indels per 100 kbp"},{"values":[310,286,316,102,285,284,1577],"quality":"Less is better","isMain":false,"metricName":"    # short indels (<= 5 bp)"},{"values":[95,30,4,7,18,26,27],"quality":"Less is better","isMain":false,"metricName":"    # long indels (> 5 bp)"},{"values":[6265,945,407,0,455,470,41988],"quality":"Less is better","isMain":false,"metricName":"# N's"},{"values":["116.43","17.43","7.49","0.00","8.51","8.70","783.91"],"quality":"Less is better","isMain":true,"metricName":"# N's per 100 kbp"}]],["Genome statistics",[{"values":["98.444","99.334","99.160","97.572","98.258","98.997","97.755"],"quality":"More is better","isMain":true,"metricName":"Genome fraction (%)"},{"values":["1.010","1.017","1.011","1.004","1.029","1.012","1.010"],"quality":"Less is better","isMain":true,"metricName":"Duplication ratio"},{"values":["5819 + 65 part","5964 + 34 part","5964 + 40 part","5642 + 232 part","5843 + 47 part","5921 + 54 part","5608 + 278 part"],"quality":"More is better","isMain":true,"metricName":"# genes"},{"values":[430487,1197973,1197581,106317,1194643,520985,890081],"quality":"More is better","isMain":false,"metricName":"Largest alignment"},{"values":[135613,431479,337861,25512,456635,212506,247748],"quality":"More is better","isMain":false,"metricName":"NG50"},{"values":[74197,211009,209762,15678,116644,120480,88406],"quality":"More is better","isMain":false,"metricName":"NG75"},{"values":[135296,288228,337861,25876,455989,212506,208398],"quality":"More is better","isMain":false,"metricName":"NA50"},{"values":[74995,131868,184731,16762,128609,120478,87283],"quality":"More is better","isMain":false,"metricName":"NA75"},{"values":[135296,288228,337861,25512,455989,212506,208398],"quality":"More is better","isMain":true,"metricName":"NGA50"},{"values":[73848,131868,184731,15678,116644,120478,80463],"quality":"More is better","isMain":false,"metricName":"NGA75"},{"values":[11,4,4,65,4,8,6],"quality":"Less is better","isMain":false,"metricName":"LG50"},{"values":[25,9,10,132,11,16,14],"quality":"Less is better","isMain":false,"metricName":"LG75"},{"values":[11,5,4,63,4,8,7],"quality":"Less is better","isMain":false,"metricName":"LA50"},{"values":[24,11,10,126,10,16,15],"quality":"Less is better","isMain":false,"metricName":"LA75"},{"values":[11,5,4,65,4,8,7],"quality":"Less is better","isMain":false,"metricName":"LGA50"},{"values":[25,11,10,132,11,16,16],"quality":"Less is better","isMain":false,"metricName":"LGA75"}]],["Predicted genes",[]],["Reference statistics",[{"values":[5432652,5432652,5432652,5432652,5432652,5432652,5432652],"quality":"Equal","isMain":false,"metricName":"Reference length"},{"values":["35.50","35.50","35.50","35.50","35.50","35.50","35.50"],"quality":"Equal","isMain":false,"metricName":"Reference GC (%)"},{"values":[6014,6014,6014,6014,6014,6014,6014],"quality":"Equal","isMain":false,"metricName":"Reference genes"},{"values":[0,0,0,0,0,0,0],"quality":"Equal","isMain":false,"metricName":"Reference operons"}]]],"minContig":500,"assembliesNames":["BC-M-Abyss-Scaffold","BC-M-Cabog-Scaffold","BC-M-Msrca-Scaffold","BC-M-Sga-Scaffold","BC-M-Soap-Scaffold","BC-M-Spades-Scaffold","BC-M-Velvet-Scaffold"]}