{"date":"02 May 2014, Friday, 19:30:35","report":[["Statistics without reference",[{"values":[156,147,856,847,325,324,664,664,91,79,73,73,203,154],"quality":"Less is better","isMain":true,"metricName":"# contigs"},{"values":[335,326,857,847,326,325,815,815,197,184,910,910,286,236],"quality":"Less is better","isMain":false,"metricName":"# contigs (>= 0 bp)"},{"values":[138,129,856,847,316,315,611,611,84,72,53,53,189,140],"quality":"Less is better","isMain":false,"metricName":"# contigs (>= 1000 bp)"},{"values":[245660,245660,40668,40668,104386,104386,59847,59847,286460,286460,498363,498363,226629,226629],"quality":"More is better","isMain":true,"metricName":"Largest contig"},{"values":[5116320,5116622,5116310,5116933,5418108,5418128,5225988,5225988,5133667,5134910,5164002,5164002,5136825,5138008],"quality":"More is better","isMain":true,"metricName":"Total length"},{"values":[5148880,5149182,5116733,5116933,5418490,5418510,5276979,5276979,5152802,5153908,5417758,5417758,5161555,5162443],"quality":"More is better","isMain":false,"metricName":"Total length (>= 0 bp)"},{"values":[5104174,5104476,5116310,5116933,5411756,5411776,5187517,5187517,5128622,5129865,5151921,5151921,5127654,5128837],"quality":"More is better","isMain":false,"metricName":"Total length (>= 1000 bp)"},{"values":[67088,73179,8655,9070,36211,36211,12890,12890,131561,147990,220161,220161,47327,70983],"quality":"More is better","isMain":true,"metricName":"N50"},{"values":[35186,39013,4755,4805,18405,18481,7614,7614,68567,79670,122266,122266,25959,36382],"quality":"More is better","isMain":false,"metricName":"N75"},{"values":[25,23,176,171,52,52,126,126,14,13,8,8,35,22],"quality":"Less is better","isMain":false,"metricName":"L50"},{"values":[51,47,378,370,104,104,255,255,29,24,16,16,71,48],"quality":"Less is better","isMain":false,"metricName":"L75"},{"values":["64.10","64.10","64.08","64.08","64.10","64.10","64.10","64.10","64.09","64.09","64.00","64.00","64.07","64.07"],"quality":"Equal","isMain":false,"metricName":"GC (%)"}]],["Misassemblies",[{"values":[2,2,122,123,70,70,6,6,5,5,6,6,72,103],"quality":"Less is better","isMain":true,"metricName":"# misassemblies"},{"values":[2,2,122,123,70,70,6,6,5,5,6,6,72,103],"quality":"Less is better","isMain":false,"metricName":"    # relocations"},{"values":[0,0,0,0,0,0,0,0,0,0,0,0,0,0],"quality":"Less is better","isMain":false,"metricName":"    # translocations"},{"values":[0,0,0,0,0,0,0,0,0,0,0,0,0,0],"quality":"Less is better","isMain":false,"metricName":"    # inversions"},{"values":[2,2,115,115,69,69,6,6,5,5,6,6,54,56],"quality":"Less is better","isMain":false,"metricName":"# misassembled contigs"},{"values":[61216,157344,617425,677317,471137,471137,78397,78397,771028,771028,925594,925594,1569654,2931349],"quality":"Less is better","isMain":true,"metricName":"Misassembled contigs length"},{"values":[2,3,5,13,2,2,1,1,19,31,4,4,3,36],"quality":"Less is better","isMain":false,"metricName":"# local misassemblies"}]],["Unaligned",[{"values":[0,0,5,5,1,1,4,4,1,1,20,20,1,1],"quality":"Less is better","isMain":false,"metricName":"# fully unaligned contigs"},{"values":[0,0,38295,38295,11781,11781,32451,32451,5385,5385,21977,21977,5482,5482],"quality":"Less is better","isMain":false,"metricName":"Fully unaligned length"},{"values":[5,5,14,14,14,14,5,5,1,1,0,0,7,6],"quality":"Less is better","isMain":false,"metricName":"# partially unaligned contigs"},{"values":[2,2,0,0,0,0,0,0,1,1,0,0,2,2],"quality":"Less is better","isMain":false,"metricName":"    # with misassembly"},{"values":[4,4,4,4,6,6,3,3,1,1,0,0,2,2],"quality":"Less is better","isMain":false,"metricName":"    # both parts are significant"},{"values":[78075,78075,36751,36751,60407,60407,34625,34625,11899,11899,0,0,41395,41382],"quality":"Less is better","isMain":false,"metricName":"Partially unaligned length"}]],["Mismatches",[{"values":[79,94,203,203,144,144,71,71,105,105,237,237,125,126],"quality":"Less is better","isMain":false,"metricName":"# mismatches"},{"values":[36,123,36,38,83,84,21,21,66,99,54,54,35,36],"quality":"Less is better","isMain":false,"metricName":"# indels"},{"values":[116,256,103,125,126,143,175,175,474,507,127,127,154,194],"quality":"Less is better","isMain":false,"metricName":"Indels length"},{"values":["1.59","1.89","4.15","4.15","2.88","2.88","1.41","1.41","2.08","2.08","4.68","4.68","2.48","2.50"],"quality":"Less is better","isMain":true,"metricName":"# mismatches per 100 kbp"},{"values":["0.72","2.47","0.74","0.78","1.66","1.68","0.42","0.42","1.31","1.96","1.07","1.07","0.70","0.72"],"quality":"Less is better","isMain":true,"metricName":"# indels per 100 kbp"},{"values":[33,116,34,35,81,81,16,16,53,86,52,52,32,32],"quality":"Less is better","isMain":false,"metricName":"    # short indels (<= 5 bp)"},{"values":[3,7,2,3,2,3,5,5,13,13,2,2,3,4],"quality":"Less is better","isMain":false,"metricName":"    # long indels (> 5 bp)"},{"values":[17,319,0,200,0,20,0,0,0,1106,184,184,0,888],"quality":"Less is better","isMain":false,"metricName":"# N's"},{"values":["0.33","6.23","0.00","3.91","0.00","0.37","0.00","0.00","0.00","21.54","3.56","3.56","0.00","17.28"],"quality":"Less is better","isMain":true,"metricName":"# N's per 100 kbp"}]],["Genome statistics",[{"values":["98.922","98.927","96.186","96.186","98.380","98.380","99.062","99.062","99.139","99.142","99.413","99.413","98.965","98.970"],"quality":"More is better","isMain":true,"metricName":"Genome fraction (%)"},{"values":["1.004","1.005","1.030","1.030","1.068","1.068","1.023","1.023","1.028","1.028","1.020","1.020","1.018","1.019"],"quality":"Less is better","isMain":true,"metricName":"Duplication ratio"},{"values":["4823 + 132 part","4830 + 125 part","4148 + 740 part","4149 + 739 part","4790 + 139 part","4791 + 138 part","4465 + 499 part","4465 + 499 part","4877 + 82 part","4877 + 82 part","4913 + 54 part","4913 + 54 part","4746 + 214 part","4747 + 213 part"],"quality":"More is better","isMain":true,"metricName":"# genes"},{"values":[245660,245660,40668,40668,104372,104372,59847,59847,261142,261142,498363,498363,130350,130350],"quality":"More is better","isMain":false,"metricName":"Largest alignment"},{"values":[67088,73179,8716,9127,38240,38240,13299,13299,131561,152604,220161,220161,48155,70983],"quality":"More is better","isMain":false,"metricName":"NG50"},{"values":[35186,39233,4805,4858,21642,21939,8066,8066,68982,79670,122266,122266,26101,37083],"quality":"More is better","isMain":false,"metricName":"NG75"},{"values":[62480,70126,8265,8537,35496,35496,12516,12516,113272,147162,209894,209894,40129,51675],"quality":"More is better","isMain":false,"metricName":"NA50"},{"values":[30894,35186,4459,4482,17197,17299,7060,7060,63022,68982,89745,89745,20444,26503],"quality":"More is better","isMain":false,"metricName":"NA75"},{"values":[64844,70126,8293,8548,37156,37156,12834,12834,113272,147162,209894,209894,41485,51675],"quality":"More is better","isMain":true,"metricName":"NGA50"},{"values":[31165,36304,4497,4529,20039,20043,7623,7623,63420,70375,89745,89745,20620,27331],"quality":"More is better","isMain":false,"metricName":"NGA75"},{"values":[25,23,174,170,48,48,121,121,14,12,8,8,34,22],"quality":"Less is better","isMain":false,"metricName":"LG50"},{"values":[51,46,374,366,92,92,242,242,28,24,16,16,70,47],"quality":"Less is better","isMain":false,"metricName":"LG75"},{"values":[26,24,182,177,53,53,130,130,15,13,9,9,40,34],"quality":"Less is better","isMain":false,"metricName":"LA50"},{"values":[54,49,395,387,109,108,264,264,32,27,18,18,83,70],"quality":"Less is better","isMain":false,"metricName":"LA75"},{"values":[25,24,181,176,49,49,125,125,15,13,9,9,39,34],"quality":"Less is better","isMain":false,"metricName":"LGA50"},{"values":[53,48,390,383,95,95,251,251,31,26,18,18,81,68],"quality":"Less is better","isMain":false,"metricName":"LGA75"}]],["Predicted genes",[]],["Reference statistics",[{"values":[5090491,5090491,5090491,5090491,5090491,5090491,5090491,5090491,5090491,5090491,5090491,5090491,5090491,5090491],"quality":"Equal","isMain":false,"metricName":"Reference length"},{"values":["64.15","64.15","64.15","64.15","64.15","64.15","64.15","64.15","64.15","64.15","64.15","64.15","64.15","64.15"],"quality":"Equal","isMain":false,"metricName":"Reference GC (%)"},{"values":[4992,4992,4992,4992,4992,4992,4992,4992,4992,4992,4992,4992,4992,4992],"quality":"Equal","isMain":false,"metricName":"Reference genes"},{"values":[0,0,0,0,0,0,0,0,0,0,0,0,0,0],"quality":"Equal","isMain":false,"metricName":"Reference operons"}]]],"minContig":500,"assembliesNames":["MA-M-Abyss-Scaffold broken","MA-M-Abyss-Scaffold","MA-M-Cabog-Scaffold broken","MA-M-Cabog-Scaffold","MA-M-Msrca-Scaffold broken","MA-M-Msrca-Scaffold","MA-M-Sga-Scaffold broken","MA-M-Sga-Scaffold","MA-M-Soap-Scaffold broken","MA-M-Soap-Scaffold","MA-M-Spades-Scaffold broken","MA-M-Spades-Scaffold","MA-M-Velvet-Scaffold broken","MA-M-Velvet-Scaffold"]}