{"date": "06 May 2014, Tuesday, 17:55:48", "report": [["Statistics without reference", [{"quality": "Less is better", "metricName": "# contigs", "values": [353, 341, 353, 341, 353, 341, 353, 341, 353, 341], "isMain": true}, {"quality": "Less is better", "metricName": "# contigs (>= 0 bp)", "values": [864, 822, 864, 822, 864, 822, 864, 822, 864, 822], "isMain": false}, {"quality": "Less is better", "metricName": "# contigs (>= 1000 bp)", "values": [312, 302, 312, 302, 312, 302, 312, 302, 312, 302], "isMain": false}, {"quality": "More is better", "metricName": "Largest contig", "values": [257581, 257581, 257581, 257581, 257581, 257581, 257581, 257581, 257581, 257581], "isMain": true}, {"quality": "More is better", "metricName": "Total length", "values": [5801552, 5810521, 5801552, 5810521, 5801552, 5810521, 5801552, 5810521, 5801552, 5810521], "isMain": true}, {"quality": "More is better", "metricName": "Total length (>= 0 bp)", "values": [5873796, 5875896, 5873796, 5875896, 5873796, 5875896, 5873796, 5875896, 5873796, 5875896], "isMain": false}, {"quality": "More is better", "metricName": "Total length (>= 1000 bp)", "values": [5774294, 5784758, 5774294, 5784758, 5774294, 5784758, 5774294, 5784758, 5774294, 5784758], "isMain": false}, {"quality": "More is better", "metricName": "N50", "values": [47088, 48439, 47088, 48439, 47088, 48439, 47088, 48439, 47088, 48439], "isMain": true}, {"quality": "More is better", "metricName": "N75", "values": [20272, 20272, 20272, 20272, 20272, 20272, 20272, 20272, 20272, 20272], "isMain": false}, {"quality": "Less is better", "metricName": "L50", "values": [37, 32, 37, 32, 37, 32, 37, 32, 37, 32], "isMain": false}, {"quality": "Less is better", "metricName": "L75", "values": [87, 81, 87, 81, 87, 81, 87, 81, 87, 81], "isMain": false}, {"quality": "Equal", "metricName": "GC (%)", "values": ["35.20", "35.21", "35.20", "35.21", "35.20", "35.21", "35.20", "35.21", "35.20", "35.21"], "isMain": false}]], ["Misassemblies", [{"quality": "Less is better", "metricName": "# misassemblies", "values": [6, 5, "", "", "", "", 6, 5, "", ""], "isMain": true}, {"quality": "Less is better", "metricName": "    # relocations", "values": [6, 5, "", "", "", "", 6, 5, "", ""], "isMain": false}, {"quality": "Less is better", "metricName": "    # translocations", "values": [0, 0, "", "", "", "", 0, 0, "", ""], "isMain": false}, {"quality": "Less is better", "metricName": "    # inversions", "values": [0, 0, "", "", "", "", 0, 0, "", ""], "isMain": false}, {"quality": "Less is better", "metricName": "# misassembled contigs", "values": [5, 5, "", "", "", "", 5, 5, "", ""], "isMain": false}, {"quality": "Less is better", "metricName": "Misassembled contigs length", "values": [4592, 4676, "", "", "", "", 4592, 4676, "", ""], "isMain": true}, {"quality": "Less is better", "metricName": "# local misassemblies", "values": [2, 1, "", "", "", "", 2, 1, "", ""], "isMain": false}]], ["Unaligned", [{"quality": "Less is better", "metricName": "# fully unaligned contigs", "values": [298, 288, 353, 341, 353, 341, 298, 288, 353, 341], "isMain": false}, {"quality": "Less is better", "metricName": "Fully unaligned length", "values": [4114804, 3947164, 5801552, 5810521, 5801552, 5810521, 4114804, 3947164, 5801552, 5810521], "isMain": false}, {"quality": "Less is better", "metricName": "# partially unaligned contigs", "values": [42, 41, "", "", "", "", 42, 41, "", ""], "isMain": false}, {"quality": "Less is better", "metricName": "    # with misassembly", "values": [9, 12, "", "", "", "", 9, 12, "", ""], "isMain": false}, {"quality": "Less is better", "metricName": "    # both parts are significant", "values": [13, 12, "", "", "", "", 13, 12, "", ""], "isMain": false}, {"quality": "Less is better", "metricName": "Partially unaligned length", "values": [1637274, 1813032, "", "", "", "", 1637274, 1813032, "", ""], "isMain": false}]], ["Mismatches", [{"quality": "Less is better", "metricName": "# mismatches", "values": [959, 673, "", "", "", "", 959, 673, "", ""], "isMain": false}, {"quality": "Less is better", "metricName": "# indels", "values": [52, 36, "", "", "", "", 52, 36, "", ""], "isMain": false}, {"quality": "Less is better", "metricName": "Indels length", "values": [70, 48, "", "", "", "", 70, 48, "", ""], "isMain": false}, {"quality": "Less is better", "metricName": "# mismatches per 100 kbp", "values": ["3420.48", "3224.88", "", "", "", "", "3420.48", "3224.88", "", ""], "isMain": true}, {"quality": "Less is better", "metricName": "# indels per 100 kbp", "values": ["185.47", "172.50", "", "", "", "", "185.47", "172.50", "", ""], "isMain": true}, {"quality": "Less is better", "metricName": "    # short indels (<= 5 bp)", "values": [51, 35, "", "", "", "", 51, 35, "", ""], "isMain": false}, {"quality": "Less is better", "metricName": "    # long indels (> 5 bp)", "values": [1, 1, "", "", "", "", 1, 1, "", ""], "isMain": false}, {"quality": "Less is better", "metricName": "# N's", "values": [0, 1950, 0, 1950, 0, 1950, 0, 1950, 0, 1950], "isMain": false}, {"quality": "Less is better", "metricName": "# N's per 100 kbp", "values": ["0.00", "33.56", "0.00", "33.56", "0.00", "33.56", "0.00", "33.56", "0.00", "33.56"], "isMain": true}]], ["Genome statistics", [{"quality": "More is better", "metricName": "Genome fraction (%)", "values": ["0.801", "0.822", "", "", "", "", "0.801", "0.822", "", ""], "isMain": true}, {"quality": "Less is better", "metricName": "Duplication ratio", "values": ["1.143", "1.133", "", "", "", "", "1.143", "1.133", "", ""], "isMain": true}, {"quality": "More is better", "metricName": "# genes", "values": ["100 + 11 part", "102 + 12 part", "", "", "", "", "100 + 11 part", "102 + 12 part", "", ""], "isMain": true}, {"quality": "More is better", "metricName": "Largest alignment", "values": [9186, 9186, "", "", "", "", 9186, 9186, "", ""], "isMain": false}, {"quality": "More is better", "metricName": "NG50", "values": [48622, 51322, 48918, 51700, 54092, 57702, 48622, 51322, 48918, 51700], "isMain": false}, {"quality": "More is better", "metricName": "NG75", "values": [22430, 22540, 22540, 23238, 26069, 27451, 22430, 22540, 22540, 23238], "isMain": false}, {"quality": "Less is better", "metricName": "LG50", "values": [33, 28, 32, 27, 29, 25, 33, 28, 32, 27], "isMain": false}, {"quality": "Less is better", "metricName": "LG75", "values": [74, 67, 72, 65, 64, 57, 74, 67, 72, 65], "isMain": false}]], ["Predicted genes", []], ["Reference statistics", [{"quality": "Equal", "metricName": "Reference length", "values": [5432652, 5432652, 5373121, 5373121, 5090491, 5090491, 5432652, 5432652, 5373121, 5373121], "isMain": false}, {"quality": "Equal", "metricName": "Reference GC (%)", "values": ["35.50", "35.50", "43.42", "43.42", "64.15", "64.15", "35.50", "35.50", "43.42", "43.42"], "isMain": false}, {"quality": "Equal", "metricName": "Reference genes", "values": [6014, 6014, "", "", "", "", 6014, 6014, "", ""], "isMain": false}, {"quality": "Equal", "metricName": "Reference operons", "values": [0, 0, "", "", "", "", 0, 0, "", ""], "isMain": false}]]], "minContig": 500, "assembliesNames": ["215_B_cereus_ATCC_1098 broken", "215_B_cereus_ATCC_1098", "215_B_fragilis_638R broken", "215_B_fragilis_638R", "215_M_abscessus_ATCC_19977 broken", "215_M_abscessus_ATCC_19977", "216_B_cereus_ATCC_1098 broken", "216_B_cereus_ATCC_1098", "216_B_fragilis_638R broken", "216_B_fragilis_638R"]}