{"date":"06 May 2014, Tuesday, 14:32:31","report":[["Statistics without reference",[{"values":[47],"quality":"Less is better","isMain":true,"metricName":"# contigs"},{"values":[339],"quality":"Less is better","isMain":false,"metricName":"# contigs (>= 0 bp)"},{"values":[38],"quality":"Less is better","isMain":false,"metricName":"# contigs (>= 1000 bp)"},{"values":[592124],"quality":"More is better","isMain":true,"metricName":"Largest contig"},{"values":[4929385],"quality":"More is better","isMain":true,"metricName":"Total length"},{"values":[5011698],"quality":"More is better","isMain":false,"metricName":"Total length (>= 0 bp)"},{"values":[4923079],"quality":"More is better","isMain":false,"metricName":"Total length (>= 1000 bp)"},{"values":[379681],"quality":"More is better","isMain":true,"metricName":"N50"},{"values":[129901],"quality":"More is better","isMain":false,"metricName":"N75"},{"values":[5],"quality":"Less is better","isMain":false,"metricName":"L50"},{"values":[12],"quality":"Less is better","isMain":false,"metricName":"L75"},{"values":["61.54"],"quality":"Equal","isMain":false,"metricName":"GC (%)"}]],["Misassemblies",[]],["Unaligned",[{"values":[47],"quality":"Less is better","isMain":false,"metricName":"# fully unaligned contigs"},{"values":[4929385],"quality":"Less is better","isMain":false,"metricName":"Fully unaligned length"}]],["Mismatches",[{"values":[63],"quality":"Less is better","isMain":false,"metricName":"# N's"},{"values":["1.28"],"quality":"Less is better","isMain":true,"metricName":"# N's per 100 kbp"}]],["Genome statistics",[{"values":[237931],"quality":"More is better","isMain":false,"metricName":"NG50"},{"values":[118529],"quality":"More is better","isMain":false,"metricName":"NG75"},{"values":[6],"quality":"Less is better","isMain":false,"metricName":"LG50"},{"values":[15],"quality":"Less is better","isMain":false,"metricName":"LG75"}]],["Predicted genes",[]],["Reference statistics",[{"values":[5432652],"quality":"Equal","isMain":false,"metricName":"Reference length"},{"values":["35.50"],"quality":"Equal","isMain":false,"metricName":"Reference GC (%)"}]]],"minContig":500,"assembliesNames":["dataset_487.dat"]}