{"date": "11 July 2014, Friday, 23:11:35", "report": [["Statistics without reference", [{"quality": "Less is better", "metricName": "# contigs", "values": [87, 77, 132, 68, 361, 79, 113, 373, 74, 33, 61, 341, 56, 73, 78], "isMain": true}, {"quality": "Less is better", "metricName": "# contigs (>= 200 bp)", "values": [115, 78, 153, 90, 3335, 105, 49967, 404, 102, 33, 83, 502, 77, 49919, 99], "isMain": false}, {"quality": "Less is better", "metricName": "# contigs (>= 1000 bp)", "values": [82, 77, 96, 55, 320, 73, 99, 351, 71, 33, 48, 310, 51, 60, 70], "isMain": false}, {"quality": "More is better", "metricName": "Largest contig", "values": [430487, 258489, 311769, 766822, 106317, 606530, 346945, 91844, 430487, 1198056, 1197734, 106317, 1194879, 521048, 896381], "isMain": true}, {"quality": "More is better", "metricName": "Total length", "values": [5380960, 5419570, 5413818, 5432639, 5368062, 5341631, 5395402, 5310336, 5380708, 5420940, 5433046, 5321914, 5344353, 5401521, 5356258], "isMain": true}, {"quality": "More is better", "metricName": "Total length (>= 200 bp)", "values": [5388694, 5419995, 5421518, 5440292, 6178704, 5349083, 17873366, 5319276, 5388442, 5420940, 5440699, 5384267, 5350148, 17876732, 5362306], "isMain": false}, {"quality": "More is better", "metricName": "Total length (>= 1000 bp)", "values": [5376981, 5419570, 5389079, 5422846, 5340740, 5337776, 5385812, 5295268, 5378420, 5420940, 5423253, 5300702, 5341261, 5392414, 5351096], "isMain": false}, {"quality": "More is better", "metricName": "N50", "values": [130570, 155352, 116480, 246697, 25767, 246346, 103691, 24786, 135613, 431479, 337861, 25876, 456635, 212506, 247748], "isMain": true}, {"quality": "More is better", "metricName": "N75", "values": [69698, 76333, 52231, 170659, 16197, 78462, 60216, 13917, 74995, 211009, 209762, 16762, 128609, 120480, 88406], "isMain": false}, {"quality": "Less is better", "metricName": "L50", "values": [12, 13, 14, 6, 64, 6, 17, 65, 11, 4, 4, 63, 4, 8, 6], "isMain": false}, {"quality": "Less is better", "metricName": "L75", "values": [26, 26, 32, 13, 129, 16, 34, 136, 24, 9, 10, 126, 10, 16, 14], "isMain": false}, {"quality": "Equal", "metricName": "GC (%)", "values": ["35.30", "35.41", "35.42", "35.39", "35.30", "35.28", "35.36", "35.29", "35.30", "35.41", "35.39", "35.27", "35.29", "35.37", "35.30"], "isMain": false}]], ["Misassemblies", [{"quality": "Less is better", "metricName": "# misassemblies", "values": [2, 4, 8, 9, 1, 0, 5, 3, 3, 10, 12, 1, 0, 6, 7], "isMain": true}, {"quality": "Less is better", "metricName": "    # relocations", "values": [1, 3, 6, 8, 1, 0, 4, 3, 2, 9, 10, 1, 0, 5, 7], "isMain": false}, {"quality": "Less is better", "metricName": "    # translocations", "values": [1, 1, 2, 1, 0, 0, 1, 0, 1, 1, 2, 0, 0, 1, 0], "isMain": false}, {"quality": "Less is better", "metricName": "    # inversions", "values": [0, 0, 0, 0, 0, 0, 0, 0, 0, 0, 0, 0, 0, 0, 0], "isMain": false}, {"quality": "Less is better", "metricName": "# misassembled contigs", "values": [2, 4, 7, 9, 1, 0, 4, 3, 3, 5, 11, 1, 0, 5, 4], "isMain": false}, {"quality": "Less is better", "metricName": "Misassembled contigs length", "values": [52909, 541451, 532679, 289559, 508, 0, 105455, 72913, 126343, 1044142, 669110, 508, 0, 170879, 705370], "isMain": true}, {"quality": "Less is better", "metricName": "# local misassemblies", "values": [25, 6, 14, 11, 1, 21, 14, 11, 29, 12, 13, 1, 41, 38, 263], "isMain": false}]], ["Unaligned", [{"quality": "Less is better", "metricName": "# fully unaligned contigs", "values": [0, 0, 3, 0, 0, 1, 2, 1, 0, 0, 0, 0, 1, 1, 1], "isMain": false}, {"quality": "Less is better", "metricName": "Fully unaligned length", "values": [0, 0, 1864, 0, 0, 2316, 1266, 2330, 0, 0, 0, 0, 2316, 501, 2330], "isMain": false}, {"quality": "Less is better", "metricName": "# partially unaligned contigs", "values": [1, 1, 4, 1, 2, 0, 1, 3, 1, 1, 1, 1, 0, 1, 1], "isMain": false}, {"quality": "Less is better", "metricName": "    # with misassembly", "values": [1, 1, 1, 1, 1, 0, 1, 0, 1, 1, 1, 1, 0, 1, 0], "isMain": false}, {"quality": "Less is better", "metricName": "    # both parts are significant", "values": [1, 1, 1, 1, 0, 0, 0, 0, 1, 1, 1, 0, 0, 0, 0], "isMain": false}, {"quality": "Less is better", "metricName": "Partially unaligned length", "values": [2338, 2142, 3505, 2142, 2237, 0, 2140, 266, 2338, 2142, 2142, 2139, 0, 2139, 74], "isMain": false}]], ["Mismatches", [{"quality": "Less is better", "metricName": "# mismatches", "values": [351, 259, 261, 489, 43, 478, 687, 328, 352, 237, 489, 36, 435, 708, 332], "isMain": false}, {"quality": "Less is better", "metricName": "# indels", "values": [428, 130, 119, 193, 109, 159, 157, 166, 405, 316, 320, 109, 303, 310, 1604], "isMain": false}, {"quality": "Less is better", "metricName": "Indels length", "values": [2800, 274, 235, 334, 306, 427, 575, 418, 2870, 895, 461, 306, 707, 1173, 2560], "isMain": false}, {"quality": "Less is better", "metricName": "# mismatches per 100 kbp", "values": ["6.56", "4.80", "4.85", "9.08", "0.80", "8.96", "12.78", "6.18", "6.58", "4.39", "9.08", "0.68", "8.15", "13.16", "6.25"], "isMain": true}, {"quality": "Less is better", "metricName": "# indels per 100 kbp", "values": ["8.00", "2.41", "2.21", "3.58", "2.04", "2.98", "2.92", "3.13", "7.57", "5.86", "5.94", "2.06", "5.68", "5.76", "30.20"], "isMain": true}, {"quality": "Less is better", "metricName": "    # short indels (<= 5 bp)", "values": [337, 125, 115, 189, 102, 150, 142, 159, 310, 286, 316, 102, 285, 284, 1577], "isMain": false}, {"quality": "Less is better", "metricName": "    # long indels (> 5 bp)", "values": [91, 5, 4, 4, 7, 9, 15, 7, 95, 30, 4, 7, 18, 26, 27], "isMain": false}, {"quality": "Less is better", "metricName": "# N's", "values": [5511, 0, 191, 0, 0, 0, 221, 0, 6265, 945, 407, 0, 455, 470, 41988], "isMain": false}, {"quality": "Less is better", "metricName": "# N's per 100 kbp", "values": ["102.42", "0.00", "3.53", "0.00", "0.00", "0.00", "4.10", "0.00", "116.43", "17.43", "7.49", "0.00", "8.51", "8.70", "783.91"], "isMain": true}]], ["Genome statistics", [{"quality": "More is better", "metricName": "Genome fraction (%)", "values": ["98.451", "99.323", "99.155", "99.160", "98.348", "98.226", "98.926", "97.661", "98.444", "99.334", "99.160", "97.572", "98.258", "98.997", "97.755"], "isMain": true}, {"quality": "Less is better", "metricName": "Duplication ratio", "values": ["1.010", "1.006", "1.010", "1.011", "1.004", "1.003", "1.008", "1.003", "1.010", "1.017", "1.011", "1.004", "1.029", "1.012", "1.010"], "isMain": true}, {"quality": "More is better", "metricName": "# genes", "values": ["5813 + 73 part", "5934 + 64 part", "5919 + 85 part", "5961 + 43 part", "5684 + 231 part", "5828 + 58 part", "5896 + 68 part", "5543 + 328 part", "5819 + 65 part", "5964 + 34 part", "5964 + 40 part", "5642 + 232 part", "5843 + 47 part", "5921 + 54 part", "5608 + 278 part"], "isMain": true}, {"quality": "More is better", "metricName": "Largest alignment", "values": [430487, 258489, 311769, 766822, 106317, 606357, 346882, 91844, 430487, 1197973, 1197581, 106317, 1194643, 520985, 890081], "isMain": false}, {"quality": "More is better", "metricName": "NG50", "values": [130570, 155352, 116480, 246697, 25512, 246346, 103691, 24465, 135613, 431479, 337861, 25512, 456635, 212506, 247748], "isMain": false}, {"quality": "More is better", "metricName": "NG75", "values": [65667, 76333, 52231, 170659, 15678, 74856, 57869, 13213, 74197, 211009, 209762, 15678, 116644, 120480, 88406], "isMain": false}, {"quality": "More is better", "metricName": "NA50", "values": [130570, 150479, 100038, 246697, 25767, 246346, 103691, 24577, 135296, 288228, 337861, 25876, 455989, 212506, 208398], "isMain": false}, {"quality": "More is better", "metricName": "NA75", "values": [69698, 74529, 51519, 170659, 16197, 78462, 60216, 13814, 74995, 131868, 184731, 16762, 128609, 120478, 87283], "isMain": false}, {"quality": "More is better", "metricName": "NGA50", "values": [130570, 150479, 100038, 246697, 25512, 246346, 103691, 24465, 135296, 288228, 337861, 25512, 455989, 212506, 208398], "isMain": true}, {"quality": "More is better", "metricName": "NGA75", "values": [65667, 74529, 51519, 170659, 15678, 74856, 57817, 13213, 73848, 131868, 184731, 15678, 116644, 120478, 80463], "isMain": false}, {"quality": "Less is better", "metricName": "LG50", "values": [12, 13, 14, 6, 65, 6, 17, 68, 11, 4, 4, 65, 4, 8, 6], "isMain": false}, {"quality": "Less is better", "metricName": "LG75", "values": [27, 26, 32, 13, 132, 17, 35, 143, 25, 9, 10, 132, 11, 16, 14], "isMain": false}, {"quality": "Less is better", "metricName": "LA50", "values": [12, 14, 15, 6, 64, 6, 17, 66, 11, 5, 4, 63, 4, 8, 7], "isMain": false}, {"quality": "Less is better", "metricName": "LA75", "values": [26, 27, 34, 13, 129, 16, 34, 137, 24, 11, 10, 126, 10, 16, 15], "isMain": false}, {"quality": "Less is better", "metricName": "LGA50", "values": [12, 14, 15, 6, 65, 6, 17, 68, 11, 5, 4, 65, 4, 8, 7], "isMain": false}, {"quality": "Less is better", "metricName": "LGA75", "values": [27, 27, 34, 13, 132, 17, 35, 143, 25, 11, 10, 132, 11, 16, 16], "isMain": false}]], ["Predicted genes", []], ["Reference statistics", [{"quality": "Equal", "metricName": "Reference length", "values": [5432652, 5432652, 5432652, 5432652, 5432652, 5432652, 5432652, 5432652, 5432652, 5432652, 5432652, 5432652, 5432652, 5432652, 5432652], "isMain": false}, {"quality": "Equal", "metricName": "Reference GC (%)", "values": ["35.50", "35.50", "35.50", "35.50", "35.50", "35.50", "35.50", "35.50", "35.50", "35.50", "35.50", "35.50", "35.50", "35.50", "35.50"], "isMain": false}, {"quality": "Equal", "metricName": "Reference genes", "values": [6014, 6014, 6014, 6014, 6014, 6014, 6014, 6014, 6014, 6014, 6014, 6014, 6014, 6014, 6014], "isMain": false}, {"quality": "Equal", "metricName": "Reference operons", "values": [0, 0, 0, 0, 0, 0, 0, 0, 0, 0, 0, 0, 0, 0, 0], "isMain": false}]]], "minContig": 500, "assembliesNames": ["1_BC-M-Abyss-Contig", "1_BC-M-Cabog-Contig", "1_BC-M-Mira-Contig", "1_BC-M-Msrca-Contig", "1_BC-M-Sga-Contig", "1_BC-M-Soap-Contig", "1_BC-M-Spades-Contig", "1_BC-M-Velvet-Contig", "2_BC-M-Abyss-Scaffold", "2_BC-M-Cabog-Scaffold", "2_BC-M-Msrca-Scaffold", "2_BC-M-Sga-Scaffold", "2_BC-M-Soap-Scaffold", "2_BC-M-Spades-Scaffold", "2_BC-M-Velvet-Scaffold"]}