{"ref_genes_number": 0, "genes_in_contigs": {"B_cereus_ATCC_1098": [464, 467, 318, 276, 269, 216, 208, 164, 130, 150, 132, 146, 152, 134, 131, 111, 110, 120, 97, 117, 95, 84, 91, 95, 68, 91, 62, 59, 71, 75, 73, 57, 52, 55, 53, 54, 48, 46, 40, 33, 47, 35, 40, 34, 23, 30, 35, 29, 25, 25, 20, 15, 20, 17, 17, 11, 17, 15, 20, 18, 12, 16, 10, 7, 9, 4, 10, 9, 5, 4, 2, 0, 7, 0, 4, 0, 4, 0, 0, 1, 0, 0, 0, 0, 0, 2, 0], "M_abscessus_ATCC_19977": [], "B_fragilis_638R": [], "R_sphaeroides_2-4-1": []}, "filenames": ["B_cereus_ATCC_1098", "B_fragilis_638R", "M_abscessus_ATCC_19977", "R_sphaeroides_2-4-1"]}