gi|77404693|ref|NC_007489.1|_Rhodobacter_sphaeroides_2.4.1_plasmid_C__complete_sequence	scaffold00033_2	scaffold00033_1	scaffold00036_2	scaffold00023_1	scaffold00023_3	scaffold00023_2
gi|552530953|ref|NC_007490.2|_Rhodobacter_sphaeroides_2.4.1_plasmid_D__complete_sequence	scaffold00035_3	scaffold00030_5	scaffold00030_1	scaffold00039_1	scaffold00030_3	scaffold00030_2	scaffold00036_1	scaffold00046_1	scaffold00047_1	scaffold00030_4
gi|552536492|ref|NC_007494.2|_Rhodobacter_sphaeroides_2.4.1_chromosome_2__complete_sequence	scaffold00007_11	scaffold00007_10	scaffold00031_1	scaffold00007_9	scaffold00007_8	scaffold00007_3	scaffold00007_2	scaffold00007_1	scaffold00007_7	scaffold00007_6	scaffold00007_5	scaffold00007_4	scaffold00003_9	scaffold00040_1	scaffold00009_9	scaffold00009_8	scaffold00009_1	scaffold00009_3	scaffold00009_2	scaffold00009_5	scaffold00009_4	scaffold00009_7	scaffold00009_6	scaffold00006_2	scaffold00006_3	scaffold00006_1	scaffold00006_6	scaffold00006_4	scaffold00006_5	scaffold00006_8	scaffold00006_7	scaffold00034_1	scaffold00044_1	scaffold00044_2	scaffold00021_4	scaffold00015_2	scaffold00015_3	scaffold00015_1	scaffold00009_11	scaffold00009_10	scaffold00009_12	scaffold00003_10	scaffold00021_3	scaffold00021_1	scaffold00021_6	scaffold00021_5	scaffold00021_2
gi|552530711|ref|NC_007488.2|_Rhodobacter_sphaeroides_2.4.1_plasmid_B__complete_sequence	scaffold00018_8	scaffold00018_2	scaffold00018_7	scaffold00018_4	scaffold00018_3	scaffold00018_1	scaffold00018_6	scaffold00018_5
gi|552535527|ref|NC_007493.2|_Rhodobacter_sphaeroides_2.4.1_chromosome_1__complete_sequence	scaffold00002_5	scaffold00012_6	scaffold00017_1	scaffold00029_2	scaffold00029_1	scaffold00020_2	scaffold00020_3	scaffold00020_4	scaffold00020_5	scaffold00022_4	scaffold00022_5	scaffold00022_6	scaffold00022_7	scaffold00005_9	scaffold00005_8	scaffold00022_2	scaffold00022_3	scaffold00005_5	scaffold00005_4	scaffold00005_7	scaffold00005_6	scaffold00005_1	scaffold00022_9	scaffold00005_3	scaffold00005_2	scaffold00024_4	scaffold00024_2	scaffold00024_3	scaffold00003_8	scaffold00003_7	scaffold00003_6	scaffold00003_5	scaffold00003_4	scaffold00003_3	scaffold00003_2	scaffold00003_1	scaffold00022_8	scaffold00019_1	scaffold00019_6	scaffold00019_7	scaffold00019_4	scaffold00032_2	scaffold00022_1	scaffold00011_4	scaffold00011_4	scaffold00026_1	scaffold00026_2	scaffold00024_1	scaffold00001_3	scaffold00001_4	scaffold00001_9	scaffold00001_8	scaffold00028_1	scaffold00004_4	scaffold00001_1	scaffold00004_6	scaffold00004_7	scaffold00004_1	scaffold00004_2	scaffold00004_3	scaffold00004_8	scaffold00004_9	scaffold00002_6	scaffold00002_7	scaffold00002_4	scaffold00001_2	scaffold00002_2	scaffold00002_3	scaffold00002_1	scaffold00001_5	scaffold00002_8	scaffold00042_1	scaffold00001_7	scaffold00001_6	scaffold00008_1	scaffold00008_2	scaffold00008_3	scaffold00008_4	scaffold00008_5	scaffold00008_6	scaffold00008_7	scaffold00008_8	scaffold00011_3	scaffold00011_1	scaffold00004_12	scaffold00004_10	scaffold00004_11	scaffold00017_2	scaffold00013_4	scaffold00013_5	scaffold00013_6	scaffold00013_7	scaffold00013_1	scaffold00013_2	scaffold00013_3	scaffold00038_1	scaffold00014_6	scaffold00014_5	scaffold00014_4	scaffold00014_3	scaffold00014_2	scaffold00014_1	scaffold00004_5	scaffold00004_5	scaffold00016_1	scaffold00016_3	scaffold00016_2	scaffold00016_4	scaffold00019_2	scaffold00019_3	scaffold00019_5	scaffold00011_2	scaffold00032_1	scaffold00022_10	scaffold00022_11	scaffold00010_3	scaffold00010_2	scaffold00010_1	scaffold00010_5	scaffold00010_8	scaffold00012_5	scaffold00012_4	scaffold00012_1	scaffold00012_3	scaffold00012_2	scaffold00017_3	scaffold00010_7	scaffold00010_6	scaffold00010_4	scaffold00020_1
gi|125654605|ref|NC_009007.1|_Rhodobacter_sphaeroides_2.4.1_plasmid_A__partial_sequence	scaffold00037_2	scaffold00037_3	scaffold00037_1	scaffold00035_2	scaffold00048_1	scaffold00027_2	scaffold00035_1	scaffold00045_1	scaffold00043_1	scaffold00041_1	scaffold00027_1	scaffold00027_3	scaffold00025_1
gi|125654693|ref|NC_009008.1|_Rhodobacter_sphaeroides_2.4.1_plasmid_E__partial_sequence	scaffold00025_1	scaffold00025_1	scaffold00025_2
