Assembly	# contigs (>= 0 bp)	# contigs (>= 1000 bp)	Total length (>= 0 bp)	Total length (>= 1000 bp)	# contigs	Total length	Largest contig	Reference length	GC (%)	Reference GC (%)	N50	NG50	N75	NG75	L50	LG50	L75	LG75	# misassemblies	Misassembled contigs length	# local misassemblies	# unaligned contigs	Unaligned contigs length	Genome fraction (%)	Duplication ratio	# N's per 100 kbp	# mismatches per 100 kbp	# indels per 100 kbp	# genes	Largest alignment	
A_hydrophila_ATCC_7966 broken	113	81	5009370	4994206	94	5004541	710684	4744448	61.60	61.55	278382	278382	133236	156215	6	6	12	11	2	28456	1	40 + 32 part	4265289	14.751	1.056	0.00	3837.64	141.51	598 + 73 part	52397	
A_hydrophila_ATCC_7966	37	37	5010956	5010956	37	5010956	712801	4744448	61.60	61.55	278382	278382	189722	207147	6	6	11	10	2	28456	1	10 + 25 part	4308234	14.450	1.025	31.65	4041.34	201.68	592 + 67 part	52397	
B_cereus_ATCC_1098 broken	113	81	5009370	4994206	94	5004541	710684	5432652	61.60	35.50	278382	263263	133236	102334	6	7	12	15	-	-	-	94 + 0 part	5004541	-	-	0.00	-	-	-	-	
B_cereus_ATCC_1098	37	37	5010956	5010956	37	5010956	712801	5432652	61.60	35.50	278382	263263	189722	118682	6	7	11	14	-	-	-	37 + 0 part	5010956	-	-	31.65	-	-	-	-	
