gi|77404693|ref|NC_007489.1|_Rhodobacter_sphaeroides_2.4.1_plasmid_C__complete_sequence	NODE_307_length_73118_cov_65.5718	NODE_241_length_3232_cov_43.5911	NODE_287_length_1143_cov_68.5855	NODE_304_length_28008_cov_63.6112
gi|552530953|ref|NC_007490.2|_Rhodobacter_sphaeroides_2.4.1_plasmid_D__complete_sequence	NODE_286_length_1143_cov_75.6517	NODE_340_length_3315_cov_69.4816	NODE_278_length_17512_cov_52.5838	NODE_240_length_3232_cov_55.8499	NODE_312_length_12505_cov_75.4291	NODE_329_length_2823_cov_49.2757	NODE_313_length_12038_cov_73.5761	NODE_285_length_34817_cov_147.793	NODE_111_length_3177_cov_75.3254	NODE_214_length_2962_cov_80.3708	NODE_215_length_4413_cov_46.321	NODE_215_length_4413_cov_46.321
gi|552536492|ref|NC_007494.2|_Rhodobacter_sphaeroides_2.4.1_chromosome_2__complete_sequence	NODE_333_length_15822_cov_44.7692	NODE_255_length_23405_cov_34.157	NODE_323_length_2802_cov_27.7823	NODE_247_length_910_cov_32.3965	NODE_318_length_8087_cov_48.2658	NODE_252_length_1095_cov_22.0385	NODE_336_length_20493_cov_35.2368	NODE_276_length_51670_cov_42.2861	NODE_139_length_60541_cov_32.1794	NODE_303_length_4429_cov_74.6909	NODE_121_length_19931_cov_31.62	NODE_191_length_5577_cov_223.509	NODE_195_length_1275_cov_39.5156	NODE_201_length_826_cov_44.1868	NODE_199_length_734_cov_53.5685	NODE_190_length_12391_cov_32.5345	NODE_246_length_1248_cov_33.492	NODE_204_length_47310_cov_71.282	NODE_305_length_96559_cov_34.3867	NODE_205_length_2877_cov_41.68	NODE_187_length_3300_cov_77.9886	NODE_150_length_116634_cov_32.2545	NODE_125_length_31363_cov_30.1349	NODE_284_length_12844_cov_63.4127	NODE_254_length_1637_cov_49.6991	NODE_228_length_7404_cov_34.2351	NODE_347_length_51206_cov_34.349	NODE_347_length_51206_cov_34.349	NODE_225_length_526_cov_25.5711	NODE_337_length_1946_cov_35.4389	NODE_262_length_17624_cov_39.6686	NODE_273_length_559_cov_26.0337	NODE_304_length_28008_cov_63.6112	NODE_218_length_748_cov_37.5584	NODE_250_length_610_cov_32.3928	NODE_298_length_98113_cov_34.3029	NODE_224_length_40516_cov_33.7892	NODE_271_length_2138_cov_21.1349	NODE_310_length_201460_cov_33.8552	NODE_310_length_201460_cov_33.8552	NODE_196_length_1491_cov_43.2772	NODE_324_length_17594_cov_35.071
gi|552530711|ref|NC_007488.2|_Rhodobacter_sphaeroides_2.4.1_plasmid_B__complete_sequence	NODE_302_length_19904_cov_41.2595	NODE_306_length_94340_cov_44.7859
gi|552535527|ref|NC_007493.2|_Rhodobacter_sphaeroides_2.4.1_chromosome_1__complete_sequence	NODE_308_length_1043_cov_35.1103	NODE_270_length_59047_cov_32.0488	NODE_117_length_12762_cov_33.4866	NODE_274_length_9330_cov_67.6954	NODE_200_length_829_cov_46.8837	NODE_222_length_617_cov_25.9715	NODE_179_length_49959_cov_35.9903	NODE_338_length_124431_cov_33.4486	NODE_334_length_111835_cov_34.0337	NODE_281_length_146569_cov_37.3544	NODE_261_length_759_cov_10.152	NODE_115_length_13556_cov_32.7621	NODE_282_length_792_cov_24.076	NODE_155_length_2390_cov_2.4197	NODE_186_length_68531_cov_32.4726	NODE_116_length_12370_cov_33.6979	NODE_130_length_72194_cov_34.0544	NODE_197_length_2381_cov_59.3568	NODE_112_length_7907_cov_34.597	NODE_136_length_1383_cov_21.5866	NODE_210_length_18605_cov_36.3231	NODE_124_length_60291_cov_36.0587	NODE_120_length_34641_cov_31.7835	NODE_345_length_118414_cov_34.9963	NODE_345_length_118414_cov_34.9963	NODE_169_length_540_cov_56.9031	NODE_118_length_8349_cov_37.2901	NODE_327_length_732_cov_17.4653	NODE_151_length_74486_cov_29.788	NODE_151_length_74486_cov_29.788	NODE_128_length_47691_cov_38.0522	NODE_275_length_47313_cov_39.8269	NODE_314_length_60491_cov_33.8181	NODE_198_length_1788_cov_34.382	NODE_346_length_118623_cov_32.5075	NODE_346_length_118623_cov_32.5075	NODE_129_length_6173_cov_32.5499	NODE_242_length_910_cov_26.3965	NODE_126_length_34300_cov_31.8697	NODE_322_length_42417_cov_35.5336	NODE_226_length_3312_cov_28.9487	NODE_223_length_22222_cov_36.9507	NODE_146_length_53408_cov_32.6445	NODE_108_length_1656_cov_27.649	NODE_193_length_131485_cov_37.3682	NODE_227_length_3805_cov_29.1371	NODE_335_length_119804_cov_34.9905	NODE_113_length_8419_cov_34.1386	NODE_137_length_30013_cov_33.1539	NODE_206_length_2553_cov_43.1065	NODE_316_length_18033_cov_33.644	NODE_269_length_18732_cov_48.0466	NODE_142_length_71177_cov_32.3168	NODE_309_length_1845_cov_26.062	NODE_263_length_10504_cov_36.5568	NODE_141_length_63652_cov_36.6457	NODE_134_length_581_cov_30.8992	NODE_253_length_625_cov_27.7649	NODE_148_length_87434_cov_32.9824	NODE_138_length_74016_cov_32.3919	NODE_144_length_130248_cov_35.686	NODE_152_length_83463_cov_32.1284	NODE_140_length_42137_cov_31.8381	NODE_207_length_2893_cov_47.0923	NODE_147_length_10990_cov_29.9958	NODE_320_length_1233_cov_34.6664	NODE_154_length_2390_cov_21.1383	NODE_315_length_110583_cov_34.3347	NODE_202_length_749_cov_44.2161	NODE_178_length_594_cov_6.34323	NODE_181_length_37180_cov_68.5546	NODE_123_length_24851_cov_33.7771	NODE_321_length_1151_cov_32.5812	NODE_317_length_21570_cov_42.7494	NODE_119_length_43392_cov_33.1109	NODE_332_length_27698_cov_33.7004	NODE_127_length_67626_cov_35.8472	NODE_331_length_52685_cov_36.4735	NODE_283_length_792_cov_22.8399	NODE_301_length_20794_cov_37.3494	NODE_221_length_617_cov_35.2367	NODE_133_length_12674_cov_34.98	NODE_256_length_3310_cov_28.4286	NODE_243_length_910_cov_25.8129	NODE_104_length_764_cov_24.9873	NODE_268_length_120562_cov_37.0146	NODE_220_length_769_cov_48.8333	NODE_260_length_694_cov_7.89828	NODE_251_length_7049_cov_32.3931	NODE_145_length_291333_cov_36.0221
gi|125654605|ref|NC_009007.1|_Rhodobacter_sphaeroides_2.4.1_plasmid_A__partial_sequence	NODE_328_length_14097_cov_68.5009	NODE_194_length_1659_cov_128.05	NODE_203_length_871_cov_44.6581	NODE_326_length_733_cov_92.1416	NODE_217_length_2424_cov_75.8037	NODE_303_length_4429_cov_74.6909	NODE_266_length_2996_cov_72.8334	NODE_267_length_2996_cov_92.4624	NODE_204_length_47310_cov_71.282	NODE_204_length_47310_cov_71.282	NODE_135_length_1248_cov_112.778	NODE_180_length_947_cov_59.2892	NODE_299_length_3932_cov_79.8246	NODE_185_length_4875_cov_79.0488	NODE_213_length_1647_cov_87.1187	NODE_277_length_2852_cov_120.792	NODE_319_length_27106_cov_73.9967	NODE_216_length_2678_cov_93.7095	NODE_177_length_941_cov_46.7494	NODE_325_length_3259_cov_58.2831
gi|125654693|ref|NC_009008.1|_Rhodobacter_sphaeroides_2.4.1_plasmid_E__partial_sequence	NODE_297_length_28110_cov_103.918	NODE_296_length_537_cov_64.2344	NODE_319_length_27106_cov_73.9967	NODE_319_length_27106_cov_73.9967	NODE_311_length_2197_cov_74.9309
