{"date":"04 May 2014, Sunday, 19:36:58","report":[["Statistics without reference",[{"values":[94,37],"quality":"Less is better","isMain":true,"metricName":"# contigs"},{"values":[113,37],"quality":"Less is better","isMain":false,"metricName":"# contigs (>= 0 bp)"},{"values":[81,37],"quality":"Less is better","isMain":false,"metricName":"# contigs (>= 1000 bp)"},{"values":[710684,712801],"quality":"More is better","isMain":true,"metricName":"Largest contig"},{"values":[5004541,5010956],"quality":"More is better","isMain":true,"metricName":"Total length"},{"values":[5009370,5010956],"quality":"More is better","isMain":false,"metricName":"Total length (>= 0 bp)"},{"values":[4994206,5010956],"quality":"More is better","isMain":false,"metricName":"Total length (>= 1000 bp)"},{"values":[278382,278382],"quality":"More is better","isMain":true,"metricName":"N50"},{"values":[133236,189722],"quality":"More is better","isMain":false,"metricName":"N75"},{"values":[6,6],"quality":"Less is better","isMain":false,"metricName":"L50"},{"values":[12,11],"quality":"Less is better","isMain":false,"metricName":"L75"},{"values":["61.60","61.60"],"quality":"Equal","isMain":false,"metricName":"GC (%)"}]],["Misassemblies",[{"values":[0,0],"quality":"Less is better","isMain":true,"metricName":"# misassemblies"},{"values":[0,0],"quality":"Less is better","isMain":false,"metricName":"    # relocations"},{"values":[0,0],"quality":"Less is better","isMain":false,"metricName":"    # translocations"},{"values":[0,0],"quality":"Less is better","isMain":false,"metricName":"    # inversions"},{"values":[0,0],"quality":"Less is better","isMain":false,"metricName":"# misassembled contigs"},{"values":[0,0],"quality":"Less is better","isMain":true,"metricName":"Misassembled contigs length"},{"values":[0,0],"quality":"Less is better","isMain":false,"metricName":"# local misassemblies"}]],["Unaligned",[{"values":[93,36],"quality":"Less is better","isMain":false,"metricName":"# fully unaligned contigs"},{"values":[4902207,4908622],"quality":"Less is better","isMain":false,"metricName":"Fully unaligned length"},{"values":[1,1],"quality":"Less is better","isMain":false,"metricName":"# partially unaligned contigs"},{"values":[0,0],"quality":"Less is better","isMain":false,"metricName":"    # with misassembly"},{"values":[1,1],"quality":"Less is better","isMain":false,"metricName":"    # both parts are significant"},{"values":[100816,100816],"quality":"Less is better","isMain":false,"metricName":"Partially unaligned length"}]],["Mismatches",[{"values":[66,66],"quality":"Less is better","isMain":false,"metricName":"# mismatches"},{"values":[0,0],"quality":"Less is better","isMain":false,"metricName":"# indels"},{"values":[0,0],"quality":"Less is better","isMain":false,"metricName":"Indels length"},{"values":["4347.83","4347.83"],"quality":"Less is better","isMain":true,"metricName":"# mismatches per 100 kbp"},{"values":["0.00","0.00"],"quality":"Less is better","isMain":true,"metricName":"# indels per 100 kbp"},{"values":[0,0],"quality":"Less is better","isMain":false,"metricName":"    # short indels (<= 5 bp)"},{"values":[0,0],"quality":"Less is better","isMain":false,"metricName":"    # long indels (> 5 bp)"},{"values":[0,1586],"quality":"Less is better","isMain":false,"metricName":"# N's"},{"values":["0.00","31.65"],"quality":"Less is better","isMain":true,"metricName":"# N's per 100 kbp"}]],["Genome statistics",[{"values":["0.721","0.721"],"quality":"More is better","isMain":true,"metricName":"Genome fraction (%)"},{"values":["1.000","1.000"],"quality":"Less is better","isMain":true,"metricName":"Duplication ratio"},{"values":[1518,1518],"quality":"More is better","isMain":false,"metricName":"Largest alignment"},{"values":[710684,712801],"quality":"More is better","isMain":false,"metricName":"NG50"},{"values":[710684,712801],"quality":"More is better","isMain":false,"metricName":"NG75"},{"values":[1,1],"quality":"Less is better","isMain":false,"metricName":"LG50"},{"values":[1,1],"quality":"Less is better","isMain":false,"metricName":"LG75"}]],["Predicted genes",[]],["Reference statistics",[{"values":[210423,210423],"quality":"Equal","isMain":false,"metricName":"Reference length"},{"values":["33.69","33.69"],"quality":"Equal","isMain":false,"metricName":"Reference GC (%)"},{"values":[0,0],"quality":"Equal","isMain":false,"metricName":"Reference genes"},{"values":[0,0],"quality":"Equal","isMain":false,"metricName":"Reference operons"}]]],"minContig":500,"assembliesNames":["cabog broken","cabog"]}