gi|77404693|ref|NC_007489.1|_Rhodobacter_sphaeroides_2.4.1_plasmid_C__complete_sequence	contig27	contig137	contig211	contig219	contig553	contig561	contig12
gi|552530953|ref|NC_007490.2|_Rhodobacter_sphaeroides_2.4.1_plasmid_D__complete_sequence	contig429	contig428	contig349	contig362	contig221	contig140	contig142	contig280	contig204	contig124	contig3	contig212	contig475	contig578	contig580	contig163
gi|552536492|ref|NC_007494.2|_Rhodobacter_sphaeroides_2.4.1_chromosome_2__complete_sequence	contig29	contig321	contig320	contig539	contig433	contig434	contig435	contig437	contig438	contig439	contig536	contig464	contig486	contig445	contig444	contig528	contig441	contig278	contig443	contig442	contig442	contig309	contig520	contig478	contig449	contig527	contig317	contig525	contig479	contig451	contig540	contig468	contig469	contig454	contig518	contig452	contig450	contig517	contig459	contig440	contig544	contig2	contig1	contig279	contig501	contig502	contig474	contig543	contig446	contig532	contig496	contig118	contig466	contig467	contig322	contig526	contig526	contig524	contig461	contig463	contig482	contig462	contig542	contig491	contig484	contig481	contig531	contig470	contig471	contig472	contig473	contig480	contig465	contig313	contig523	contig460	contig483	contig485	contig310	contig319	contig318
gi|552530711|ref|NC_007488.2|_Rhodobacter_sphaeroides_2.4.1_plasmid_B__complete_sequence	contig220	contig551	contig139	contig7	contig126	contig116	contig262	contig341	contig247	contig14	contig161
gi|552535527|ref|NC_007493.2|_Rhodobacter_sphaeroides_2.4.1_chromosome_1__complete_sequence	contig28	contig22	contig23	contig20	contig21	contig24	contig289	contig388	contig389	contig387	contig288	contig382	contig382	contig383	contig380	contig381	contig282	contig393	contig157	contig156	contig155	contig154	contig153	contig152	contig151	contig150	contig225	contig225	contig224	contig159	contig158	contig367	contig326	contig368	contig369	contig148	contig149	contig338	contig332	contig330	contig337	contig336	contig146	contig333	contig333	contig238	contig239	contig232	contig233	contig230	contig231	contig236	contig237	contig234	contig235	contig328	contig40	contig287	contig286	contig285	contig284	contig138	contig281	contig135	contig134	contig327	contig131	contig130	contig133	contig132	contig208	contig207	contig206	contig205	contig273	contig457	contig379	contig306	contig515	contig513	contig458	contig59	contig370	contig290	contig292	contig57	contig295	contig296	contig374	contig6	contig128	contig129	contig9	contig8	contig122	contig120	contig121	contig213	contig214	contig215	contig216	contig217	contig218	contig355	contig354	contig357	contig357	contig356	contig394	contig394	contig291	contig67	contig60	contig376	contig112	contig228	contig228	contig294	contig119	contig304	contig267	contig260	contig193	contig192	contig191	contig269	contig268	contig344	contig303	contig342	contig343	contig340	contig105	contig5	contig4	contig276	contig277	contig274	contig275	contig272	contig227	contig270	contig271	contig363	contig375	contig226	contig373	contig181	contig182	contig183	contig125	contig401	contig400	contig402	contig249	contig331	contig358	contig243	contig240	contig246	contig245	contig244	contig324	contig364	contig365	contig366	contig229	contig179	contig178	contig392	contig323	contig17	contig351	contig13	contig11	contig10	contig395	contig283	contig396	contig391	contig391	contig390	contig19	contig18	contig352	contig258	contig259	contig254	contig255	contig256	contig257	contig250	contig251	contig252	contig253	contig329	contig160	contig325	contig84	contig87	contig350	contig83
gi|125654605|ref|NC_009007.1|_Rhodobacter_sphaeroides_2.4.1_plasmid_A__partial_sequence	contig625	contig386	contig94	contig339	contig398	contig453	contig203	contig293	contig127	contig123	contig210	contig117	contig198	contig261	contig75	contig647	contig649	contig316	contig650	contig164
gi|125654693|ref|NC_009008.1|_Rhodobacter_sphaeroides_2.4.1_plasmid_E__partial_sequence	contig425	contig117	contig117	contig415	contig15
