{"date":"08 July 2014, Tuesday, 09:49:34","report":[["Statistics without reference",[{"values":[92,56,110,39,150,52,44,60],"quality":"Less is better","isMain":true,"metricName":"# contigs"},{"values":[103,56,209,52,259,70,68,70],"quality":"Less is better","isMain":false,"metricName":"# contigs (>= 200 bp)"},{"values":[89,56,68,35,130,48,40,57],"quality":"Less is better","isMain":false,"metricName":"# contigs (>= 1000 bp)"},{"values":[244957,285328,379101,449789,173010,364183,350174,336190],"quality":"More is better","isMain":true,"metricName":"Largest contig"},{"values":[3034102,2796508,2853942,2892444,2787797,2822930,2854235,2824718],"quality":"More is better","isMain":true,"metricName":"Total length"},{"values":[3037780,2796508,2884172,2896852,2820633,2828161,2861578,2827522],"quality":"More is better","isMain":false,"metricName":"Total length (>= 200 bp)"},{"values":[3031704,2796508,2825994,2889489,2774031,2820329,2851518,2822704],"quality":"More is better","isMain":false,"metricName":"Total length (>= 1000 bp)"},{"values":[64963,111165,132448,221821,39954,146332,187080,122507],"quality":"More is better","isMain":true,"metricName":"N50"},{"values":[38351,56580,50006,123428,28545,92436,105739,52580],"quality":"More is better","isMain":false,"metricName":"N75"},{"values":[13,7,7,5,22,7,6,7],"quality":"Less is better","isMain":false,"metricName":"L50"},{"values":[29,16,16,9,43,13,11,15],"quality":"Less is better","isMain":false,"metricName":"L75"},{"values":["32.92","32.73","32.75","32.85","32.63","32.69","32.78","32.73"],"quality":"Equal","isMain":false,"metricName":"GC (%)"}]],["Misassemblies",[{"values":[62,78,80,75,34,61,67,66],"quality":"Less is better","isMain":true,"metricName":"# misassemblies"},{"values":[61,78,77,74,33,60,66,64],"quality":"Less is better","isMain":false,"metricName":"    # relocations"},{"values":[1,0,2,0,1,0,0,1],"quality":"Less is better","isMain":false,"metricName":"    # translocations"},{"values":[0,0,1,1,0,1,1,1],"quality":"Less is better","isMain":false,"metricName":"    # inversions"},{"values":[37,27,31,21,28,25,19,29],"quality":"Less is better","isMain":false,"metricName":"# misassembled contigs"},{"values":[2018672,2395546,2301598,2708175,1102196,2429427,2666808,2360697],"quality":"Less is better","isMain":true,"metricName":"Misassembled contigs length"},{"values":[68,63,77,78,44,79,83,78],"quality":"Less is better","isMain":false,"metricName":"# local misassemblies"}]],["Unaligned",[{"values":[7,5,49,3,29,9,7,11],"quality":"Less is better","isMain":false,"metricName":"# fully unaligned contigs"},{"values":[65279,14828,62320,11408,71179,46406,19345,48510],"quality":"Less is better","isMain":false,"metricName":"Fully unaligned length"},{"values":[18,14,13,8,30,10,8,9],"quality":"Less is better","isMain":false,"metricName":"# partially unaligned contigs"},{"values":[6,5,4,3,8,4,4,4],"quality":"Less is better","isMain":false,"metricName":"    # with misassembly"},{"values":[13,10,5,4,15,5,5,6],"quality":"Less is better","isMain":false,"metricName":"    # both parts are significant"},{"values":[120708,47644,38357,98951,87417,47365,61882,46778],"quality":"Less is better","isMain":false,"metricName":"Partially unaligned length"}]],["Mismatches",[{"values":[22197,22101,22751,23308,20963,22361,22487,22661],"quality":"Less is better","isMain":false,"metricName":"# mismatches"},{"values":[1594,1877,1589,1553,1005,1408,1364,1548],"quality":"Less is better","isMain":false,"metricName":"# indels"},{"values":[2821,3734,3165,3083,2304,2952,3031,2901],"quality":"Less is better","isMain":false,"metricName":"Indels length"},{"values":["850.36","852.32","867.95","889.85","817.55","859.46","862.97","867.44"],"quality":"Less is better","isMain":true,"metricName":"# mismatches per 100 kbp"},{"values":["61.07","72.39","60.62","59.29","39.19","54.12","52.35","59.26"],"quality":"Less is better","isMain":true,"metricName":"# indels per 100 kbp"},{"values":[1531,1780,1513,1473,951,1332,1281,1478],"quality":"Less is better","isMain":false,"metricName":"    # short indels (<= 5 bp)"},{"values":[63,97,76,80,54,76,83,70],"quality":"Less is better","isMain":false,"metricName":"    # long indels (> 5 bp)"},{"values":[0,0,46,0,0,0,57,0],"quality":"Less is better","isMain":false,"metricName":"# N's"},{"values":["0.00","0.00","1.61","0.00","0.00","0.00","2.00","0.00"],"quality":"Less is better","isMain":true,"metricName":"# N's per 100 kbp"}]],["Genome statistics",[{"values":["90.923","89.895","90.489","90.420","89.180","90.076","90.647","90.395"],"quality":"More is better","isMain":true,"metricName":"Genome fraction (%)"},{"values":["1.080","1.049","1.050","1.062","1.016","1.045","1.056","1.041"],"quality":"Less is better","isMain":true,"metricName":"Duplication ratio"},{"values":["2466 + 66 part","2454 + 57 part","2469 + 64 part","2473 + 56 part","2374 + 80 part","2448 + 56 part","2477 + 54 part","2463 + 61 part"],"quality":"More is better","isMain":true,"metricName":"# genes"},{"values":[187397,172651,187515,187458,137514,187397,187456,187397],"quality":"More is better","isMain":false,"metricName":"Largest alignment"},{"values":[73887,102839,132448,221821,38102,146332,187080,122507],"quality":"More is better","isMain":false,"metricName":"NG50"},{"values":[39976,53749,50006,123428,23344,53313,105739,49888],"quality":"More is better","isMain":false,"metricName":"NG75"},{"values":[42776,45901,52166,70865,32628,79978,70865,64058],"quality":"More is better","isMain":false,"metricName":"NA50"},{"values":[22162,26603,31712,37339,17410,33715,37339,33895],"quality":"More is better","isMain":false,"metricName":"NA75"},{"values":[49061,45835,49345,70865,32014,79978,70865,57767],"quality":"More is better","isMain":true,"metricName":"NGA50"},{"values":[27300,23299,31356,34865,15924,32354,34865,32712],"quality":"More is better","isMain":false,"metricName":"NGA75"},{"values":[12,8,7,5,23,7,6,7],"quality":"Less is better","isMain":false,"metricName":"LG50"},{"values":[26,17,16,9,46,14,11,17],"quality":"Less is better","isMain":false,"metricName":"LG75"},{"values":[19,17,16,13,28,13,13,14],"quality":"Less is better","isMain":false,"metricName":"LA50"},{"values":[42,35,34,27,54,27,27,30],"quality":"Less is better","isMain":false,"metricName":"LA75"},{"values":[18,18,17,13,30,13,13,15],"quality":"Less is better","isMain":false,"metricName":"LGA50"},{"values":[38,38,35,28,60,29,28,32],"quality":"Less is better","isMain":false,"metricName":"LGA75"}]],["Predicted genes",[]],["Reference statistics",[{"values":[2903081,2903081,2903081,2903081,2903081,2903081,2903081,2903081],"quality":"Equal","isMain":false,"metricName":"Reference length"},{"values":["32.73","32.73","32.73","32.73","32.73","32.73","32.73","32.73"],"quality":"Equal","isMain":false,"metricName":"Reference GC (%)"},{"values":[2844,2844,2844,2844,2844,2844,2844,2844],"quality":"Equal","isMain":false,"metricName":"Reference genes"},{"values":[0,0,0,0,0,0,0,0],"quality":"Equal","isMain":false,"metricName":"Reference operons"}]]],"minContig":500,"assembliesNames":["SA-H-Abyss-Contig","SA-H-Cabog-Contig","SA-H-Mira-Contig","SA-H-Msrca-Contig","SA-H-Sga-Contig","SA-H-Soap-Contig","SA-H-Spades-Contig","SA-H-Velvet-Contig"]}