{"date":"22 May 2014, Thursday, 10:22:59","report":[["Statistics without reference",[{"values":[224],"quality":"Less is better","isMain":true,"metricName":"# contigs"},{"values":[224],"quality":"Less is better","isMain":false,"metricName":"# contigs (>= 0 bp)"},{"values":[209],"quality":"Less is better","isMain":false,"metricName":"# contigs (>= 1000 bp)"},{"values":[127547],"quality":"More is better","isMain":true,"metricName":"Largest contig"},{"values":[4558746],"quality":"More is better","isMain":true,"metricName":"Total length"},{"values":[4558746],"quality":"More is better","isMain":false,"metricName":"Total length (>= 0 bp)"},{"values":[4547237],"quality":"More is better","isMain":false,"metricName":"Total length (>= 1000 bp)"},{"values":[36952],"quality":"More is better","isMain":true,"metricName":"N50"},{"values":[22371],"quality":"More is better","isMain":false,"metricName":"N75"},{"values":[41],"quality":"Less is better","isMain":false,"metricName":"L50"},{"values":[79],"quality":"Less is better","isMain":false,"metricName":"L75"},{"values":["68.83"],"quality":"Equal","isMain":false,"metricName":"GC (%)"}]],["Misassemblies",[{"values":[2],"quality":"Less is better","isMain":true,"metricName":"# misassemblies"},{"values":[1],"quality":"Less is better","isMain":false,"metricName":"    # relocations"},{"values":[1],"quality":"Less is better","isMain":false,"metricName":"    # translocations"},{"values":[0],"quality":"Less is better","isMain":false,"metricName":"    # inversions"},{"values":[1],"quality":"Less is better","isMain":false,"metricName":"# misassembled contigs"},{"values":[29656],"quality":"Less is better","isMain":true,"metricName":"Misassembled contigs length"},{"values":[2],"quality":"Less is better","isMain":false,"metricName":"# local misassemblies"}]],["Unaligned",[{"values":[0],"quality":"Less is better","isMain":false,"metricName":"# fully unaligned contigs"},{"values":[0],"quality":"Less is better","isMain":false,"metricName":"Fully unaligned length"},{"values":[0],"quality":"Less is better","isMain":false,"metricName":"# partially unaligned contigs"},{"values":[0],"quality":"Less is better","isMain":false,"metricName":"    # with misassembly"},{"values":[0],"quality":"Less is better","isMain":false,"metricName":"    # both parts are significant"},{"values":[0],"quality":"Less is better","isMain":false,"metricName":"Partially unaligned length"}]],["Mismatches",[{"values":[50],"quality":"Less is better","isMain":false,"metricName":"# mismatches"},{"values":[17],"quality":"Less is better","isMain":false,"metricName":"# indels"},{"values":[58],"quality":"Less is better","isMain":false,"metricName":"Indels length"},{"values":["1.10"],"quality":"Less is better","isMain":true,"metricName":"# mismatches per 100 kbp"},{"values":["0.37"],"quality":"Less is better","isMain":true,"metricName":"# indels per 100 kbp"},{"values":[13],"quality":"Less is better","isMain":false,"metricName":"    # short indels (<= 5 bp)"},{"values":[4],"quality":"Less is better","isMain":false,"metricName":"    # long indels (> 5 bp)"},{"values":[0],"quality":"Less is better","isMain":false,"metricName":"# N's"},{"values":["0.00"],"quality":"Less is better","isMain":true,"metricName":"# N's per 100 kbp"}]],["Genome statistics",[{"values":["98.953"],"quality":"More is better","isMain":true,"metricName":"Genome fraction (%)"},{"values":["1.005"],"quality":"Less is better","isMain":true,"metricName":"Duplication ratio"},{"values":["4260 + 188 part"],"quality":"More is better","isMain":true,"metricName":"# genes"},{"values":[127547],"quality":"More is better","isMain":false,"metricName":"Largest alignment"},{"values":[36952],"quality":"More is better","isMain":false,"metricName":"NG50"},{"values":[21501],"quality":"More is better","isMain":false,"metricName":"NG75"},{"values":[36952],"quality":"More is better","isMain":false,"metricName":"NA50"},{"values":[22125],"quality":"More is better","isMain":false,"metricName":"NA75"},{"values":[36722],"quality":"More is better","isMain":true,"metricName":"NGA50"},{"values":[21501],"quality":"More is better","isMain":false,"metricName":"NGA75"},{"values":[41],"quality":"Less is better","isMain":false,"metricName":"LG50"},{"values":[81],"quality":"Less is better","isMain":false,"metricName":"LG75"},{"values":[41],"quality":"Less is better","isMain":false,"metricName":"LA50"},{"values":[79],"quality":"Less is better","isMain":false,"metricName":"LA75"},{"values":[42],"quality":"Less is better","isMain":false,"metricName":"LGA50"},{"values":[81],"quality":"Less is better","isMain":false,"metricName":"LGA75"}]],["Predicted genes",[]],["Reference statistics",[{"values":[4602977],"quality":"Equal","isMain":false,"metricName":"Reference length"},{"values":["68.79"],"quality":"Equal","isMain":false,"metricName":"Reference GC (%)"},{"values":[4474],"quality":"Equal","isMain":false,"metricName":"Reference genes"},{"values":[0],"quality":"Equal","isMain":false,"metricName":"Reference operons"}]]],"minContig":500,"assembliesNames":["R.S.-M-Newbler_raw"]}