{"date": "04 July 2014, Friday, 04:23:34", "report": [["Statistics without reference", [{"quality": "Less is better", "metricName": "# contigs", "values": [188, 188, 188, 188], "isMain": true}, {"quality": "Less is better", "metricName": "# contigs (>= 500 bp)", "values": [188, 188, "", ""], "isMain": false}, {"quality": "Less is better", "metricName": "# contigs (>= 1000 bp)", "values": [188, 188, 188, 188], "isMain": false}, {"quality": "More is better", "metricName": "Largest contig", "values": [5646, 5646, 5646, 5646], "isMain": true}, {"quality": "More is better", "metricName": "Total length", "values": [318746, 318746, 318746, 318746], "isMain": true}, {"quality": "More is better", "metricName": "Total length (>= 500 bp)", "values": [318746, 318746, "", ""], "isMain": false}, {"quality": "More is better", "metricName": "Total length (>= 1000 bp)", "values": [318746, 318746, 318746, 318746], "isMain": false}, {"quality": "More is better", "metricName": "N50", "values": [1707, 1707, 1707, 1707], "isMain": true}, {"quality": "More is better", "metricName": "N75", "values": [1367, 1367, 1367, 1367], "isMain": false}, {"quality": "Less is better", "metricName": "L50", "values": [69, 69, 69, 69], "isMain": false}, {"quality": "Less is better", "metricName": "L75", "values": [121, 121, 121, 121], "isMain": false}, {"quality": "Equal", "metricName": "GC (%)", "values": ["41.54", "41.54", "41.54", "41.54"], "isMain": false}]], ["Misassemblies", []], ["Unaligned", []], ["Mismatches", [{"quality": "Less is better", "metricName": "# N's", "values": [0, 0, 0, 0], "isMain": false}, {"quality": "Less is better", "metricName": "# N's per 100 kbp", "values": ["0.00", "0.00", "0.00", "0.00"], "isMain": true}]], ["Genome statistics", []], ["Predicted genes", []], ["Reference statistics", []]], "minContig": 500, "assembliesNames": ["1_dataset_2323.dat broken", "1_dataset_2323.dat", "2_dataset_2323.dat broken", "2_dataset_2323.dat"]}