{"date": "22 May 2014, Thursday, 10:25:30", "report": [["Statistics without reference", [{"quality": "Less is better", "metricName": "# contigs", "values": [382, 146, 731, 58, 830, 354, 105, 332, 224], "isMain": true}, {"quality": "Less is better", "metricName": "# contigs (>= 0 bp)", "values": [846, 148, 885, 63, 1032, 441, 275, 655, 224], "isMain": false}, {"quality": "Less is better", "metricName": "# contigs (>= 1000 bp)", "values": [339, 145, 528, 53, 726, 302, 100, 307, 209], "isMain": false}, {"quality": "More is better", "metricName": "Largest contig", "values": [71578, 127844, 67456, 241348, 44874, 115051, 286217, 71713, 127547], "isMain": true}, {"quality": "More is better", "metricName": "Total length", "values": [4503182, 3952525, 4609809, 4246144, 4563433, 4527360, 4588344, 4485514, 4558746], "isMain": true}, {"quality": "More is better", "metricName": "Total length (>= 0 bp)", "values": [4567617, 3952878, 4662776, 4247935, 4621116, 4554476, 4618855, 4537774, 4558746], "isMain": false}, {"quality": "More is better", "metricName": "Total length (>= 1000 bp)", "values": [4474301, 3952023, 4462783, 4242597, 4486986, 4489150, 4584948, 4467985, 4547237], "isMain": false}, {"quality": "More is better", "metricName": "N50", "values": [22050, 41794, 15792, 142742, 9224, 33829, 118093, 24347, 36952], "isMain": true}, {"quality": "More is better", "metricName": "N75", "values": [11736, 22363, 8236, 102371, 4941, 16889, 53389, 14804, 22371], "isMain": false}, {"quality": "Less is better", "metricName": "L50", "values": [67, 30, 90, 12, 150, 44, 15, 58, 41], "isMain": false}, {"quality": "Less is better", "metricName": "L75", "values": [137, 64, 191, 21, 321, 88, 30, 115, 79], "isMain": false}, {"quality": "Equal", "metricName": "GC (%)", "values": ["68.77", "69.06", "68.75", "68.90", "68.79", "68.83", "68.81", "68.77", "68.83"], "isMain": false}]], ["Misassemblies", [{"quality": "Less is better", "metricName": "# misassemblies", "values": [2, 6, 20, 5, 3, 1, 9, 3, 2], "isMain": true}, {"quality": "Less is better", "metricName": "    # relocations", "values": [1, 3, 7, 2, 1, 0, 1, 2, 1], "isMain": false}, {"quality": "Less is better", "metricName": "    # translocations", "values": [1, 3, 13, 3, 2, 1, 8, 1, 1], "isMain": false}, {"quality": "Less is better", "metricName": "    # inversions", "values": [0, 0, 0, 0, 0, 0, 0, 0, 0], "isMain": false}, {"quality": "Less is better", "metricName": "# misassembled contigs", "values": [1, 5, 13, 5, 2, 1, 5, 2, 1], "isMain": false}, {"quality": "Less is better", "metricName": "Misassembled contigs length", "values": [24651, 119353, 162528, 41134, 10550, 3702, 216655, 92376, 29656], "isMain": true}, {"quality": "Less is better", "metricName": "# local misassemblies", "values": [2, 2, 6, 4, 1, 10, 4, 8, 2], "isMain": false}]], ["Unaligned", [{"quality": "Less is better", "metricName": "# fully unaligned contigs", "values": [0, 0, 0, 0, 0, 0, 0, 1, 0], "isMain": false}, {"quality": "Less is better", "metricName": "Fully unaligned length", "values": [0, 0, 0, 0, 0, 0, 0, 688, 0], "isMain": false}, {"quality": "Less is better", "metricName": "# partially unaligned contigs", "values": [2, 1, 2, 1, 1, 1, 0, 0, 0], "isMain": false}, {"quality": "Less is better", "metricName": "    # with misassembly", "values": [0, 0, 0, 0, 0, 0, 0, 0, 0], "isMain": false}, {"quality": "Less is better", "metricName": "    # both parts are significant", "values": [0, 0, 0, 0, 0, 0, 0, 0, 0], "isMain": false}, {"quality": "Less is better", "metricName": "Partially unaligned length", "values": [96, 78, 43, 23, 11, 383, 0, 0, 0], "isMain": false}]], ["Mismatches", [{"quality": "Less is better", "metricName": "# mismatches", "values": [152, 280, 1801, 409, 40, 141, 372, 471, 50], "isMain": false}, {"quality": "Less is better", "metricName": "# indels", "values": [11, 18, 234, 33, 18, 35, 36, 29, 17], "isMain": false}, {"quality": "Less is better", "metricName": "Indels length", "values": [45, 26, 391, 49, 74, 62, 120, 147, 58], "isMain": false}, {"quality": "Less is better", "metricName": "# mismatches per 100 kbp", "values": ["3.38", "7.11", "39.58", "9.66", "0.88", "3.13", "8.13", "10.50", "1.10"], "isMain": true}, {"quality": "Less is better", "metricName": "# indels per 100 kbp", "values": ["0.24", "0.46", "5.14", "0.78", "0.40", "0.78", "0.79", "0.65", "0.37"], "isMain": true}, {"quality": "Less is better", "metricName": "    # short indels (<= 5 bp)", "values": [9, 17, 225, 32, 13, 31, 29, 25, 13], "isMain": false}, {"quality": "Less is better", "metricName": "    # long indels (> 5 bp)", "values": [2, 1, 9, 1, 5, 4, 7, 4, 4], "isMain": false}, {"quality": "Less is better", "metricName": "# N's", "values": [0, 210, 119, 0, 0, 0, 466, 0, 0], "isMain": false}, {"quality": "Less is better", "metricName": "# N's per 100 kbp", "values": ["0.00", "5.31", "2.58", "0.00", "0.00", "0.00", "10.16", "0.00", "0.00"], "isMain": true}]], ["Genome statistics", [{"quality": "More is better", "metricName": "Genome fraction (%)", "values": ["97.762", "85.599", "98.849", "91.960", "98.390", "97.983", "99.418", "97.422", "98.953"], "isMain": true}, {"quality": "Less is better", "metricName": "Duplication ratio", "values": ["1.003", "1.009", "1.019", "1.004", "1.008", "1.008", "1.004", "1.000", "1.005"], "isMain": true}, {"quality": "More is better", "metricName": "# genes", "values": ["4120 + 275 part", "3738 + 140 part", "3952 + 505 part", "4110 + 45 part", "3806 + 647 part", "4132 + 306 part", "4383 + 72 part", "4135 + 276 part", "4260 + 188 part"], "isMain": true}, {"quality": "More is better", "metricName": "Largest alignment", "values": [71578, 127843, 67456, 241348, 44874, 115051, 286217, 71713, 127547], "isMain": false}, {"quality": "More is better", "metricName": "NG50", "values": [21441, 31540, 15792, 130714, 9108, 33491, 118093, 24248, 36952], "isMain": false}, {"quality": "More is better", "metricName": "NG75", "values": [11021, 15957, 8326, 64787, 4854, 15849, 53389, 13982, 21501], "isMain": false}, {"quality": "More is better", "metricName": "NA50", "values": [22050, 41176, 15445, 142742, 9224, 33829, 118093, 24300, 36952], "isMain": false}, {"quality": "More is better", "metricName": "NA75", "values": [11706, 22361, 7925, 102371, 4933, 16889, 52010, 14804, 22125], "isMain": false}, {"quality": "More is better", "metricName": "NGA50", "values": [21441, 30364, 15445, 130714, 9108, 33491, 118093, 24205, 36722], "isMain": true}, {"quality": "More is better", "metricName": "NGA75", "values": [11021, 15957, 7925, 64787, 4825, 15822, 52010, 13982, 21501], "isMain": false}, {"quality": "Less is better", "metricName": "LG50", "values": [70, 39, 90, 13, 152, 45, 15, 60, 41], "isMain": false}, {"quality": "Less is better", "metricName": "LG75", "values": [144, 89, 190, 24, 327, 91, 30, 121, 81], "isMain": false}, {"quality": "Less is better", "metricName": "LA50", "values": [67, 31, 91, 12, 150, 44, 15, 59, 41], "isMain": false}, {"quality": "Less is better", "metricName": "LA75", "values": [138, 66, 194, 21, 322, 88, 30, 116, 79], "isMain": false}, {"quality": "Less is better", "metricName": "LGA50", "values": [70, 41, 91, 13, 152, 45, 15, 61, 42], "isMain": false}, {"quality": "Less is better", "metricName": "LGA75", "values": [144, 91, 194, 24, 328, 92, 30, 122, 81], "isMain": false}]], ["Predicted genes", []], ["Reference statistics", [{"quality": "Equal", "metricName": "Reference length", "values": [4602977, 4602977, 4602977, 4602977, 4602977, 4602977, 4602977, 4602977, 4602977], "isMain": false}, {"quality": "Equal", "metricName": "Reference GC (%)", "values": ["68.79", "68.79", "68.79", "68.79", "68.79", "68.79", "68.79", "68.79", "68.79"], "isMain": false}, {"quality": "Equal", "metricName": "Reference genes", "values": [4474, 4474, 4474, 4474, 4474, 4474, 4474, 4474, 4474], "isMain": false}, {"quality": "Equal", "metricName": "Reference operons", "values": [0, 0, 0, 0, 0, 0, 0, 0, 0], "isMain": false}]]], "minContig": 500, "assembliesNames": ["1_RS-M-Abyss-Contig", "1_RS-M-Cabog-Contig", "1_RS-M-Mira-Contig", "1_RS-M-Msrca-Contig", "1_RS-M-Sga-Contig", "1_RS-M-Soap-Contig", "1_RS-M-Spades-Contig", "1_RS-M-Velvet-Contig", "2_R.S.-M-Newbler_raw"]}