{"date":"08 July 2014, Tuesday, 11:12:20","report":[["Statistics without reference",[{"values":[87,77,132,68,361,79,113,373],"quality":"Less is better","isMain":true,"metricName":"# contigs"},{"values":[115,78,153,90,3335,105,49967,404],"quality":"Less is better","isMain":false,"metricName":"# contigs (>= 200 bp)"},{"values":[82,77,96,55,320,73,99,351],"quality":"Less is better","isMain":false,"metricName":"# contigs (>= 1000 bp)"},{"values":[430487,258489,311769,766822,106317,606530,346945,91844],"quality":"More is better","isMain":true,"metricName":"Largest contig"},{"values":[5380960,5419570,5413818,5432639,5368062,5341631,5395402,5310336],"quality":"More is better","isMain":true,"metricName":"Total length"},{"values":[5388694,5419995,5421518,5440292,6178704,5349083,17873366,5319276],"quality":"More is better","isMain":false,"metricName":"Total length (>= 200 bp)"},{"values":[5376981,5419570,5389079,5422846,5340740,5337776,5385812,5295268],"quality":"More is better","isMain":false,"metricName":"Total length (>= 1000 bp)"},{"values":[130570,155352,116480,246697,25767,246346,103691,24786],"quality":"More is better","isMain":true,"metricName":"N50"},{"values":[69698,76333,52231,170659,16197,78462,60216,13917],"quality":"More is better","isMain":false,"metricName":"N75"},{"values":[12,13,14,6,64,6,17,65],"quality":"Less is better","isMain":false,"metricName":"L50"},{"values":[26,26,32,13,129,16,34,136],"quality":"Less is better","isMain":false,"metricName":"L75"},{"values":["35.30","35.41","35.42","35.39","35.30","35.28","35.36","35.29"],"quality":"Equal","isMain":false,"metricName":"GC (%)"}]],["Misassemblies",[{"values":[2,4,8,9,1,0,5,3],"quality":"Less is better","isMain":true,"metricName":"# misassemblies"},{"values":[1,3,6,8,1,0,4,3],"quality":"Less is better","isMain":false,"metricName":"    # relocations"},{"values":[1,1,2,1,0,0,1,0],"quality":"Less is better","isMain":false,"metricName":"    # translocations"},{"values":[0,0,0,0,0,0,0,0],"quality":"Less is better","isMain":false,"metricName":"    # inversions"},{"values":[2,4,7,9,1,0,4,3],"quality":"Less is better","isMain":false,"metricName":"# misassembled contigs"},{"values":[52909,541451,532679,289559,508,0,105455,72913],"quality":"Less is better","isMain":true,"metricName":"Misassembled contigs length"},{"values":[25,6,14,11,1,21,14,11],"quality":"Less is better","isMain":false,"metricName":"# local misassemblies"}]],["Unaligned",[{"values":[0,0,3,0,0,1,2,1],"quality":"Less is better","isMain":false,"metricName":"# fully unaligned contigs"},{"values":[0,0,1864,0,0,2316,1266,2330],"quality":"Less is better","isMain":false,"metricName":"Fully unaligned length"},{"values":[1,1,4,1,2,0,1,3],"quality":"Less is better","isMain":false,"metricName":"# partially unaligned contigs"},{"values":[1,1,1,1,1,0,1,0],"quality":"Less is better","isMain":false,"metricName":"    # with misassembly"},{"values":[1,1,1,1,0,0,0,0],"quality":"Less is better","isMain":false,"metricName":"    # both parts are significant"},{"values":[2338,2142,3505,2142,2237,0,2140,266],"quality":"Less is better","isMain":false,"metricName":"Partially unaligned length"}]],["Mismatches",[{"values":[351,259,261,489,43,478,687,328],"quality":"Less is better","isMain":false,"metricName":"# mismatches"},{"values":[428,130,119,193,109,159,157,166],"quality":"Less is better","isMain":false,"metricName":"# indels"},{"values":[2800,274,235,334,306,427,575,418],"quality":"Less is better","isMain":false,"metricName":"Indels length"},{"values":["6.56","4.80","4.85","9.08","0.80","8.96","12.78","6.18"],"quality":"Less is better","isMain":true,"metricName":"# mismatches per 100 kbp"},{"values":["8.00","2.41","2.21","3.58","2.04","2.98","2.92","3.13"],"quality":"Less is better","isMain":true,"metricName":"# indels per 100 kbp"},{"values":[337,125,115,189,102,150,142,159],"quality":"Less is better","isMain":false,"metricName":"    # short indels (<= 5 bp)"},{"values":[91,5,4,4,7,9,15,7],"quality":"Less is better","isMain":false,"metricName":"    # long indels (> 5 bp)"},{"values":[5511,0,191,0,0,0,221,0],"quality":"Less is better","isMain":false,"metricName":"# N's"},{"values":["102.42","0.00","3.53","0.00","0.00","0.00","4.10","0.00"],"quality":"Less is better","isMain":true,"metricName":"# N's per 100 kbp"}]],["Genome statistics",[{"values":["98.451","99.323","99.155","99.160","98.348","98.226","98.926","97.661"],"quality":"More is better","isMain":true,"metricName":"Genome fraction (%)"},{"values":["1.010","1.006","1.010","1.011","1.004","1.003","1.008","1.003"],"quality":"Less is better","isMain":true,"metricName":"Duplication ratio"},{"values":["5813 + 73 part","5934 + 64 part","5919 + 85 part","5961 + 43 part","5684 + 231 part","5828 + 58 part","5896 + 68 part","5543 + 328 part"],"quality":"More is better","isMain":true,"metricName":"# genes"},{"values":[430487,258489,311769,766822,106317,606357,346882,91844],"quality":"More is better","isMain":false,"metricName":"Largest alignment"},{"values":[130570,155352,116480,246697,25512,246346,103691,24465],"quality":"More is better","isMain":false,"metricName":"NG50"},{"values":[65667,76333,52231,170659,15678,74856,57869,13213],"quality":"More is better","isMain":false,"metricName":"NG75"},{"values":[130570,150479,100038,246697,25767,246346,103691,24577],"quality":"More is better","isMain":false,"metricName":"NA50"},{"values":[69698,74529,51519,170659,16197,78462,60216,13814],"quality":"More is better","isMain":false,"metricName":"NA75"},{"values":[130570,150479,100038,246697,25512,246346,103691,24465],"quality":"More is better","isMain":true,"metricName":"NGA50"},{"values":[65667,74529,51519,170659,15678,74856,57817,13213],"quality":"More is better","isMain":false,"metricName":"NGA75"},{"values":[12,13,14,6,65,6,17,68],"quality":"Less is better","isMain":false,"metricName":"LG50"},{"values":[27,26,32,13,132,17,35,143],"quality":"Less is better","isMain":false,"metricName":"LG75"},{"values":[12,14,15,6,64,6,17,66],"quality":"Less is better","isMain":false,"metricName":"LA50"},{"values":[26,27,34,13,129,16,34,137],"quality":"Less is better","isMain":false,"metricName":"LA75"},{"values":[12,14,15,6,65,6,17,68],"quality":"Less is better","isMain":false,"metricName":"LGA50"},{"values":[27,27,34,13,132,17,35,143],"quality":"Less is better","isMain":false,"metricName":"LGA75"}]],["Predicted genes",[]],["Reference statistics",[{"values":[5432652,5432652,5432652,5432652,5432652,5432652,5432652,5432652],"quality":"Equal","isMain":false,"metricName":"Reference length"},{"values":["35.50","35.50","35.50","35.50","35.50","35.50","35.50","35.50"],"quality":"Equal","isMain":false,"metricName":"Reference GC (%)"},{"values":[6014,6014,6014,6014,6014,6014,6014,6014],"quality":"Equal","isMain":false,"metricName":"Reference genes"},{"values":[0,0,0,0,0,0,0,0],"quality":"Equal","isMain":false,"metricName":"Reference operons"}]]],"minContig":500,"assembliesNames":["BC-M-Abyss-Contig","BC-M-Cabog-Contig","BC-M-Mira-Contig","BC-M-Msrca-Contig","BC-M-Sga-Contig","BC-M-Soap-Contig","BC-M-Spades-Contig","BC-M-Velvet-Contig"]}