{"date":"02 May 2014, Friday, 16:18:28","report":[["Statistics without reference",[{"values":[96,127,82,63,304,71,74,138,64,109,56,301,66,57,59],"quality":"Less is better","isMain":true,"metricName":"# contigs"},{"values":[147,127,16036,66,679,143,99,189,98,109,59,363,136,73,108],"quality":"Less is better","isMain":false,"metricName":"# contigs (>= 0 bp)"},{"values":[87,127,59,57,281,65,60,132,59,109,50,281,61,52,53],"quality":"Less is better","isMain":false,"metricName":"# contigs (>= 1000 bp)"},{"values":[610290,238341,338337,375149,101254,474277,627055,191465,965933,269229,375149,101254,474277,628906,622957],"quality":"More is better","isMain":true,"metricName":"Largest contig"},{"values":[5123560,5116091,5151058,5144734,5122631,5136175,5132082,5126222,5130175,5116469,5144874,5120987,5137467,5460110,5140427],"quality":"More is better","isMain":true,"metricName":"Total length"},{"values":[5134453,5116091,7760947,5146013,5183701,5150322,5139836,5136597,5136030,5116469,5146153,5140237,5151033,5464743,5150090],"quality":"More is better","isMain":false,"metricName":"Total length (>= 0 bp)"},{"values":[5116313,5116091,5136999,5140375,5107561,5131712,5122962,5122117,5126457,5116469,5140515,5107561,5133645,5457060,5136322],"quality":"More is better","isMain":false,"metricName":"Total length (>= 1000 bp)"},{"values":[119446,81416,147272,246830,28734,148639,150258,60955,147937,94359,246830,28734,150256,215724,248309],"quality":"More is better","isMain":true,"metricName":"N50"},{"values":[68977,42966,109542,110872,17153,88169,94999,37038,113145,50959,122899,17153,95162,114286,95160],"quality":"More is better","isMain":false,"metricName":"N75"},{"values":[15,21,12,9,55,11,10,28,8,19,9,55,10,9,8],"quality":"Less is better","isMain":false,"metricName":"L50"},{"values":[29,43,22,17,110,22,20,54,18,37,17,110,20,18,17],"quality":"Less is better","isMain":false,"metricName":"L75"},{"values":["64.10","64.10","64.11","64.13","64.11","64.09","64.11","64.11","64.10","64.10","64.13","64.11","64.09","64.06","64.11"],"quality":"Equal","isMain":false,"metricName":"GC (%)"}]],["Misassemblies",[{"values":[4,7,22,6,3,8,4,4,9,10,11,3,8,8,9],"quality":"Less is better","isMain":true,"metricName":"# misassemblies"},{"values":[4,7,22,6,3,8,4,4,9,10,11,3,8,8,9],"quality":"Less is better","isMain":false,"metricName":"    # relocations"},{"values":[0,0,0,0,0,0,0,0,0,0,0,0,0,0,0],"quality":"Less is better","isMain":false,"metricName":"    # translocations"},{"values":[0,0,0,0,0,0,0,0,0,0,0,0,0,0,0],"quality":"Less is better","isMain":false,"metricName":"    # inversions"},{"values":[4,7,15,6,3,7,4,4,7,10,10,3,7,7,8],"quality":"Less is better","isMain":false,"metricName":"# misassembled contigs"},{"values":[302822,612517,1331243,1062986,114888,1261153,551561,215454,1764233,956535,1758713,114888,1380458,1288081,1695861],"quality":"Less is better","isMain":true,"metricName":"Misassembled contigs length"},{"values":[8,6,6,2,1,16,5,9,28,13,4,1,22,7,83],"quality":"Less is better","isMain":false,"metricName":"# local misassemblies"}]],["Unaligned",[{"values":[0,0,0,0,0,1,0,0,0,0,0,0,1,0,0],"quality":"Less is better","isMain":false,"metricName":"# fully unaligned contigs"},{"values":[0,0,0,0,0,5385,0,0,0,0,0,0,5385,0,0],"quality":"Less is better","isMain":false,"metricName":"Fully unaligned length"},{"values":[3,6,1,0,3,1,1,2,1,5,0,3,1,1,0],"quality":"Less is better","isMain":false,"metricName":"# partially unaligned contigs"},{"values":[2,2,0,0,2,1,1,2,1,2,0,2,1,1,0],"quality":"Less is better","isMain":false,"metricName":"    # with misassembly"},{"values":[2,3,0,0,2,1,1,2,1,3,0,2,1,1,0],"quality":"Less is better","isMain":false,"metricName":"    # both parts are significant"},{"values":[66194,65602,25,0,66157,11899,54213,66112,11899,65564,0,66157,11899,54215,0],"quality":"Less is better","isMain":false,"metricName":"Partially unaligned length"}]],["Mismatches",[{"values":[196,428,288,2511,55,86,107,152,492,440,2575,54,86,248,154],"quality":"Less is better","isMain":false,"metricName":"# mismatches"},{"values":[109,292,44,330,75,63,84,46,214,423,363,75,63,180,63],"quality":"Less is better","isMain":false,"metricName":"# indels"},{"values":[657,427,141,509,176,372,215,237,801,690,611,176,372,551,311],"quality":"Less is better","isMain":false,"metricName":"Indels length"},{"values":["3.93","8.55","5.69","49.65","1.10","1.71","2.14","3.05","9.77","8.79","50.89","1.08","1.71","4.96","3.05"],"quality":"Less is better","isMain":true,"metricName":"# mismatches per 100 kbp"},{"values":["2.19","5.83","0.87","6.53","1.50","1.25","1.68","0.92","4.25","8.45","7.17","1.50","1.25","3.60","1.25"],"quality":"Less is better","isMain":true,"metricName":"# indels per 100 kbp"},{"values":[82,287,42,326,71,51,80,40,185,412,356,71,51,161,54],"quality":"Less is better","isMain":false,"metricName":"    # short indels (<= 5 bp)"},{"values":[27,5,2,4,4,12,4,6,29,11,7,4,12,19,9],"quality":"Less is better","isMain":false,"metricName":"    # long indels (> 5 bp)"},{"values":[620,36,106,0,0,0,0,0,3480,414,140,0,711,0,13493],"quality":"Less is better","isMain":false,"metricName":"# N's"},{"values":["12.10","0.70","2.06","0.00","0.00","0.00","0.00","0.00","67.83","8.09","2.72","0.00","13.84","0.00","262.49"],"quality":"Less is better","isMain":true,"metricName":"# N's per 100 kbp"}]],["Genome statistics",[{"values":["99.073","98.890","99.388","99.341","98.859","99.196","99.242","99.146","99.134","98.892","99.397","98.834","99.199","99.352","99.167"],"quality":"More is better","isMain":true,"metricName":"Genome fraction (%)"},{"values":["1.019","1.004","1.027","1.018","1.005","1.022","1.013","1.019","1.030","1.012","1.017","1.005","1.022","1.077","1.035"],"quality":"Less is better","isMain":true,"metricName":"Duplication ratio"},{"values":["4874 + 85 part","4827 + 136 part","4902 + 65 part","4910 + 56 part","4711 + 246 part","4888 + 74 part","4897 + 65 part","4822 + 135 part","4889 + 76 part","4835 + 128 part","4913 + 54 part","4711 + 244 part","4888 + 74 part","4908 + 57 part","4827 + 130 part"],"quality":"More is better","isMain":true,"metricName":"# genes"},{"values":[610150,238341,313312,309535,101254,474277,627055,191465,663800,238341,309535,101254,474277,628906,522498],"quality":"More is better","isMain":false,"metricName":"Largest alignment"},{"values":[119446,81416,147272,246830,28781,148639,150258,61615,147937,94359,246830,28781,150256,223056,262034],"quality":"More is better","isMain":false,"metricName":"NG50"},{"values":[68977,42966,109542,110872,17362,88169,107346,37038,113145,50959,136061,17362,95162,125893,95160],"quality":"More is better","isMain":false,"metricName":"NG75"},{"values":[111763,78165,129075,187809,27712,147199,147871,58337,127410,89623,187809,27712,147925,209754,147850],"quality":"More is better","isMain":false,"metricName":"NA50"},{"values":[63561,38766,88214,88132,15475,75472,80282,34078,79589,42892,88132,15475,76847,92091,76430],"quality":"More is better","isMain":false,"metricName":"NA75"},{"values":[115738,78165,129075,187809,27760,147199,147871,58337,127410,89623,187809,27760,147925,213402,147850],"quality":"More is better","isMain":true,"metricName":"NGA50"},{"values":[63561,40137,88214,88132,15983,75472,80282,35836,79589,42892,88132,15983,79786,117110,79647],"quality":"More is better","isMain":false,"metricName":"NGA75"},{"values":[15,21,12,9,54,11,10,27,8,19,9,54,10,8,7],"quality":"Less is better","isMain":false,"metricName":"LG50"},{"values":[29,43,22,17,109,22,19,54,18,37,16,109,20,16,17],"quality":"Less is better","isMain":false,"metricName":"LG75"},{"values":[16,23,15,10,57,12,10,29,10,21,10,57,11,10,10],"quality":"Less is better","isMain":false,"metricName":"LA50"},{"values":[31,47,26,19,116,24,21,57,22,40,19,116,23,20,22],"quality":"Less is better","isMain":false,"metricName":"LA75"},{"values":[15,23,15,10,56,12,10,29,10,21,10,56,11,9,10],"quality":"Less is better","isMain":false,"metricName":"LGA50"},{"values":[31,46,26,19,114,24,21,56,22,40,19,114,22,17,21],"quality":"Less is better","isMain":false,"metricName":"LGA75"}]],["Predicted genes",[]],["Reference statistics",[{"values":[5090491,5090491,5090491,5090491,5090491,5090491,5090491,5090491,5090491,5090491,5090491,5090491,5090491,5090491,5090491],"quality":"Equal","isMain":false,"metricName":"Reference length"},{"values":["64.15","64.15","64.15","64.15","64.15","64.15","64.15","64.15","64.15","64.15","64.15","64.15","64.15","64.15","64.15"],"quality":"Equal","isMain":false,"metricName":"Reference GC (%)"},{"values":[4992,4992,4992,4992,4992,4992,4992,4992,4992,4992,4992,4992,4992,4992,4992],"quality":"Equal","isMain":false,"metricName":"Reference genes"},{"values":[0,0,0,0,0,0,0,0,0,0,0,0,0,0,0],"quality":"Equal","isMain":false,"metricName":"Reference operons"}]]],"minContig":500,"assembliesNames":["MA-H-Abyss-Contig","MA-H-Cabog-Contig","MA-H-Mira-Contig","MA-H-Msrca-Contig","MA-H-Sga-Contig","MA-H-Soap-Contig","MA-H-Spades-Contig","MA-H-Velvet-Contig","MA-H-Abyss-Scaffold","MA-H-Cabog-Scaffold","MA-H-Msrca-Scaffold","MA-H-Sga-Scaffold","MA-H-Soap-Scaffold","MA-H-Spades-Scaffold","MA-H-Velvet-Scaffold"]}