{"date": "04 May 2014, Sunday, 19:37:00", "report": [["Statistics without reference", [{"quality": "Less is better", "metricName": "# contigs", "values": [94, 37, 94, 37, 94, 37], "isMain": true}, {"quality": "Less is better", "metricName": "# contigs (>= 0 bp)", "values": [113, 37, 113, 37, 113, 37], "isMain": false}, {"quality": "Less is better", "metricName": "# contigs (>= 1000 bp)", "values": [81, 37, 81, 37, 81, 37], "isMain": false}, {"quality": "More is better", "metricName": "Largest contig", "values": [710684, 712801, 710684, 712801, 710684, 712801], "isMain": true}, {"quality": "More is better", "metricName": "Total length", "values": [5004541, 5010956, 5004541, 5010956, 5004541, 5010956], "isMain": true}, {"quality": "More is better", "metricName": "Total length (>= 0 bp)", "values": [5009370, 5010956, 5009370, 5010956, 5009370, 5010956], "isMain": false}, {"quality": "More is better", "metricName": "Total length (>= 1000 bp)", "values": [4994206, 5010956, 4994206, 5010956, 4994206, 5010956], "isMain": false}, {"quality": "More is better", "metricName": "N50", "values": [278382, 278382, 278382, 278382, 278382, 278382], "isMain": true}, {"quality": "More is better", "metricName": "N75", "values": [133236, 189722, 133236, 189722, 133236, 189722], "isMain": false}, {"quality": "Less is better", "metricName": "L50", "values": [6, 6, 6, 6, 6, 6], "isMain": false}, {"quality": "Less is better", "metricName": "L75", "values": [12, 11, 12, 11, 12, 11], "isMain": false}, {"quality": "Equal", "metricName": "GC (%)", "values": ["61.60", "61.60", "61.60", "61.60", "61.60", "61.60"], "isMain": false}]], ["Misassemblies", [{"quality": "Less is better", "metricName": "# misassemblies", "values": [2, 2, "", "", 0, 0], "isMain": true}, {"quality": "Less is better", "metricName": "    # relocations", "values": [2, 2, "", "", 0, 0], "isMain": false}, {"quality": "Less is better", "metricName": "    # translocations", "values": [0, 0, "", "", 0, 0], "isMain": false}, {"quality": "Less is better", "metricName": "    # inversions", "values": [0, 0, "", "", 0, 0], "isMain": false}, {"quality": "Less is better", "metricName": "# misassembled contigs", "values": [2, 2, "", "", 0, 0], "isMain": false}, {"quality": "Less is better", "metricName": "Misassembled contigs length", "values": [28456, 28456, "", "", 0, 0], "isMain": true}, {"quality": "Less is better", "metricName": "# local misassemblies", "values": [1, 1, "", "", 0, 0], "isMain": false}]], ["Unaligned", [{"quality": "Less is better", "metricName": "# fully unaligned contigs", "values": [40, 10, 94, 37, 93, 36], "isMain": false}, {"quality": "Less is better", "metricName": "Fully unaligned length", "values": [349640, 216953, 5004541, 5010956, 4902207, 4908622], "isMain": false}, {"quality": "Less is better", "metricName": "# partially unaligned contigs", "values": [32, 25, "", "", 1, 1], "isMain": false}, {"quality": "Less is better", "metricName": "    # with misassembly", "values": [20, 20, "", "", 0, 0], "isMain": false}, {"quality": "Less is better", "metricName": "    # both parts are significant", "values": [24, 22, "", "", 1, 1], "isMain": false}, {"quality": "Less is better", "metricName": "Partially unaligned length", "values": [3917778, 4093410, "", "", 100816, 100816], "isMain": false}]], ["Mismatches", [{"quality": "Less is better", "metricName": "# mismatches", "values": [5044, 2084, "", "", 66, 66], "isMain": false}, {"quality": "Less is better", "metricName": "# indels", "values": [186, 104, "", "", 0, 0], "isMain": false}, {"quality": "Less is better", "metricName": "Indels length", "values": [275, 150, "", "", 0, 0], "isMain": false}, {"quality": "Less is better", "metricName": "# mismatches per 100 kbp", "values": ["3837.64", "4041.34", "", "", "4347.83", "4347.83"], "isMain": true}, {"quality": "Less is better", "metricName": "# indels per 100 kbp", "values": ["141.51", "201.68", "", "", "0.00", "0.00"], "isMain": true}, {"quality": "Less is better", "metricName": "    # short indels (<= 5 bp)", "values": [181, 102, "", "", 0, 0], "isMain": false}, {"quality": "Less is better", "metricName": "    # long indels (> 5 bp)", "values": [5, 2, "", "", 0, 0], "isMain": false}, {"quality": "Less is better", "metricName": "# N's", "values": [0, 1586, 0, 1586, 0, 1586], "isMain": false}, {"quality": "Less is better", "metricName": "# N's per 100 kbp", "values": ["0.00", "31.65", "0.00", "31.65", "0.00", "31.65"], "isMain": true}]], ["Genome statistics", [{"quality": "More is better", "metricName": "Genome fraction (%)", "values": ["14.714", "14.413", "", "", "0.721", "0.721"], "isMain": true}, {"quality": "Less is better", "metricName": "Duplication ratio", "values": ["1.056", "1.025", "", "", "1.000", "1.000"], "isMain": true}, {"quality": "More is better", "metricName": "Largest alignment", "values": [52397, 52397, "", "", 1518, 1518], "isMain": false}, {"quality": "More is better", "metricName": "NG50", "values": [278382, 278382, 263263, 278382, 710684, 712801], "isMain": false}, {"quality": "More is better", "metricName": "NG75", "values": [156215, 207147, 118682, 156215, 710684, 712801], "isMain": false}, {"quality": "Less is better", "metricName": "LG50", "values": [6, 6, 7, 6, 1, 1], "isMain": false}, {"quality": "Less is better", "metricName": "LG75", "values": [11, 10, 14, 12, 1, 1], "isMain": false}]], ["Predicted genes", []], ["Reference statistics", [{"quality": "Equal", "metricName": "Reference length", "values": [4742394, 4742394, 5224283, 5224283, 210423, 210423], "isMain": false}, {"quality": "Equal", "metricName": "Reference GC (%)", "values": ["61.55", "61.55", "35.58", "35.58", "33.69", "33.69"], "isMain": false}, {"quality": "Equal", "metricName": "Reference genes", "values": [0, 0, "", "", 0, 0], "isMain": false}, {"quality": "Equal", "metricName": "Reference operons", "values": [0, 0, "", "", 0, 0], "isMain": false}]]], "minContig": 500, "assembliesNames": ["AH1 broken", "AH1", "BC1 broken", "BC1", "BC2 broken", "BC2"]}