{"date":"21 April 2014, Monday, 04:57:59","report":[["Statistics without reference",[{"values":[53],"quality":"Less is better","isMain":true,"metricName":"# contigs"},{"values":[103],"quality":"Less is better","isMain":false,"metricName":"# contigs (>= 0 bp)"},{"values":[51],"quality":"Less is better","isMain":false,"metricName":"# contigs (>= 1000 bp)"},{"values":[526254],"quality":"More is better","isMain":true,"metricName":"Largest contig"},{"values":[4886581],"quality":"More is better","isMain":true,"metricName":"Total length"},{"values":[4895627],"quality":"More is better","isMain":false,"metricName":"Total length (>= 0 bp)"},{"values":[4884654],"quality":"More is better","isMain":false,"metricName":"Total length (>= 1000 bp)"},{"values":[180361],"quality":"More is better","isMain":true,"metricName":"N50"},{"values":[93861],"quality":"More is better","isMain":false,"metricName":"N75"},{"values":[9],"quality":"Less is better","isMain":false,"metricName":"L50"},{"values":[18],"quality":"Less is better","isMain":false,"metricName":"L75"},{"values":["61.61"],"quality":"Equal","isMain":false,"metricName":"GC (%)"}]],["Misassemblies",[{"values":[0],"quality":"Less is better","isMain":true,"metricName":"# misassemblies"},{"values":[0],"quality":"Less is better","isMain":false,"metricName":"    # relocations"},{"values":[0],"quality":"Less is better","isMain":false,"metricName":"    # translocations"},{"values":[0],"quality":"Less is better","isMain":false,"metricName":"    # inversions"},{"values":[0],"quality":"Less is better","isMain":false,"metricName":"# misassembled contigs"},{"values":[0],"quality":"Less is better","isMain":true,"metricName":"Misassembled contigs length"},{"values":[0],"quality":"Less is better","isMain":false,"metricName":"# local misassemblies"}]],["Unaligned",[{"values":[10],"quality":"Less is better","isMain":false,"metricName":"# fully unaligned contigs"},{"values":[159840],"quality":"Less is better","isMain":false,"metricName":"Fully unaligned length"},{"values":[39],"quality":"Less is better","isMain":false,"metricName":"# partially unaligned contigs"},{"values":[27],"quality":"Less is better","isMain":false,"metricName":"    # with misassembly"},{"values":[34],"quality":"Less is better","isMain":false,"metricName":"    # both parts are significant"},{"values":[4023562],"quality":"Less is better","isMain":false,"metricName":"Partially unaligned length"}]],["Mismatches",[{"values":[2248],"quality":"Less is better","isMain":false,"metricName":"# mismatches"},{"values":[74],"quality":"Less is better","isMain":false,"metricName":"# indels"},{"values":[108],"quality":"Less is better","isMain":false,"metricName":"Indels length"},{"values":["3648.52"],"quality":"Less is better","isMain":true,"metricName":"# mismatches per 100 kbp"},{"values":["120.10"],"quality":"Less is better","isMain":true,"metricName":"# indels per 100 kbp"},{"values":[73],"quality":"Less is better","isMain":false,"metricName":"    # short indels (<= 5 bp)"},{"values":[1],"quality":"Less is better","isMain":false,"metricName":"    # long indels (> 5 bp)"},{"values":[0],"quality":"Less is better","isMain":false,"metricName":"# N's"},{"values":["0.00"],"quality":"Less is better","isMain":true,"metricName":"# N's per 100 kbp"}]],["Genome statistics",[{"values":["14.808"],"quality":"More is better","isMain":true,"metricName":"Genome fraction (%)"},{"values":["1.001"],"quality":"Less is better","isMain":true,"metricName":"Duplication ratio"},{"values":["606 + 61 part"],"quality":"More is better","isMain":true,"metricName":"# genes"},{"values":[52419],"quality":"More is better","isMain":false,"metricName":"Largest alignment"},{"values":[184389],"quality":"More is better","isMain":false,"metricName":"NG50"},{"values":[104748],"quality":"More is better","isMain":false,"metricName":"NG75"},{"values":[8],"quality":"Less is better","isMain":false,"metricName":"LG50"},{"values":[17],"quality":"Less is better","isMain":false,"metricName":"LG75"}]],["Predicted genes",[]],["Reference statistics",[{"values":[4744448],"quality":"Equal","isMain":false,"metricName":"Reference length"},{"values":["61.55"],"quality":"Equal","isMain":false,"metricName":"Reference GC (%)"},{"values":[4284],"quality":"Equal","isMain":false,"metricName":"Reference genes"},{"values":[0],"quality":"Equal","isMain":false,"metricName":"Reference operons"}]]],"minContig":500,"assembliesNames":["AH"]}