{"date":"17 June 2014, Tuesday, 02:57:50","report":[["Statistics without reference",[{"values":[85,104,104],"quality":"Less is better","isMain":true,"metricName":"# contigs"},{"values":[85,104,104],"quality":"Less is better","isMain":false,"metricName":"# contigs (>= 500 bp)"},{"values":[65,79,79],"quality":"Less is better","isMain":false,"metricName":"# contigs (>= 1000 bp)"},{"values":[524347,411927,411927],"quality":"More is better","isMain":true,"metricName":"Largest contig"},{"values":[3940257,3903678,3903678],"quality":"More is better","isMain":true,"metricName":"Total length"},{"values":[3940257,3903678,3903678],"quality":"More is better","isMain":false,"metricName":"Total length (>= 500 bp)"},{"values":[3927326,3886781,3886781],"quality":"More is better","isMain":false,"metricName":"Total length (>= 1000 bp)"},{"values":[172545,163386,163386],"quality":"More is better","isMain":true,"metricName":"N50"},{"values":[92099,75755,75755],"quality":"More is better","isMain":false,"metricName":"N75"},{"values":[7,8,8],"quality":"Less is better","isMain":false,"metricName":"L50"},{"values":[14,18,18],"quality":"Less is better","isMain":false,"metricName":"L75"},{"values":["47.50","47.63","47.63"],"quality":"Equal","isMain":false,"metricName":"GC (%)"}]],["Misassemblies",[{"values":[10,10,10],"quality":"Less is better","isMain":true,"metricName":"# misassemblies"},{"values":[8,9,9],"quality":"Less is better","isMain":false,"metricName":"    # relocations"},{"values":[2,1,1],"quality":"Less is better","isMain":false,"metricName":"    # translocations"},{"values":[0,0,0],"quality":"Less is better","isMain":false,"metricName":"    # inversions"},{"values":[8,9,9],"quality":"Less is better","isMain":false,"metricName":"# misassembled contigs"},{"values":[395034,273985,273985],"quality":"Less is better","isMain":true,"metricName":"Misassembled contigs length"},{"values":[129,123,123],"quality":"Less is better","isMain":false,"metricName":"# local misassemblies"}]],["Unaligned",[{"values":[1,1,1],"quality":"Less is better","isMain":false,"metricName":"# fully unaligned contigs"},{"values":[549,549,549],"quality":"Less is better","isMain":false,"metricName":"Fully unaligned length"},{"values":[0,0,0],"quality":"Less is better","isMain":false,"metricName":"# partially unaligned contigs"},{"values":[0,0,0],"quality":"Less is better","isMain":false,"metricName":"    # with misassembly"},{"values":[0,0,0],"quality":"Less is better","isMain":false,"metricName":"    # both parts are significant"},{"values":[0,0,0],"quality":"Less is better","isMain":false,"metricName":"Partially unaligned length"}]],["Mismatches",[{"values":[203,225,225],"quality":"Less is better","isMain":false,"metricName":"# mismatches"},{"values":[370,205,205],"quality":"Less is better","isMain":false,"metricName":"# indels"},{"values":[708,374,374],"quality":"Less is better","isMain":false,"metricName":"Indels length"},{"values":["5.18","5.80","5.80"],"quality":"Less is better","isMain":true,"metricName":"# mismatches per 100 kbp"},{"values":["9.44","5.28","5.28"],"quality":"Less is better","isMain":true,"metricName":"# indels per 100 kbp"},{"values":[346,196,196],"quality":"Less is better","isMain":false,"metricName":"    # short indels (<= 5 bp)"},{"values":[24,9,9],"quality":"Less is better","isMain":false,"metricName":"    # long indels (> 5 bp)"},{"values":[21557,20135,20135],"quality":"Less is better","isMain":false,"metricName":"# N's"},{"values":["547.10","515.80","515.80"],"quality":"Less is better","isMain":true,"metricName":"# N's per 100 kbp"}]],["Genome statistics",[{"values":["97.140","96.251","96.251"],"quality":"More is better","isMain":true,"metricName":"Genome fraction (%)"},{"values":["1.016","1.016","1.016"],"quality":"Less is better","isMain":true,"metricName":"Duplication ratio"},{"values":["3400 + 128 part","3379 + 130 part","3379 + 130 part"],"quality":"More is better","isMain":true,"metricName":"# genes"},{"values":[521619,409820,409820],"quality":"More is better","isMain":false,"metricName":"Largest alignment"},{"values":[172545,157209,157209],"quality":"More is better","isMain":false,"metricName":"NG50"},{"values":[82167,71623,71623],"quality":"More is better","isMain":false,"metricName":"NG75"},{"values":[171505,163055,163055],"quality":"More is better","isMain":false,"metricName":"NA50"},{"values":[91938,71376,71376],"quality":"More is better","isMain":false,"metricName":"NA75"},{"values":[171505,156829,156829],"quality":"More is better","isMain":true,"metricName":"NGA50"},{"values":[80883,59664,59664],"quality":"More is better","isMain":false,"metricName":"NGA75"},{"values":[7,9,9],"quality":"Less is better","isMain":false,"metricName":"LG50"},{"values":[15,19,19],"quality":"Less is better","isMain":false,"metricName":"LG75"},{"values":[7,8,8],"quality":"Less is better","isMain":false,"metricName":"LA50"},{"values":[14,18,18],"quality":"Less is better","isMain":false,"metricName":"LA75"},{"values":[7,9,9],"quality":"Less is better","isMain":false,"metricName":"LGA50"},{"values":[15,20,20],"quality":"Less is better","isMain":false,"metricName":"LGA75"}]],["Predicted genes",[]],["Reference statistics",[{"values":[4033464,4033464,4033464],"quality":"Equal","isMain":false,"metricName":"Reference length"},{"values":["47.49","47.49","47.49"],"quality":"Equal","isMain":false,"metricName":"Reference GC (%)"},{"values":[3693,3693,3693],"quality":"Equal","isMain":false,"metricName":"Reference genes"},{"values":[0,0,0],"quality":"Equal","isMain":false,"metricName":"Reference operons"}]]],"minContig":500,"assembliesNames":["GAGE-B-Hiseq","Velvet_1.2.08-Hiseq","Velvet_1.2.10-Hiseq"]}