Assembly	BC-H-Abyss-Contig	BC-H-Cabog-Contig	BC-H-Mira-Contig	BC-H-Msrca-Contig	BC-H-Sga-Contig	BC-H-Soap-Contig	BC-H-Spades-Contig	BC-H-Velvet-Contig
# fully unaligned contigs	317	122	490	152	541	250	179	250
Fully unaligned length	4185249	2848290	3677450	2963960	4916800	4086765	2603093	3773534
# partially unaligned contigs	42	41	70	50	26	31	55	27
    # with misassembly	9	10	13	17	2	7	17	4
    # both parts are significant	13	26	21	20	11	12	28	15
Partially unaligned length	1570119	1908957	1873594	2601854	527612	1475931	3056794	1151206
# N's	0	0	256	0	0	0	919	0
