gi|77404693|ref|NC_007489.1|_Rhodobacter_sphaeroides_2.4.1_plasmid_C__complete_sequence	contig146	contig320	contig321	contig1	contig348	contig342	contig11	contig167	contig168	contig192	contig191	contig154	contig153	contig90
gi|552530953|ref|NC_007490.2|_Rhodobacter_sphaeroides_2.4.1_plasmid_D__complete_sequence	contig324	contig325	contig322	contig350	contig295	contig296	contig108	contig109	contig319	contig318	contig424	contig299	contig3	contig2	contig349	contig268	contig19	contig300	contig190	contig152	contig204	contig118	contig71	contig189
gi|552536492|ref|NC_007494.2|_Rhodobacter_sphaeroides_2.4.1_chromosome_2__complete_sequence	contig35	contig36	contig33	contig32	contig48	contig49	contig47	contig288	contig50	contig251	contig252	contig253	contig317	contig316	contig311	contig310	contig313	contig312	contig429	contig428	contig423	contig225	contig224	contig17	contig160	contig160	contig161	contig82	contig83	contig289	contig430	contig431	contig432	contig433	contig437	contig231	contig128	contig129	contig126	contig127	contig125	contig123	contig193	contig276	contig272	contig273	contig270	contig271	contig28	contig28	contig29	contig157	contig156	contig97	contig96	contig95	contig339	contig338	contig337	contig336	contig159	contig158	contig110	contig116	contig115	contig184	contig183	contig363	contig364	contig367	contig368
gi|552530711|ref|NC_007488.2|_Rhodobacter_sphaeroides_2.4.1_plasmid_B__complete_sequence	contig285	contig284	contig214	contig215	contig229	contig228	contig16	contig15	contig14	contig13	contig434	contig435	contig196	contig195	contig274	contig275
gi|552535527|ref|NC_007493.2|_Rhodobacter_sphaeroides_2.4.1_chromosome_1__complete_sequence	contig39	contig38	contig38	contig37	contig30	contig148	contig149	contig141	contig142	contig143	contig144	contig145	contig40	contig41	contig42	contig43	contig286	contig283	contig282	contig281	contig280	contig326	contig327	contig210	contig211	contig212	contig213	contig216	contig353	contig279	contig355	contig354	contig357	contig356	contig290	contig52	contig51	contig294	contig297	contig104	contig105	contig106	contig107	contig100	contig101	contig102	contig103	contig171	contig173	contig172	contig175	contig174	contig177	contig176	contig179	contig178	contig259	contig254	contig255	contig256	contig250	contig251	contig315	contig314	contig427	contig425	contig221	contig220	contig220	contig223	contig222	contig227	contig226	contig138	contig134	contig131	contig130	contig132	contig59	contig58	contig53	contig291	contig292	contig293	contig57	contig56	contig55	contig54	contig7	contig6	contig9	contig8	contig261	contig260	contig263	contig262	contig340	contig341	contig346	contig347	contig344	contig345	contig371	contig10	contig328	contig162	contig163	contig164	contig84	contig80	contig306	contig307	contig304	contig304	contig305	contig303	contig301	contig308	contig309	contig438	contig439	contig266	contig69	contig66	contig67	contig64	contig65	contig62	contig62	contig63	contig60	contig60	contig61	contig151	contig150	contig375	contig374	contig373	contig372	contig278	contig370	contig401	contig400	contig359	contig358	contig351	contig352	contig20	contig24	contig25	contig380	contig381	contig99	contig93	contig92	contig91	contig333	contig332	contig335	contig335	contig334	contig209	contig207	contig206	contig205	contig201	contig200	contig113	contig112	contig114	contig70	contig73	contig75	contig74	contig77	contig76	contig79	contig78	contig188	contig185	contig186	contig187	contig249	contig248	contig243	contig242	contig241	contig240	contig247	contig245	contig244	contig360	contig361	contig362	contig365	contig366	contig369	contig412	contig413	contig414
gi|125654605|ref|NC_009007.1|_Rhodobacter_sphaeroides_2.4.1_plasmid_A__partial_sequence	contig45	contig46	contig218	contig258	contig257	contig137	contig136	contig4	contig265	contig264	contig88	contig436	contig238	contig234	contig235	contig199	contig198	contig197	contig219	contig22	contig23	contig26	contig155	contig98	contig331	contig330	contig330	contig330	contig441	contig440	contig86	contig87
gi|125654693|ref|NC_009008.1|_Rhodobacter_sphaeroides_2.4.1_plasmid_E__partial_sequence	contig170	contig165	contig169	contig81	contig120	contig121	contig181	contig181	contig182
