{"ref_genes_number": 4284, "genes_in_contigs": {"1_Cabog": [80, 64, 45, 26, 22, 22, 52, 15, 25, 10, 5, 7, 63, 33, 35, 23, 0, 1, 5, 15, 0, 0, 5, 4, 8, 0, 0, 0, 0, 0, 1, 0, 14, 11, 0, 0, 0, 4, 0, 0, 0, 0, 0, 0, 0, 0, 0, 0, 0, 1, 1, 0, 0, 0, 0, 0, 0, 0, 0, 0, 0, 1, 0, 0, 0, 0, 0, 0, 0, 0, 0, 0, 0, 0, 0, 0, 0, 0, 0, 0, 0, 0, 0, 0, 0, 0, 0, 0, 0, 0, 0, 0, 0, 0], "1_Abyss": [64, 80, 16, 22, 32, 51, 29, 0, 22, 16, 10, 33, 63, 32, 3, 12, 6, 46, 3, 12, 7, 0, 1, 7, 0, 1, 0, 5, 6, 3, 0, 0, 0, 0, 0, 17, 0, 0, 0, 1, 0, 2, 1, 0, 0, 0, 3, 0, 1, 0, 0, 0, 0, 0], "2_Cabog_Scf": [81, 64, 45, 26, 22, 22, 52, 63, 15, 25, 10, 5, 7, 33, 35, 23, 4, 0, 1, 5, 15, 0, 5, 8, 0, 0, 0, 0, 1, 0, 14, 11, 0, 0, 0, 0, 0], "2_Abyss_Scf": [64, 80, 32, 22, 16, 32, 51, 29, 0, 22, 6, 7, 10, 33, 63, 32, 6, 46, 3, 13, 0, 1, 0, 0, 5, 6, 0, 0, 0, 17, 0, 0, 1, 0, 1, 1, 1, 0, 3, 0, 0, 0, 0, 0, 0]}, "filenames": ["1_Abyss", "1_Cabog", "2_Abyss_Scf", "2_Cabog_Scf"]}