{"date": "22 May 2014, Thursday, 00:56:32", "report": [["Statistics without reference", [{"quality": "Less is better", "metricName": "# contigs", "values": [54, 94, 45, 37], "isMain": true}, {"quality": "Less is better", "metricName": "# contigs (>= 0 bp)", "values": [174, 113, 158, 37], "isMain": false}, {"quality": "Less is better", "metricName": "# contigs (>= 1000 bp)", "values": [52, 81, 43, 37], "isMain": false}, {"quality": "More is better", "metricName": "Largest contig", "values": [654090, 710684, 654090, 712801], "isMain": true}, {"quality": "More is better", "metricName": "Total length", "values": [4969260, 5004541, 4969781, 5010956], "isMain": true}, {"quality": "More is better", "metricName": "Total length (>= 0 bp)", "values": [4985428, 5009370, 4984065, 5010956], "isMain": false}, {"quality": "More is better", "metricName": "Total length (>= 1000 bp)", "values": [4967717, 4994206, 4968254, 5010956], "isMain": false}, {"quality": "More is better", "metricName": "N50", "values": [237457, 278382, 268392, 278382], "isMain": true}, {"quality": "More is better", "metricName": "N75", "values": [121603, 133236, 137136, 189722], "isMain": false}, {"quality": "Less is better", "metricName": "L50", "values": [7, 6, 6, 6], "isMain": false}, {"quality": "Less is better", "metricName": "L75", "values": [15, 12, 13, 11], "isMain": false}, {"quality": "Equal", "metricName": "GC (%)", "values": ["61.53", "61.60", "61.53", "61.60"], "isMain": false}]], ["Misassemblies", [{"quality": "Less is better", "metricName": "# misassemblies", "values": [0, 2, 1, 2], "isMain": true}, {"quality": "Less is better", "metricName": "    # relocations", "values": [0, 2, 1, 2], "isMain": false}, {"quality": "Less is better", "metricName": "    # translocations", "values": [0, 0, 0, 0], "isMain": false}, {"quality": "Less is better", "metricName": "    # inversions", "values": [0, 0, 0, 0], "isMain": false}, {"quality": "Less is better", "metricName": "# misassembled contigs", "values": [0, 2, 1, 2], "isMain": false}, {"quality": "Less is better", "metricName": "Misassembled contigs length", "values": [0, 28456, 2772, 28456], "isMain": true}, {"quality": "Less is better", "metricName": "# local misassemblies", "values": [0, 1, 0, 1], "isMain": false}]], ["Unaligned", [{"quality": "Less is better", "metricName": "# fully unaligned contigs", "values": [12, 40, 9, 10], "isMain": false}, {"quality": "Less is better", "metricName": "Fully unaligned length", "values": [162641, 349640, 118023, 216953], "isMain": false}, {"quality": "Less is better", "metricName": "# partially unaligned contigs", "values": [34, 32, 28, 25], "isMain": false}, {"quality": "Less is better", "metricName": "    # with misassembly", "values": [25, 20, 21, 20], "isMain": false}, {"quality": "Less is better", "metricName": "    # both parts are significant", "values": [29, 24, 26, 22], "isMain": false}, {"quality": "Less is better", "metricName": "Partially unaligned length", "values": [4071442, 3915649, 4122327, 4091281], "isMain": false}]], ["Mismatches", [{"quality": "Less is better", "metricName": "# mismatches", "values": [1049, 5044, 1060, 2084], "isMain": false}, {"quality": "Less is better", "metricName": "# indels", "values": [44, 186, 46, 104], "isMain": false}, {"quality": "Less is better", "metricName": "Indels length", "values": [59, 275, 61, 150], "isMain": false}, {"quality": "Less is better", "metricName": "# mismatches per 100 kbp", "values": ["2686.51", "3837.64", "2698.92", "4041.34"], "isMain": true}, {"quality": "Less is better", "metricName": "# indels per 100 kbp", "values": ["112.68", "141.51", "117.12", "201.68"], "isMain": true}, {"quality": "Less is better", "metricName": "    # short indels (<= 5 bp)", "values": [43, 181, 45, 102], "isMain": false}, {"quality": "Less is better", "metricName": "    # long indels (> 5 bp)", "values": [1, 5, 1, 2], "isMain": false}, {"quality": "Less is better", "metricName": "# N's", "values": [91, 0, 491, 1586], "isMain": false}, {"quality": "Less is better", "metricName": "# N's per 100 kbp", "values": ["1.83", "0.00", "9.88", "31.65"], "isMain": true}]], ["Genome statistics", [{"quality": "More is better", "metricName": "Genome fraction (%)", "values": ["15.010", "14.751", "14.876", "14.450"], "isMain": true}, {"quality": "Less is better", "metricName": "Duplication ratio", "values": ["1.032", "1.056", "1.033", "1.025"], "isMain": true}, {"quality": "More is better", "metricName": "# genes", "values": ["607 + 66 part", "598 + 73 part", "603 + 65 part", "592 + 67 part"], "isMain": true}, {"quality": "More is better", "metricName": "Largest alignment", "values": [52419, 52397, 52419, 52397], "isMain": false}, {"quality": "More is better", "metricName": "NG50", "values": [237457, 278382, 268392, 278382], "isMain": false}, {"quality": "More is better", "metricName": "NG75", "values": [122207, 156215, 137898, 207147], "isMain": false}, {"quality": "Less is better", "metricName": "LG50", "values": [7, 6, 6, 6], "isMain": false}, {"quality": "Less is better", "metricName": "LG75", "values": [14, 11, 12, 10], "isMain": false}]], ["Predicted genes", []], ["Reference statistics", [{"quality": "Equal", "metricName": "Reference length", "values": [4744448, 4744448, 4744448, 4744448], "isMain": false}, {"quality": "Equal", "metricName": "Reference GC (%)", "values": ["61.55", "61.55", "61.55", "61.55"], "isMain": false}, {"quality": "Equal", "metricName": "Reference genes", "values": [4284, 4284, 4284, 4284], "isMain": false}, {"quality": "Equal", "metricName": "Reference operons", "values": [0, 0, 0, 0], "isMain": false}]]], "minContig": 500, "assembliesNames": ["1_Abyss", "1_Cabog", "2_Abyss_Scf", "2_Cabog_Scf"]}