{"date":"22 May 2014, Thursday, 10:35:59","report":[["Statistics without reference",[{"values":[213,48],"quality":"Less is better","isMain":true,"metricName":"# contigs"},{"values":[213,48],"quality":"Less is better","isMain":false,"metricName":"# contigs (>= 0 bp)"},{"values":[205,48],"quality":"Less is better","isMain":false,"metricName":"# contigs (>= 1000 bp)"},{"values":[127547,428108],"quality":"More is better","isMain":true,"metricName":"Largest contig"},{"values":[4547728,4655430],"quality":"More is better","isMain":true,"metricName":"Total length"},{"values":[4547728,4655430],"quality":"More is better","isMain":false,"metricName":"Total length (>= 0 bp)"},{"values":[4541420,4655430],"quality":"More is better","isMain":false,"metricName":"Total length (>= 1000 bp)"},{"values":[36952,178486],"quality":"More is better","isMain":true,"metricName":"N50"},{"values":[22371,119013],"quality":"More is better","isMain":false,"metricName":"N75"},{"values":[41,10],"quality":"Less is better","isMain":false,"metricName":"L50"},{"values":[79,17],"quality":"Less is better","isMain":false,"metricName":"L75"},{"values":["68.83","68.83"],"quality":"Equal","isMain":false,"metricName":"GC (%)"}]],["Misassemblies",[{"values":[2,6],"quality":"Less is better","isMain":true,"metricName":"# misassemblies"},{"values":[1,2],"quality":"Less is better","isMain":false,"metricName":"    # relocations"},{"values":[1,4],"quality":"Less is better","isMain":false,"metricName":"    # translocations"},{"values":[0,0],"quality":"Less is better","isMain":false,"metricName":"    # inversions"},{"values":[1,4],"quality":"Less is better","isMain":false,"metricName":"# misassembled contigs"},{"values":[29656,356206],"quality":"Less is better","isMain":true,"metricName":"Misassembled contigs length"},{"values":[2,163],"quality":"Less is better","isMain":false,"metricName":"# local misassemblies"}]],["Unaligned",[{"values":[0,0],"quality":"Less is better","isMain":false,"metricName":"# fully unaligned contigs"},{"values":[0,0],"quality":"Less is better","isMain":false,"metricName":"Fully unaligned length"},{"values":[0,0],"quality":"Less is better","isMain":false,"metricName":"# partially unaligned contigs"},{"values":[0,0],"quality":"Less is better","isMain":false,"metricName":"    # with misassembly"},{"values":[0,0],"quality":"Less is better","isMain":false,"metricName":"    # both parts are significant"},{"values":[0,0],"quality":"Less is better","isMain":false,"metricName":"Partially unaligned length"}]],["Mismatches",[{"values":[49,52],"quality":"Less is better","isMain":false,"metricName":"# mismatches"},{"values":[17,24],"quality":"Less is better","isMain":false,"metricName":"# indels"},{"values":[58,113],"quality":"Less is better","isMain":false,"metricName":"Indels length"},{"values":["1.08","1.14"],"quality":"Less is better","isMain":true,"metricName":"# mismatches per 100 kbp"},{"values":["0.37","0.53"],"quality":"Less is better","isMain":true,"metricName":"# indels per 100 kbp"},{"values":[13,18],"quality":"Less is better","isMain":false,"metricName":"    # short indels (<= 5 bp)"},{"values":[4,6],"quality":"Less is better","isMain":false,"metricName":"    # long indels (> 5 bp)"},{"values":[0,107702],"quality":"Less is better","isMain":false,"metricName":"# N's"},{"values":["0.00","2313.47"],"quality":"Less is better","isMain":true,"metricName":"# N's per 100 kbp"}]],["Genome statistics",[{"values":["98.714","98.881"],"quality":"More is better","isMain":true,"metricName":"Genome fraction (%)"},{"values":["1.005","1.029"],"quality":"Less is better","isMain":true,"metricName":"Duplication ratio"},{"values":["4257 + 184 part","4264 + 184 part"],"quality":"More is better","isMain":true,"metricName":"# genes"},{"values":[127547,423056],"quality":"More is better","isMain":false,"metricName":"Largest alignment"},{"values":[36952,207147],"quality":"More is better","isMain":false,"metricName":"NG50"},{"values":[21501,119013],"quality":"More is better","isMain":false,"metricName":"NG75"},{"values":[36952,173868],"quality":"More is better","isMain":false,"metricName":"NA50"},{"values":[22125,117909],"quality":"More is better","isMain":false,"metricName":"NA75"},{"values":[36722,173868],"quality":"More is better","isMain":true,"metricName":"NGA50"},{"values":[21501,117909],"quality":"More is better","isMain":false,"metricName":"NGA75"},{"values":[41,9],"quality":"Less is better","isMain":false,"metricName":"LG50"},{"values":[81,17],"quality":"Less is better","isMain":false,"metricName":"LG75"},{"values":[41,10],"quality":"Less is better","isMain":false,"metricName":"LA50"},{"values":[79,18],"quality":"Less is better","isMain":false,"metricName":"LA75"},{"values":[42,10],"quality":"Less is better","isMain":false,"metricName":"LGA50"},{"values":[81,18],"quality":"Less is better","isMain":false,"metricName":"LGA75"}]],["Predicted genes",[]],["Reference statistics",[{"values":[4602977,4602977],"quality":"Equal","isMain":false,"metricName":"Reference length"},{"values":["68.79","68.79"],"quality":"Equal","isMain":false,"metricName":"Reference GC (%)"},{"values":[4474,4474],"quality":"Equal","isMain":false,"metricName":"Reference genes"},{"values":[0,0],"quality":"Equal","isMain":false,"metricName":"Reference operons"}]]],"minContig":500,"assembliesNames":["R.S.-M-Newbler_raw_scf broken","R.S.-M-Newbler_raw_scf"]}