Assembly	SA-H-Abyss-Contig	SA-H-Cabog-Contig	SA-H-Mira-Contig	SA-H-Msrca-Contig	SA-H-Sga-Contig	SA-H-Soap-Contig	SA-H-Spades-Contig	SA-H-Velvet-Contig
# fully unaligned contigs	7	5	49	3	29	9	7	11
Fully unaligned length	65279	14828	62320	11408	71179	46406	19345	48510
# partially unaligned contigs	18	14	13	8	30	10	8	9
    # with misassembly	6	5	4	3	8	4	4	4
    # both parts are significant	13	10	5	4	15	5	5	6
Partially unaligned length	120708	47644	38357	98951	87417	47365	61882	46778
# N's	0	0	46	0	0	0	57	0
