{"date":"02 May 2014, Friday, 16:59:59","report":[["Statistics without reference",[{"values":[153,127,152,91,351,100,162,213,102,108,88,331,75,106,85],"quality":"Less is better","isMain":true,"metricName":"# contigs"},{"values":[338,128,2673,105,2596,344,207,325,249,109,102,430,317,122,182],"quality":"Less is better","isMain":false,"metricName":"# contigs (>= 0 bp)"},{"values":[121,127,115,80,285,81,121,183,87,108,77,274,58,95,65],"quality":"Less is better","isMain":false,"metricName":"# contigs (>= 1000 bp)"},{"values":[280277,256726,316666,555664,108154,425556,214711,157783,523887,256726,555664,108154,574497,246251,524347],"quality":"More is better","isMain":true,"metricName":"Largest contig"},{"values":[4086478,3855600,3957629,3989162,3890290,3932751,3939988,3914915,4109111,3855980,3989222,3861930,3935433,4012066,3940257],"quality":"More is better","isMain":true,"metricName":"Total length"},{"values":[4115424,3855763,4337203,3994617,4171725,3969747,3955126,3939751,4126440,3856143,3994677,3892845,3972061,4017092,3961318],"quality":"More is better","isMain":false,"metricName":"Total length (>= 0 bp)"},{"values":[4065299,3855600,3932194,3980159,3844703,3919085,3912505,3894214,4099616,3855980,3980219,3822893,3923264,4004247,3927326],"quality":"More is better","isMain":false,"metricName":"Total length (>= 1000 bp)"},{"values":[94508,61249,92000,241604,23808,135118,83518,40877,217596,67078,246505,24152,200529,98274,172545],"quality":"More is better","isMain":true,"metricName":"N50"},{"values":[58395,29636,56477,85155,12382,65780,46841,22754,80568,34758,85155,12815,102918,52916,92099],"quality":"More is better","isMain":false,"metricName":"N75"},{"values":[13,19,14,6,49,10,16,30,6,16,6,48,6,13,7],"quality":"Less is better","isMain":false,"metricName":"L50"},{"values":[27,43,27,13,103,21,32,62,15,36,13,102,13,26,14],"quality":"Less is better","isMain":false,"metricName":"L75"},{"values":["47.57","47.53","47.50","47.50","47.54","47.52","47.51","47.50","47.57","47.53","47.50","47.55","47.52","47.42","47.50"],"quality":"Equal","isMain":false,"metricName":"GC (%)"}]],["Misassemblies",[{"values":[6,20,24,8,3,15,4,4,16,21,9,3,15,21,10],"quality":"Less is better","isMain":true,"metricName":"# misassemblies"},{"values":[5,17,22,7,2,13,4,4,14,18,8,2,13,19,8],"quality":"Less is better","isMain":false,"metricName":"    # relocations"},{"values":[1,3,2,1,1,2,0,0,2,3,1,1,2,2,2],"quality":"Less is better","isMain":false,"metricName":"    # translocations"},{"values":[0,0,0,0,0,0,0,0,0,0,0,0,0,0,0],"quality":"Less is better","isMain":false,"metricName":"    # inversions"},{"values":[5,14,20,7,3,13,4,4,14,15,6,3,13,17,8],"quality":"Less is better","isMain":false,"metricName":"# misassembled contigs"},{"values":[376802,385832,558799,708761,17831,1155029,75745,55189,924513,531956,716209,17831,1605854,390381,395034],"quality":"Less is better","isMain":true,"metricName":"Misassembled contigs length"},{"values":[17,11,9,5,0,50,2,8,68,23,7,0,76,17,129],"quality":"Less is better","isMain":false,"metricName":"# local misassemblies"}]],["Unaligned",[{"values":[1,0,0,0,1,1,1,1,1,0,0,1,1,1,1],"quality":"Less is better","isMain":false,"metricName":"# fully unaligned contigs"},{"values":[602,0,0,0,551,551,808,549,602,0,0,551,551,808,549],"quality":"Less is better","isMain":false,"metricName":"Fully unaligned length"},{"values":[0,0,2,2,0,1,1,1,0,0,2,0,1,1,0],"quality":"Less is better","isMain":false,"metricName":"# partially unaligned contigs"},{"values":[0,0,0,0,0,0,1,0,0,0,0,0,0,1,0],"quality":"Less is better","isMain":false,"metricName":"    # with misassembly"},{"values":[0,0,0,0,0,0,0,0,0,0,0,0,0,0,0],"quality":"Less is better","isMain":false,"metricName":"    # both parts are significant"},{"values":[0,0,173,399,0,52,453,27,0,0,399,0,52,453,0],"quality":"Less is better","isMain":false,"metricName":"Partially unaligned length"}]],["Mismatches",[{"values":[208,656,410,2716,123,550,204,175,290,668,2717,115,550,367,203],"quality":"Less is better","isMain":false,"metricName":"# mismatches"},{"values":[225,283,152,273,101,219,115,190,264,347,271,101,219,317,370],"quality":"Less is better","isMain":false,"metricName":"# indels"},{"values":[703,328,188,345,114,335,156,262,730,655,333,114,335,1428,708],"quality":"Less is better","isMain":false,"metricName":"Indels length"},{"values":["5.28","17.01","10.38","68.61","3.17","14.02","5.19","4.47","7.34","17.32","68.63","2.98","14.01","9.26","5.18"],"quality":"Less is better","isMain":true,"metricName":"# mismatches per 100 kbp"},{"values":["5.71","7.34","3.85","6.90","2.60","5.58","2.93","4.85","6.68","9.00","6.85","2.62","5.58","8.00","9.44"],"quality":"Less is better","isMain":true,"metricName":"# indels per 100 kbp"},{"values":[189,280,148,267,100,207,110,181,230,328,266,100,207,263,346],"quality":"Less is better","isMain":false,"metricName":"    # short indels (<= 5 bp)"},{"values":[36,3,4,6,1,12,5,9,34,19,5,1,12,54,24],"quality":"Less is better","isMain":false,"metricName":"    # long indels (> 5 bp)"},{"values":[4125,0,198,0,0,0,0,0,17436,380,60,0,2208,0,21557],"quality":"Less is better","isMain":false,"metricName":"# N's"},{"values":["100.94","0.00","5.00","0.00","0.00","0.00","0.00","0.00","424.33","9.85","1.50","0.00","56.11","0.00","547.10"],"quality":"Less is better","isMain":true,"metricName":"# N's per 100 kbp"}]],["Genome statistics",[{"values":["97.712","95.623","97.925","98.147","96.276","97.295","97.439","97.038","98.010","95.629","98.147","95.589","97.305","98.209","97.140"],"quality":"More is better","isMain":true,"metricName":"Genome fraction (%)"},{"values":["1.052","1.007","1.016","1.013","1.002","1.009","1.007","1.011","1.055","1.012","1.013","1.002","1.009","1.021","1.016"],"quality":"Less is better","isMain":true,"metricName":"Duplication ratio"},{"values":["3498 + 59 part","3374 + 123 part","3516 + 65 part","3573 + 46 part","3296 + 166 part","3479 + 50 part","3483 + 46 part","3386 + 132 part","3515 + 54 part","3380 + 117 part","3573 + 46 part","3272 + 159 part","3480 + 50 part","3544 + 46 part","3400 + 128 part"],"quality":"More is better","isMain":true,"metricName":"# genes"},{"values":[246076,256726,211909,555664,108154,425699,214707,157783,522201,256726,555664,108154,574463,246251,521619],"quality":"More is better","isMain":false,"metricName":"Largest alignment"},{"values":[94508,57883,92000,241604,23429,125939,77074,40085,217596,67009,246505,23429,181109,98274,172545],"quality":"More is better","isMain":false,"metricName":"NG50"},{"values":[59821,26097,55736,79323,10978,62739,44636,20673,82716,28288,79323,10978,102918,52916,82167],"quality":"More is better","isMain":false,"metricName":"NG75"},{"values":[92996,57813,89505,236373,23808,112904,83518,40877,156774,63201,236373,24152,181115,95858,171505],"quality":"More is better","isMain":false,"metricName":"NA50"},{"values":[58395,28288,52881,76901,12382,62739,46841,22753,67355,33039,76901,12813,92025,52911,91938],"quality":"More is better","isMain":false,"metricName":"NA75"},{"values":[92996,53007,89505,236373,23429,112904,77065,39468,156774,62046,236373,23429,181115,94762,171505],"quality":"More is better","isMain":true,"metricName":"NGA50"},{"values":[58395,25832,51186,76901,10978,62256,44636,20673,71310,28288,76901,10978,92025,52911,80883],"quality":"More is better","isMain":false,"metricName":"NGA75"},{"values":[13,21,14,6,52,11,17,31,6,17,6,52,7,13,7],"quality":"Less is better","isMain":false,"metricName":"LG50"},{"values":[26,48,28,14,113,22,34,66,14,40,14,113,13,26,15],"quality":"Less is better","isMain":false,"metricName":"LG75"},{"values":[14,21,15,6,49,11,16,30,7,18,6,48,7,13,7],"quality":"Less is better","isMain":false,"metricName":"LA50"},{"values":[28,46,29,15,103,22,32,62,18,39,15,102,14,27,14],"quality":"Less is better","isMain":false,"metricName":"LA75"},{"values":[14,22,15,6,52,11,17,31,7,19,6,52,7,14,7],"quality":"Less is better","isMain":false,"metricName":"LGA50"},{"values":[28,51,30,15,113,23,34,66,17,43,15,113,14,27,15],"quality":"Less is better","isMain":false,"metricName":"LGA75"}]],["Predicted genes",[]],["Reference statistics",[{"values":[4033464,4033464,4033464,4033464,4033464,4033464,4033464,4033464,4033464,4033464,4033464,4033464,4033464,4033464,4033464],"quality":"Equal","isMain":false,"metricName":"Reference length"},{"values":["47.49","47.49","47.49","47.49","47.49","47.49","47.49","47.49","47.49","47.49","47.49","47.49","47.49","47.49","47.49"],"quality":"Equal","isMain":false,"metricName":"Reference GC (%)"},{"values":[3693,3693,3693,3693,3693,3693,3693,3693,3693,3693,3693,3693,3693,3693,3693],"quality":"Equal","isMain":false,"metricName":"Reference genes"},{"values":[0,0,0,0,0,0,0,0,0,0,0,0,0,0,0],"quality":"Equal","isMain":false,"metricName":"Reference operons"}]]],"minContig":500,"assembliesNames":["VC-H-Abyss-Contig","VC-H-Cabog-Contig","VC-H-Mira-Contig","VC-H-Msrca-Contig","VC-H-Sga-Contig","VC-H-Soap-Contig","VC-H-Spades-Contig","VC-H-Velvet-Contig","VC-H-Abyss-Scaffold","VC-H-Cabog-Scaffold","VC-H-Msrca-Scaffold","VC-H-Sga-Scaffold","VC-H-Soap-Scaffold","VC-H-Spades-Scaffold","VC-H-Velvet-Scaffold"]}