{"date":"04 May 2014, Sunday, 18:43:18","report":[["Statistics without reference",[{"values":[94,37],"quality":"Less is better","isMain":true,"metricName":"# contigs"},{"values":[113,37],"quality":"Less is better","isMain":false,"metricName":"# contigs (>= 0 bp)"},{"values":[81,37],"quality":"Less is better","isMain":false,"metricName":"# contigs (>= 1000 bp)"},{"values":[710684,712801],"quality":"More is better","isMain":true,"metricName":"Largest contig"},{"values":[5004541,5010956],"quality":"More is better","isMain":true,"metricName":"Total length"},{"values":[5009370,5010956],"quality":"More is better","isMain":false,"metricName":"Total length (>= 0 bp)"},{"values":[4994206,5010956],"quality":"More is better","isMain":false,"metricName":"Total length (>= 1000 bp)"},{"values":[278382,278382],"quality":"More is better","isMain":true,"metricName":"N50"},{"values":[133236,189722],"quality":"More is better","isMain":false,"metricName":"N75"},{"values":[6,6],"quality":"Less is better","isMain":false,"metricName":"L50"},{"values":[12,11],"quality":"Less is better","isMain":false,"metricName":"L75"},{"values":["61.60","61.60"],"quality":"Equal","isMain":false,"metricName":"GC (%)"}]],["Misassemblies",[{"values":[2,2],"quality":"Less is better","isMain":true,"metricName":"# misassemblies"},{"values":[2,2],"quality":"Less is better","isMain":false,"metricName":"    # relocations"},{"values":[0,0],"quality":"Less is better","isMain":false,"metricName":"    # translocations"},{"values":[0,0],"quality":"Less is better","isMain":false,"metricName":"    # inversions"},{"values":[2,2],"quality":"Less is better","isMain":false,"metricName":"# misassembled contigs"},{"values":[28456,28456],"quality":"Less is better","isMain":true,"metricName":"Misassembled contigs length"},{"values":[1,1],"quality":"Less is better","isMain":false,"metricName":"# local misassemblies"}]],["Unaligned",[{"values":[40,10],"quality":"Less is better","isMain":false,"metricName":"# fully unaligned contigs"},{"values":[349640,216953],"quality":"Less is better","isMain":false,"metricName":"Fully unaligned length"},{"values":[32,25],"quality":"Less is better","isMain":false,"metricName":"# partially unaligned contigs"},{"values":[20,20],"quality":"Less is better","isMain":false,"metricName":"    # with misassembly"},{"values":[24,22],"quality":"Less is better","isMain":false,"metricName":"    # both parts are significant"},{"values":[3915649,4091281],"quality":"Less is better","isMain":false,"metricName":"Partially unaligned length"}]],["Mismatches",[{"values":[5044,2084],"quality":"Less is better","isMain":false,"metricName":"# mismatches"},{"values":[186,104],"quality":"Less is better","isMain":false,"metricName":"# indels"},{"values":[275,150],"quality":"Less is better","isMain":false,"metricName":"Indels length"},{"values":["3837.64","4041.34"],"quality":"Less is better","isMain":true,"metricName":"# mismatches per 100 kbp"},{"values":["141.51","201.68"],"quality":"Less is better","isMain":true,"metricName":"# indels per 100 kbp"},{"values":[181,102],"quality":"Less is better","isMain":false,"metricName":"    # short indels (<= 5 bp)"},{"values":[5,2],"quality":"Less is better","isMain":false,"metricName":"    # long indels (> 5 bp)"},{"values":[0,1586],"quality":"Less is better","isMain":false,"metricName":"# N's"},{"values":["0.00","31.65"],"quality":"Less is better","isMain":true,"metricName":"# N's per 100 kbp"}]],["Genome statistics",[{"values":["14.751","14.450"],"quality":"More is better","isMain":true,"metricName":"Genome fraction (%)"},{"values":["1.056","1.025"],"quality":"Less is better","isMain":true,"metricName":"Duplication ratio"},{"values":[52397,52397],"quality":"More is better","isMain":false,"metricName":"Largest alignment"},{"values":[278382,278382],"quality":"More is better","isMain":false,"metricName":"NG50"},{"values":[156215,207147],"quality":"More is better","isMain":false,"metricName":"NG75"},{"values":[6,6],"quality":"Less is better","isMain":false,"metricName":"LG50"},{"values":[11,10],"quality":"Less is better","isMain":false,"metricName":"LG75"}]],["Predicted genes",[]],["Reference statistics",[{"values":[4744448,4744448],"quality":"Equal","isMain":false,"metricName":"Reference length"},{"values":["61.55","61.55"],"quality":"Equal","isMain":false,"metricName":"Reference GC (%)"},{"values":[0,0],"quality":"Equal","isMain":false,"metricName":"Reference genes"},{"values":[0,0],"quality":"Equal","isMain":false,"metricName":"Reference operons"}]]],"minContig":500,"assembliesNames":["cabog broken","cabog"]}