{"date":"02 May 2014, Friday, 16:41:33","report":[["Statistics without reference",[{"values":[520,534,640,106,577,720,163,586,518,320,101,481,555,129,283],"quality":"Less is better","isMain":true,"metricName":"# contigs"},{"values":[1557,539,1581,130,12186,7436,350,798,1513,320,125,662,7229,299,435],"quality":"Less is better","isMain":false,"metricName":"# contigs (>= 0 bp)"},{"values":[464,531,446,89,511,613,134,513,459,320,84,452,472,104,251],"quality":"Less is better","isMain":false,"metricName":"# contigs (>= 1000 bp)"},{"values":[66408,41321,110511,358962,75323,45522,291333,59062,66408,132060,358962,75323,57198,511523,119965],"quality":"More is better","isMain":true,"metricName":"Largest contig"},{"values":[4542138,4214745,4494266,4479673,4211737,4440636,4628908,4475470,4552480,4220437,4479773,3974213,4455778,4630435,4535262],"quality":"More is better","isMain":true,"metricName":"Total length"},{"values":[4633465,4216057,4725855,4489204,5704978,5220141,4670077,4525236,4635249,4220437,4489304,4023509,5222286,4668602,4566780],"quality":"More is better","isMain":false,"metricName":"Total length (>= 0 bp)"},{"values":[4501467,4212622,4355336,4468382,4164683,4360313,4607692,4422515,4509636,4220437,4468482,3953373,4393539,4611740,4511166],"quality":"More is better","isMain":false,"metricName":"Total length (>= 1000 bp)"},{"values":[13523,12421,18568,176783,12872,11128,74486,13807,13523,23585,196511,13674,15950,127911,36086],"quality":"More is better","isMain":true,"metricName":"N50"},{"values":[8662,7179,9191,102004,6960,5955,47310,7500,8674,12169,102004,7216,8188,73118,19195],"quality":"More is better","isMain":false,"metricName":"N75"},{"values":[98,111,69,10,96,121,19,98,97,57,9,89,90,10,39],"quality":"Less is better","isMain":false,"metricName":"L50"},{"values":[205,222,154,18,204,259,38,207,204,117,17,185,187,22,83],"quality":"Less is better","isMain":false,"metricName":"L75"},{"values":["68.72","68.94","68.89","68.87","68.70","68.88","68.83","68.76","68.73","68.95","68.87","68.93","68.88","68.83","68.78"],"quality":"Equal","isMain":false,"metricName":"GC (%)"}]],["Misassemblies",[{"values":[8,4,9,4,1,3,8,3,27,6,5,1,3,8,16],"quality":"Less is better","isMain":true,"metricName":"# misassemblies"},{"values":[2,1,1,2,0,2,4,2,11,3,3,0,2,4,7],"quality":"Less is better","isMain":false,"metricName":"    # relocations"},{"values":[6,3,8,2,1,1,4,1,16,3,2,1,1,4,9],"quality":"Less is better","isMain":false,"metricName":"    # translocations"},{"values":[0,0,0,0,0,0,0,0,0,0,0,0,0,0,0],"quality":"Less is better","isMain":false,"metricName":"    # inversions"},{"values":[6,4,7,4,1,2,6,2,22,5,4,1,2,6,11],"quality":"Less is better","isMain":false,"metricName":"# misassembled contigs"},{"values":[82256,37614,53750,35324,8334,13073,185752,23057,136091,110666,36508,8334,13073,188233,59273],"quality":"Less is better","isMain":true,"metricName":"Misassembled contigs length"},{"values":[1,3,4,4,1,9,4,4,12,33,6,1,125,8,338],"quality":"Less is better","isMain":false,"metricName":"# local misassemblies"}]],["Unaligned",[{"values":[1,0,0,0,0,1,0,0,0,0,0,0,7,0,0],"quality":"Less is better","isMain":false,"metricName":"# fully unaligned contigs"},{"values":[634,0,0,0,0,937,0,0,0,0,0,0,6468,0,0],"quality":"Less is better","isMain":false,"metricName":"Fully unaligned length"},{"values":[1,10,4,1,2,10,0,4,1,4,1,1,2,2,1],"quality":"Less is better","isMain":false,"metricName":"# partially unaligned contigs"},{"values":[0,0,0,0,0,0,0,0,0,0,0,0,0,0,0],"quality":"Less is better","isMain":false,"metricName":"    # with misassembly"},{"values":[0,0,1,0,0,0,0,0,0,0,0,0,0,0,0],"quality":"Less is better","isMain":false,"metricName":"    # both parts are significant"},{"values":[27,360,758,29,83,176,0,179,27,146,29,54,32,103,43],"quality":"Less is better","isMain":false,"metricName":"Partially unaligned length"}]],["Mismatches",[{"values":[389,839,922,3220,47,1113,265,426,410,906,3218,44,1086,280,454],"quality":"Less is better","isMain":false,"metricName":"# mismatches"},{"values":[38,72,121,53,9,337,39,14,52,1751,98,9,2074,87,57],"quality":"Less is better","isMain":false,"metricName":"# indels"},{"values":[77,190,237,168,10,917,79,56,91,4001,264,10,4321,459,217],"quality":"Less is better","isMain":false,"metricName":"Indels length"},{"values":["8.64","20.07","20.63","72.10","1.12","25.12","5.80","9.52","9.09","21.65","72.05","1.11","24.47","6.13","10.11"],"quality":"Less is better","isMain":true,"metricName":"# mismatches per 100 kbp"},{"values":["0.84","1.72","2.71","1.19","0.21","7.61","0.85","0.31","1.15","41.85","2.19","0.23","46.74","1.90","1.27"],"quality":"Less is better","isMain":true,"metricName":"# indels per 100 kbp"},{"values":[37,65,115,47,9,310,37,12,51,1641,91,9,2002,73,50],"quality":"Less is better","isMain":false,"metricName":"    # short indels (<= 5 bp)"},{"values":[1,7,6,6,0,27,2,2,1,110,7,0,72,14,7],"quality":"Less is better","isMain":false,"metricName":"    # long indels (> 5 bp)"},{"values":[8,0,241,0,0,0,691,0,1690,4380,100,0,2144,694,41544],"quality":"Less is better","isMain":false,"metricName":"# N's"},{"values":["0.18","0.00","5.36","0.00","0.00","0.00","14.93","0.00","37.12","103.78","2.23","0.00","48.12","14.99","916.02"],"quality":"Less is better","isMain":true,"metricName":"# N's per 100 kbp"}]],["Genome statistics",[{"values":["97.818","90.818","97.109","97.028","91.376","96.251","99.272","97.182","98.013","90.894","97.028","86.226","96.402","99.313","97.594"],"quality":"More is better","isMain":true,"metricName":"Genome fraction (%)"},{"values":["1.010","1.013","1.006","1.004","1.001","1.003","1.018","1.001","1.011","1.064","1.004","1.001","1.007","1.022","1.010"],"quality":"Less is better","isMain":true,"metricName":"Duplication ratio"},{"values":["4029 + 361 part","3619 + 514 part","3908 + 503 part","4297 + 59 part","3677 + 592 part","3751 + 652 part","4349 + 104 part","3904 + 516 part","4033 + 369 part","3793 + 341 part","4298 + 58 part","3511 + 513 part","3812 + 593 part","4374 + 79 part","3913 + 518 part"],"quality":"More is better","isMain":true,"metricName":"# genes"},{"values":[66408,41321,110511,358962,75323,45511,291332,59056,66408,132060,358962,75323,57186,511523,119041],"quality":"More is better","isMain":false,"metricName":"Largest alignment"},{"values":[13319,11358,17743,176783,12057,10600,83463,13087,13460,21196,196511,11833,15520,127911,34182],"quality":"More is better","isMain":false,"metricName":"NG50"},{"values":[8354,5447,8354,69776,5330,5310,47313,6852,8502,9843,76502,4750,7371,74016,18000],"quality":"More is better","isMain":false,"metricName":"NG75"},{"values":[13475,12360,18527,176783,12872,11091,74016,13807,13475,23406,196511,13674,15950,127911,33823],"quality":"More is better","isMain":false,"metricName":"NA50"},{"values":[8502,7179,9183,102004,6960,5900,42417,7500,8674,12157,102004,7216,7924,68531,17995],"quality":"More is better","isMain":false,"metricName":"NA75"},{"values":[13319,11217,17656,176783,12057,10512,83460,13087,13460,20580,196511,11793,15517,127911,33086],"quality":"More is better","isMain":true,"metricName":"NGA50"},{"values":[8339,5447,8287,69769,5330,5304,42417,6851,8441,9626,76502,4750,7370,73118,17575],"quality":"More is better","isMain":false,"metricName":"NGA75"},{"values":[101,127,72,10,111,128,18,103,99,65,9,114,94,10,40],"quality":"Less is better","isMain":false,"metricName":"LG50"},{"values":[211,269,163,20,252,281,37,220,208,143,18,264,202,21,86],"quality":"Less is better","isMain":false,"metricName":"LG75"},{"values":[99,112,69,10,96,121,19,98,98,58,9,89,90,10,40],"quality":"Less is better","isMain":false,"metricName":"LA50"},{"values":[206,223,154,18,204,260,38,207,204,119,17,185,188,22,85],"quality":"Less is better","isMain":false,"metricName":"LA75"},{"values":[101,128,72,10,111,128,18,103,99,67,9,114,94,10,41],"quality":"Less is better","isMain":false,"metricName":"LGA50"},{"values":[211,270,164,20,252,282,38,221,209,146,18,264,202,21,87],"quality":"Less is better","isMain":false,"metricName":"LGA75"}]],["Predicted genes",[]],["Reference statistics",[{"values":[4602977,4602977,4602977,4602977,4602977,4602977,4602977,4602977,4602977,4602977,4602977,4602977,4602977,4602977,4602977],"quality":"Equal","isMain":false,"metricName":"Reference length"},{"values":["68.79","68.79","68.79","68.79","68.79","68.79","68.79","68.79","68.79","68.79","68.79","68.79","68.79","68.79","68.79"],"quality":"Equal","isMain":false,"metricName":"Reference GC (%)"},{"values":[4474,4474,4474,4474,4474,4474,4474,4474,4474,4474,4474,4474,4474,4474,4474],"quality":"Equal","isMain":false,"metricName":"Reference genes"},{"values":[0,0,0,0,0,0,0,0,0,0,0,0,0,0,0],"quality":"Equal","isMain":false,"metricName":"Reference operons"}]]],"minContig":500,"assembliesNames":["RS-H-Abyss-Contig","RS-H-Cabog-Contig","RS-H-Mira-Contig","RS-H-Msrca-Contig","RS-H-Sga-Contig","RS-H-Soap-Contig","RS-H-Spades-Contig","RS-H-Velvet-Contig","RS-H-Abyss-Scaffold","RS-H-Cabog-Scaffold","RS-H-Msrca-Scaffold","RS-H-Sga-Scaffold","RS-H-Soap-Scaffold","RS-H-Spades-Scaffold","RS-H-Velvet-Scaffold"]}