{"date":"17 June 2014, Tuesday, 22:39:22","report":[["Statistics without reference",[{"values":[85,104,138,133],"quality":"Less is better","isMain":true,"metricName":"# contigs"},{"values":[124,142,181,173],"quality":"Less is better","isMain":false,"metricName":"# contigs (>= 200 bp)"},{"values":[65,79,113,108],"quality":"Less is better","isMain":false,"metricName":"# contigs (>= 1000 bp)"},{"values":[524347,411927,246346,246346],"quality":"More is better","isMain":true,"metricName":"Largest contig"},{"values":[3940257,3903678,3945576,3892321],"quality":"More is better","isMain":true,"metricName":"Total length"},{"values":[3954039,3916708,3959435,3904657],"quality":"More is better","isMain":false,"metricName":"Total length (>= 200 bp)"},{"values":[3927326,3886781,3928680,3875057],"quality":"More is better","isMain":false,"metricName":"Total length (>= 1000 bp)"},{"values":[172545,163386,109996,105176],"quality":"More is better","isMain":true,"metricName":"N50"},{"values":[92099,75755,47047,43442],"quality":"More is better","isMain":false,"metricName":"N75"},{"values":[7,8,11,12],"quality":"Less is better","isMain":false,"metricName":"L50"},{"values":[14,18,25,26],"quality":"Less is better","isMain":false,"metricName":"L75"},{"values":["47.50","47.63","47.51","47.69"],"quality":"Equal","isMain":false,"metricName":"GC (%)"}]],["Misassemblies",[{"values":[10,10,22,6],"quality":"Less is better","isMain":true,"metricName":"# misassemblies"},{"values":[8,9,20,6],"quality":"Less is better","isMain":false,"metricName":"    # relocations"},{"values":[2,1,2,0],"quality":"Less is better","isMain":false,"metricName":"    # translocations"},{"values":[0,0,0,0],"quality":"Less is better","isMain":false,"metricName":"    # inversions"},{"values":[8,9,17,6],"quality":"Less is better","isMain":false,"metricName":"# misassembled contigs"},{"values":[395034,273985,1210318,45660],"quality":"Less is better","isMain":true,"metricName":"Misassembled contigs length"},{"values":[129,123,13,6],"quality":"Less is better","isMain":false,"metricName":"# local misassemblies"}]],["Unaligned",[{"values":[1,1,1,1],"quality":"Less is better","isMain":false,"metricName":"# fully unaligned contigs"},{"values":[549,549,5482,5482],"quality":"Less is better","isMain":false,"metricName":"Fully unaligned length"},{"values":[0,0,3,2],"quality":"Less is better","isMain":false,"metricName":"# partially unaligned contigs"},{"values":[0,0,1,1],"quality":"Less is better","isMain":false,"metricName":"    # with misassembly"},{"values":[0,0,0,0],"quality":"Less is better","isMain":false,"metricName":"    # both parts are significant"},{"values":[0,0,842,815],"quality":"Less is better","isMain":false,"metricName":"Partially unaligned length"}]],["Mismatches",[{"values":[203,225,156,168],"quality":"Less is better","isMain":false,"metricName":"# mismatches"},{"values":[370,205,192,103],"quality":"Less is better","isMain":false,"metricName":"# indels"},{"values":[708,374,352,145],"quality":"Less is better","isMain":false,"metricName":"Indels length"},{"values":["5.18","5.80","3.96","4.33"],"quality":"Less is better","isMain":true,"metricName":"# mismatches per 100 kbp"},{"values":["9.44","5.28","4.88","2.65"],"quality":"Less is better","isMain":true,"metricName":"# indels per 100 kbp"},{"values":[346,196,183,98],"quality":"Less is better","isMain":false,"metricName":"    # short indels (<= 5 bp)"},{"values":[24,9,9,5],"quality":"Less is better","isMain":false,"metricName":"    # long indels (> 5 bp)"},{"values":[21557,20135,220,50],"quality":"Less is better","isMain":false,"metricName":"# N's"},{"values":["547.10","515.80","5.58","1.28"],"quality":"Less is better","isMain":true,"metricName":"# N's per 100 kbp"}]],["Genome statistics",[{"values":["97.140","96.251","97.598","96.242"],"quality":"More is better","isMain":true,"metricName":"Genome fraction (%)"},{"values":["1.016","1.016","1.007","1.007"],"quality":"Less is better","isMain":true,"metricName":"Duplication ratio"},{"values":["3400 + 128 part","3379 + 130 part","3492 + 78 part","3459 + 71 part"],"quality":"More is better","isMain":true,"metricName":"# genes"},{"values":[521619,409820,246346,246346],"quality":"More is better","isMain":false,"metricName":"Largest alignment"},{"values":[172545,157209,109996,105176],"quality":"More is better","isMain":false,"metricName":"NG50"},{"values":[82167,71623,46531,39408],"quality":"More is better","isMain":false,"metricName":"NG75"},{"values":[171505,163055,75901,105176],"quality":"More is better","isMain":false,"metricName":"NA50"},{"values":[91938,71376,43122,43442],"quality":"More is better","isMain":false,"metricName":"NA75"},{"values":[171505,156829,67096,105176],"quality":"More is better","isMain":true,"metricName":"NGA50"},{"values":[80883,59664,40333,39408],"quality":"More is better","isMain":false,"metricName":"NGA75"},{"values":[7,9,11,12],"quality":"Less is better","isMain":false,"metricName":"LG50"},{"values":[15,19,26,28],"quality":"Less is better","isMain":false,"metricName":"LG75"},{"values":[7,8,13,12],"quality":"Less is better","isMain":false,"metricName":"LA50"},{"values":[14,18,32,26],"quality":"Less is better","isMain":false,"metricName":"LA75"},{"values":[7,9,14,12],"quality":"Less is better","isMain":false,"metricName":"LGA50"},{"values":[15,20,33,28],"quality":"Less is better","isMain":false,"metricName":"LGA75"}]],["Predicted genes",[]],["Reference statistics",[{"values":[4033464,4033464,4033464,4033464],"quality":"Equal","isMain":false,"metricName":"Reference length"},{"values":["47.49","47.49","47.49","47.49"],"quality":"Equal","isMain":false,"metricName":"Reference GC (%)"},{"values":[3693,3693,3693,3693],"quality":"Equal","isMain":false,"metricName":"Reference genes"},{"values":[0,0,0,0],"quality":"Equal","isMain":false,"metricName":"Reference operons"}]]],"minContig":500,"assembliesNames":["GAGE-B-Hiseq","Velvet_1208-Hiseq","GAGE-B-Miseq","Velvet_1208-Miseq"]}