{"ref_genes_number": 4284, "genes_in_contigs": {"2_AH-H-Abyss-Contig": [64, 80, 16, 22, 32, 51, 29, 0, 22, 16, 10, 33, 63, 32, 3, 12, 6, 46, 3, 12, 7, 0, 1, 7, 0, 1, 0, 5, 6, 3, 0, 0, 0, 0, 0, 17, 0, 0, 0, 1, 0, 2, 1, 0, 0, 0, 3, 0, 1, 0, 0, 0, 0, 0], "10_AH-H-Msrca-Contig": [116, 68, 64, 20, 17, 51, 21, 10, 8, 64, 45, 32, 15, 1, 12, 0, 0, 0, 0, 17, 0, 0, 2, 0, 2, 0, 0, 0], "4_AH-H-Cabog-Contig": [80, 64, 45, 26, 22, 22, 52, 15, 25, 10, 5, 7, 63, 33, 35, 23, 0, 1, 5, 15, 0, 0, 5, 4, 8, 0, 0, 0, 0, 0, 1, 0, 14, 11, 0, 0, 0, 4, 0, 0, 0, 0, 0, 0, 0, 0, 0, 0, 0, 1, 1, 0, 0, 0, 0, 0, 0, 0, 0, 0, 0, 1, 0, 0, 0, 0, 0, 0, 0, 0, 0, 0, 0, 0, 0, 0, 0, 0, 0, 0, 0, 0, 0, 0, 0, 0, 0, 0, 0, 0, 0, 0, 0, 0], "11_AH-H-Spades-Contig": [88, 37, 64, 32, 34, 30, 50, 0, 15, 20, 7, 20, 63, 32, 6, 47, 2, 3, 12, 1, 27, 1, 0, 5, 0, 0, 17, 0, 0, 1, 0, 2, 0, 0, 0, 1, 0, 0, 0, 0, 0, 0, 0, 0, 0, 0, 0]}, "filenames": ["2_AH-H-Abyss-Contig", "4_AH-H-Cabog-Contig", "10_AH-H-Msrca-Contig", "11_AH-H-Spades-Contig"]}