{"date": "06 May 2014, Tuesday, 14:19:10", "report": [["Statistics without reference", [{"quality": "Less is better", "metricName": "# contigs", "values": [54, 94, 28, 47], "isMain": true}, {"quality": "Less is better", "metricName": "# contigs (>= 0 bp)", "values": [174, 113, 32, 339], "isMain": false}, {"quality": "Less is better", "metricName": "# contigs (>= 1000 bp)", "values": [52, 81, 25, 38], "isMain": false}, {"quality": "More is better", "metricName": "Largest contig", "values": [654090, 710684, 1124684, 592124], "isMain": true}, {"quality": "More is better", "metricName": "Total length", "values": [4969260, 5004541, 4914380, 4929385], "isMain": true}, {"quality": "More is better", "metricName": "Total length (>= 0 bp)", "values": [4985428, 5009370, 4915618, 5011698], "isMain": false}, {"quality": "More is better", "metricName": "Total length (>= 1000 bp)", "values": [4967717, 4994206, 4912397, 4923079], "isMain": false}, {"quality": "More is better", "metricName": "N50", "values": [237457, 278382, 828647, 379681], "isMain": true}, {"quality": "More is better", "metricName": "N75", "values": [121603, 133236, 235264, 129901], "isMain": false}, {"quality": "Less is better", "metricName": "L50", "values": [7, 6, 3, 5], "isMain": false}, {"quality": "Less is better", "metricName": "L75", "values": [15, 12, 7, 12], "isMain": false}, {"quality": "Equal", "metricName": "GC (%)", "values": ["61.53", "61.60", "61.61", "61.54"], "isMain": false}]], ["Misassemblies", [{"quality": "Less is better", "metricName": "# misassemblies", "values": [0, 2, 2, 1], "isMain": true}, {"quality": "Less is better", "metricName": "    # relocations", "values": [0, 2, 2, 1], "isMain": false}, {"quality": "Less is better", "metricName": "    # translocations", "values": [0, 0, 0, 0], "isMain": false}, {"quality": "Less is better", "metricName": "    # inversions", "values": [0, 0, 0, 0], "isMain": false}, {"quality": "Less is better", "metricName": "# misassembled contigs", "values": [0, 2, 2, 1], "isMain": false}, {"quality": "Less is better", "metricName": "Misassembled contigs length", "values": [0, 28456, 3104, 579], "isMain": true}, {"quality": "Less is better", "metricName": "# local misassemblies", "values": [0, 1, 0, 0], "isMain": false}]], ["Unaligned", [{"quality": "Less is better", "metricName": "# fully unaligned contigs", "values": [12, 40, 2, 13], "isMain": false}, {"quality": "Less is better", "metricName": "Fully unaligned length", "values": [162641, 349640, 3606, 46999], "isMain": false}, {"quality": "Less is better", "metricName": "# partially unaligned contigs", "values": [34, 32, 21, 26], "isMain": false}, {"quality": "Less is better", "metricName": "    # with misassembly", "values": [25, 20, 14, 20], "isMain": false}, {"quality": "Less is better", "metricName": "    # both parts are significant", "values": [29, 24, 18, 25], "isMain": false}, {"quality": "Less is better", "metricName": "Partially unaligned length", "values": [4071442, 3915649, 4252760, 4145432], "isMain": false}]], ["Mismatches", [{"quality": "Less is better", "metricName": "# mismatches", "values": [1049, 5044, 1575, 2011], "isMain": false}, {"quality": "Less is better", "metricName": "# indels", "values": [44, 186, 61, 75], "isMain": false}, {"quality": "Less is better", "metricName": "Indels length", "values": [59, 275, 88, 107], "isMain": false}, {"quality": "Less is better", "metricName": "# mismatches per 100 kbp", "values": ["2686.51", "3837.64", "3634.39", "3611.13"], "isMain": true}, {"quality": "Less is better", "metricName": "# indels per 100 kbp", "values": ["112.68", "141.51", "140.76", "134.68"], "isMain": true}, {"quality": "Less is better", "metricName": "    # short indels (<= 5 bp)", "values": [43, 181, 60, 73], "isMain": false}, {"quality": "Less is better", "metricName": "    # long indels (> 5 bp)", "values": [1, 5, 1, 2], "isMain": false}, {"quality": "Less is better", "metricName": "# N's", "values": [91, 0, 0, 63], "isMain": false}, {"quality": "Less is better", "metricName": "# N's per 100 kbp", "values": ["1.83", "0.00", "0.00", "1.28"], "isMain": true}]], ["Genome statistics", [{"quality": "More is better", "metricName": "Genome fraction (%)", "values": ["15.010", "14.751", "13.728", "15.166"], "isMain": true}, {"quality": "Less is better", "metricName": "Duplication ratio", "values": ["1.032", "1.056", "1.010", "1.024"], "isMain": true}, {"quality": "More is better", "metricName": "# genes", "values": ["607 + 66 part", "598 + 73 part", "565 + 66 part", "617 + 62 part"], "isMain": true}, {"quality": "More is better", "metricName": "Largest alignment", "values": [52419, 52397, 52419, 52419], "isMain": false}, {"quality": "More is better", "metricName": "NG50", "values": [237457, 278382, 828647, 379681], "isMain": false}, {"quality": "More is better", "metricName": "NG75", "values": [122207, 156215, 245339, 137987], "isMain": false}, {"quality": "Less is better", "metricName": "LG50", "values": [7, 6, 3, 5], "isMain": false}, {"quality": "Less is better", "metricName": "LG75", "values": [14, 11, 6, 11], "isMain": false}]], ["Predicted genes", []], ["Reference statistics", [{"quality": "Equal", "metricName": "Reference length", "values": [4744448, 4744448, 4744448, 4744448], "isMain": false}, {"quality": "Equal", "metricName": "Reference GC (%)", "values": ["61.55", "61.55", "61.55", "61.55"], "isMain": false}, {"quality": "Equal", "metricName": "Reference genes", "values": [4284, 4284, 4284, 4284], "isMain": false}, {"quality": "Equal", "metricName": "Reference operons", "values": [0, 0, 0, 0], "isMain": false}]]], "minContig": 500, "assembliesNames": ["2_AH-H-Abyss-Contig", "4_AH-H-Cabog-Contig", "10_AH-H-Msrca-Contig", "11_AH-H-Spades-Contig"]}