{"date": "17 June 2014, Tuesday, 02:54:24", "report": [["Statistics without reference", [{"quality": "Less is better", "metricName": "# contigs", "values": [213, 205, 205, 156, 135, 135], "isMain": true}, {"quality": "Less is better", "metricName": "# contigs (>= 0 bp)", "values": [325, 297, 297, "", "", ""], "isMain": false}, {"quality": "Less is better", "metricName": "# contigs (>= 1000 bp)", "values": [183, 177, 177, 124, 108, 108], "isMain": false}, {"quality": "More is better", "metricName": "Largest contig", "values": [157783, 157831, 157831, 246346, 246346, 246346], "isMain": true}, {"quality": "More is better", "metricName": "Total length", "values": [3914915, 3889783, 3889783, 3944260, 3891789, 3891789], "isMain": true}, {"quality": "More is better", "metricName": "Total length (>= 0 bp)", "values": [3939751, 3910348, 3910348, "", "", ""], "isMain": false}, {"quality": "More is better", "metricName": "Total length (>= 1000 bp)", "values": [3894214, 3870711, 3870711, 3921645, 3872950, 3872950], "isMain": false}, {"quality": "More is better", "metricName": "N50", "values": [40877, 46346, 46346, 92036, 105176, 105176], "isMain": true}, {"quality": "More is better", "metricName": "N75", "values": [22754, 22927, 22927, 43442, 43442, 43442], "isMain": false}, {"quality": "Less is better", "metricName": "L50", "values": [30, 28, 28, 15, 12, 12], "isMain": false}, {"quality": "Less is better", "metricName": "L75", "values": [62, 59, 59, 31, 26, 26], "isMain": false}, {"quality": "Equal", "metricName": "GC (%)", "values": ["47.50", "47.64", "47.64", "47.52", "47.69", "47.69"], "isMain": false}]], ["Misassemblies", [{"quality": "Less is better", "metricName": "# misassemblies", "values": [4, 9, 9, 14, 5, 5], "isMain": true}, {"quality": "Less is better", "metricName": "    # relocations", "values": [4, 9, 9, 12, 5, 5], "isMain": false}, {"quality": "Less is better", "metricName": "    # translocations", "values": [0, 0, 0, 2, 0, 0], "isMain": false}, {"quality": "Less is better", "metricName": "    # inversions", "values": [0, 0, 0, 0, 0, 0], "isMain": false}, {"quality": "Less is better", "metricName": "# misassembled contigs", "values": [4, 9, 9, 14, 5, 5], "isMain": false}, {"quality": "Less is better", "metricName": "Misassembled contigs length", "values": [55189, 127292, 127292, 749414, 28731, 28731], "isMain": true}, {"quality": "Less is better", "metricName": "# local misassemblies", "values": [8, 9, 9, 2, 3, 3], "isMain": false}]], ["Unaligned", [{"quality": "Less is better", "metricName": "# fully unaligned contigs", "values": [1, 1, 1, 1, 1, 1], "isMain": false}, {"quality": "Less is better", "metricName": "Fully unaligned length", "values": [549, 549, 549, 5482, 5482, 5482], "isMain": false}, {"quality": "Less is better", "metricName": "# partially unaligned contigs", "values": [1, 0, 0, 5, 2, 2], "isMain": false}, {"quality": "Less is better", "metricName": "    # with misassembly", "values": [0, 0, 0, 1, 1, 1], "isMain": false}, {"quality": "Less is better", "metricName": "    # both parts are significant", "values": [0, 0, 0, 0, 0, 0], "isMain": false}, {"quality": "Less is better", "metricName": "Partially unaligned length", "values": [27, 0, 0, 1221, 815, 815], "isMain": false}]], ["Mismatches", [{"quality": "Less is better", "metricName": "# mismatches", "values": [175, 229, 229, 161, 164, 0], "isMain": false}, {"quality": "Less is better", "metricName": "# indels", "values": [190, 122, 122, 110, 102, 0], "isMain": false}, {"quality": "Less is better", "metricName": "Indels length", "values": [262, 174, 174, 168, 137, 0], "isMain": false}, {"quality": "Less is better", "metricName": "# mismatches per 100 kbp", "values": ["4.47", "5.89", "5.89", "4.09", "4.23", "0.00"], "isMain": true}, {"quality": "Less is better", "metricName": "# indels per 100 kbp", "values": ["4.85", "3.14", "3.14", "2.80", "2.63", "0.00"], "isMain": true}, {"quality": "Less is better", "metricName": "    # short indels (<= 5 bp)", "values": [181, 116, 116, 104, 98, 0], "isMain": false}, {"quality": "Less is better", "metricName": "    # long indels (> 5 bp)", "values": [9, 6, 6, 6, 4, 0], "isMain": false}, {"quality": "Less is better", "metricName": "# N's", "values": [0, 0, 0, 0, 0, 0], "isMain": false}, {"quality": "Less is better", "metricName": "# N's per 100 kbp", "values": ["0.00", "0.00", "0.00", "0.00", "0.00", "0.00"], "isMain": true}]], ["Genome statistics", [{"quality": "More is better", "metricName": "Genome fraction (%)", "values": ["97.038", "96.340", "96.340", "97.563", "96.234", "96.234"], "isMain": true}, {"quality": "Less is better", "metricName": "Duplication ratio", "values": ["1.011", "1.012", "1.012", "1.007", "1.007", "1.007"], "isMain": true}, {"quality": "More is better", "metricName": "# genes", "values": ["3386 + 132 part", "3392 + 121 part", "3392 + 121 part", "3491 + 79 part", "3460 + 70 part", "3460 + 70 part"], "isMain": true}, {"quality": "More is better", "metricName": "Largest alignment", "values": [157783, 157831, 157831, 246346, 246346, 246346], "isMain": false}, {"quality": "More is better", "metricName": "NG50", "values": [40085, 41373, 41373, 92036, 105176, 105176], "isMain": false}, {"quality": "More is better", "metricName": "NG75", "values": [20673, 20721, 20721, 39974, 39408, 39408], "isMain": false}, {"quality": "More is better", "metricName": "NA50", "values": [40877, 42805, 42805, 67096, 105176, 105176], "isMain": false}, {"quality": "More is better", "metricName": "NA75", "values": [22753, 22638, 22638, 40333, 43442, 43442], "isMain": false}, {"quality": "More is better", "metricName": "NGA50", "values": [39468, 41373, 41373, 63574, 105176, 105176], "isMain": true}, {"quality": "More is better", "metricName": "NGA75", "values": [20673, 19470, 19470, 39408, 39408, 39408], "isMain": false}, {"quality": "Less is better", "metricName": "LG50", "values": [31, 30, 30, 15, 12, 12], "isMain": false}, {"quality": "Less is better", "metricName": "LG75", "values": [66, 63, 63, 33, 28, 28], "isMain": false}, {"quality": "Less is better", "metricName": "LA50", "values": [30, 28, 28, 16, 12, 12], "isMain": false}, {"quality": "Less is better", "metricName": "LA75", "values": [62, 59, 59, 35, 26, 26], "isMain": false}, {"quality": "Less is better", "metricName": "LGA50", "values": [31, 30, 30, 17, 12, 12], "isMain": false}, {"quality": "Less is better", "metricName": "LGA75", "values": [66, 64, 64, 37, 28, 28], "isMain": false}]], ["Predicted genes", []], ["Reference statistics", [{"quality": "Equal", "metricName": "Reference length", "values": [4033464, 4033464, 4033464, 4033464, 4033464, 4033464], "isMain": false}, {"quality": "Equal", "metricName": "Reference GC (%)", "values": ["47.49", "47.49", "47.49", "47.49", "47.49", "47.49"], "isMain": false}, {"quality": "Equal", "metricName": "Reference genes", "values": [3693, 3693, 3693, 3693, 3693, 3693], "isMain": false}, {"quality": "Equal", "metricName": "Reference operons", "values": [0, 0, 0, 0, 0, 0], "isMain": false}]]], "minContig": 500, "assembliesNames": ["1_GAGE-B-Hiseq", "1_Velvet_1.2.08-Hiseq", "1_Velvet_1.2.10-Hiseq", "2_GAGE-B-MiSeq", "2_Velvet_1.2.08-Miseq", "2_Velvet_1.2.10-Miseq"]}