{"date": "17 June 2014, Tuesday, 02:14:43", "report": [["Statistics without reference", [{"quality": "Less is better", "metricName": "# contigs", "values": [213, 85, 220, 104, 220, 104, 156, 138, 135, 133, 135, 133], "isMain": true}, {"quality": "Less is better", "metricName": "# contigs (>= 500 bp)", "values": [213, 85, 220, 104, 220, 104, 156, 138, 135, 133, 135, 133], "isMain": false}, {"quality": "Less is better", "metricName": "# contigs (>= 1000 bp)", "values": [183, 65, 190, 79, 190, 79, 124, 113, 109, 108, 109, 108], "isMain": false}, {"quality": "More is better", "metricName": "Largest contig", "values": [157783, 524347, 157783, 411927, 157783, 411927, 246346, 246346, 246346, 246346, 246346, 246346], "isMain": true}, {"quality": "More is better", "metricName": "Total length", "values": [3914915, 3940257, 3880977, 3903678, 3880977, 3903678, 3944260, 3945576, 3891016, 3892321, 3891016, 3892321], "isMain": true}, {"quality": "More is better", "metricName": "Total length (>= 500 bp)", "values": [3914915, 3940257, 3880977, 3903678, 3880977, 3903678, 3944260, 3945576, 3891016, 3892321, 3891016, 3892321], "isMain": false}, {"quality": "More is better", "metricName": "Total length (>= 1000 bp)", "values": [3894214, 3927326, 3860441, 3886781, 3860441, 3886781, 3921645, 3928680, 3872867, 3875057, 3872867, 3875057], "isMain": false}, {"quality": "More is better", "metricName": "N50", "values": [40877, 172545, 41373, 163386, 41373, 163386, 92036, 109996, 105176, 105176, 105176, 105176], "isMain": true}, {"quality": "More is better", "metricName": "N75", "values": [22754, 92099, 19470, 75755, 19470, 75755, 43442, 47047, 43442, 43442, 43442, 43442], "isMain": false}, {"quality": "Less is better", "metricName": "L50", "values": [30, 7, 29, 8, 29, 8, 15, 11, 12, 12, 12, 12], "isMain": false}, {"quality": "Less is better", "metricName": "L75", "values": [62, 14, 62, 18, 62, 18, 31, 25, 26, 26, 26, 26], "isMain": false}, {"quality": "Equal", "metricName": "GC (%)", "values": ["47.50", "47.50", "47.63", "47.63", "47.63", "47.63", "47.52", "47.51", "47.69", "47.69", "47.69", "47.69"], "isMain": false}]], ["Misassemblies", [{"quality": "Less is better", "metricName": "# misassemblies", "values": [4, 10, 8, 10, 8, 10, 14, 22, 5, 6, 5, 6], "isMain": true}, {"quality": "Less is better", "metricName": "    # relocations", "values": [4, 8, 8, 9, 8, 9, 12, 20, 5, 6, 5, 6], "isMain": false}, {"quality": "Less is better", "metricName": "    # translocations", "values": [0, 2, 0, 1, 0, 1, 2, 2, 0, 0, 0, 0], "isMain": false}, {"quality": "Less is better", "metricName": "    # inversions", "values": [0, 0, 0, 0, 0, 0, 0, 0, 0, 0, 0, 0], "isMain": false}, {"quality": "Less is better", "metricName": "# misassembled contigs", "values": [4, 8, 8, 9, 8, 9, 14, 17, 5, 6, 5, 6], "isMain": false}, {"quality": "Less is better", "metricName": "Misassembled contigs length", "values": [55189, 395034, 69468, 273985, 69468, 273985, 749414, 1210318, 28731, 45660, 28731, 45660], "isMain": true}, {"quality": "Less is better", "metricName": "# local misassemblies", "values": [8, 129, 6, 123, 6, 123, 2, 13, 3, 6, 3, 6], "isMain": false}]], ["Unaligned", [{"quality": "Less is better", "metricName": "# fully unaligned contigs", "values": [1, 1, 1, 1, 1, 1, 1, 1, 1, 1, 1, 1], "isMain": false}, {"quality": "Less is better", "metricName": "Fully unaligned length", "values": [549, 549, 549, 549, 549, 549, 5482, 5482, 5482, 5482, 5482, 5482], "isMain": false}, {"quality": "Less is better", "metricName": "# partially unaligned contigs", "values": [1, 0, 0, 0, 0, 0, 5, 3, 2, 2, 2, 2], "isMain": false}, {"quality": "Less is better", "metricName": "    # with misassembly", "values": [0, 0, 0, 0, 0, 0, 1, 1, 1, 1, 1, 1], "isMain": false}, {"quality": "Less is better", "metricName": "    # both parts are significant", "values": [0, 0, 0, 0, 0, 0, 0, 0, 0, 0, 0, 0], "isMain": false}, {"quality": "Less is better", "metricName": "Partially unaligned length", "values": [27, 0, 0, 0, 0, 0, 1221, 842, 815, 815, 815, 815], "isMain": false}]], ["Mismatches", [{"quality": "Less is better", "metricName": "# mismatches", "values": [175, 203, 221, 225, 221, 225, 161, 156, 155, 168, 155, 168], "isMain": false}, {"quality": "Less is better", "metricName": "# indels", "values": [190, 370, 131, 205, 131, 205, 110, 192, 102, 103, 102, 103], "isMain": false}, {"quality": "Less is better", "metricName": "Indels length", "values": [262, 708, 173, 374, 173, 374, 168, 352, 137, 145, 137, 145], "isMain": false}, {"quality": "Less is better", "metricName": "# mismatches per 100 kbp", "values": ["4.47", "5.18", "5.70", "5.80", "5.70", "5.80", "4.09", "3.96", "3.99", "4.33", "3.99", "4.33"], "isMain": true}, {"quality": "Less is better", "metricName": "# indels per 100 kbp", "values": ["4.85", "9.44", "3.38", "5.28", "3.38", "5.28", "2.80", "4.88", "2.63", "2.65", "2.63", "2.65"], "isMain": true}, {"quality": "Less is better", "metricName": "    # short indels (<= 5 bp)", "values": [181, 346, 126, 196, 126, 196, 104, 183, 98, 98, 98, 98], "isMain": false}, {"quality": "Less is better", "metricName": "    # long indels (> 5 bp)", "values": [9, 24, 5, 9, 5, 9, 6, 9, 4, 5, 4, 5], "isMain": false}, {"quality": "Less is better", "metricName": "# N's", "values": [0, 21557, 0, 20135, 0, 20135, 0, 220, 0, 50, 0, 50], "isMain": false}, {"quality": "Less is better", "metricName": "# N's per 100 kbp", "values": ["0.00", "547.10", "0.00", "515.80", "0.00", "515.80", "0.00", "5.58", "0.00", "1.28", "0.00", "1.28"], "isMain": true}]], ["Genome statistics", [{"quality": "More is better", "metricName": "Genome fraction (%)", "values": ["97.038", "97.140", "96.181", "96.251", "96.181", "96.251", "97.563", "97.598", "96.223", "96.242", "96.223", "96.242"], "isMain": true}, {"quality": "Less is better", "metricName": "Duplication ratio", "values": ["1.011", "1.016", "1.011", "1.016", "1.011", "1.016", "1.007", "1.007", "1.007", "1.007", "1.007", "1.007"], "isMain": true}, {"quality": "More is better", "metricName": "# genes", "values": ["3386 + 132 part", "3400 + 128 part", "3371 + 132 part", "3379 + 130 part", "3371 + 132 part", "3379 + 130 part", "3491 + 79 part", "3492 + 78 part", "3458 + 72 part", "3459 + 71 part", "3458 + 72 part", "3459 + 71 part"], "isMain": true}, {"quality": "More is better", "metricName": "Largest alignment", "values": [157783, 521619, 157783, 409820, 157783, 409820, 246346, 246346, 246346, 246346, 246346, 246346], "isMain": false}, {"quality": "More is better", "metricName": "NG50", "values": [40085, 172545, 40085, 157209, 40085, 157209, 92036, 109996, 105176, 105176, 105176, 105176], "isMain": false}, {"quality": "More is better", "metricName": "NG75", "values": [20673, 82167, 18535, 71623, 18535, 71623, 39974, 46531, 39408, 39408, 39408, 39408], "isMain": false}, {"quality": "More is better", "metricName": "NA50", "values": [40877, 171505, 41373, 163055, 41373, 163055, 67096, 75901, 105176, 105176, 105176, 105176], "isMain": false}, {"quality": "More is better", "metricName": "NA75", "values": [22753, 91938, 19470, 71376, 19470, 71376, 40333, 43122, 43442, 43442, 43442, 43442], "isMain": false}, {"quality": "More is better", "metricName": "NGA50", "values": [39468, 171505, 39468, 156829, 39468, 156829, 63574, 67096, 105176, 105176, 105176, 105176], "isMain": true}, {"quality": "More is better", "metricName": "NGA75", "values": [20673, 80883, 18535, 59664, 18535, 59664, 39408, 40333, 39408, 39408, 39408, 39408], "isMain": false}, {"quality": "Less is better", "metricName": "LG50", "values": [31, 7, 31, 9, 31, 9, 15, 11, 12, 12, 12, 12], "isMain": false}, {"quality": "Less is better", "metricName": "LG75", "values": [66, 15, 68, 19, 68, 19, 33, 26, 28, 28, 28, 28], "isMain": false}, {"quality": "Less is better", "metricName": "LA50", "values": [30, 7, 29, 8, 29, 8, 16, 13, 12, 12, 12, 12], "isMain": false}, {"quality": "Less is better", "metricName": "LA75", "values": [62, 14, 62, 18, 62, 18, 35, 32, 26, 26, 26, 26], "isMain": false}, {"quality": "Less is better", "metricName": "LGA50", "values": [31, 7, 31, 9, 31, 9, 17, 14, 12, 12, 12, 12], "isMain": false}, {"quality": "Less is better", "metricName": "LGA75", "values": [66, 15, 68, 20, 68, 20, 37, 33, 28, 28, 28, 28], "isMain": false}]], ["Predicted genes", []], ["Reference statistics", [{"quality": "Equal", "metricName": "Reference length", "values": [4033464, 4033464, 4033464, 4033464, 4033464, 4033464, 4033464, 4033464, 4033464, 4033464, 4033464, 4033464], "isMain": false}, {"quality": "Equal", "metricName": "Reference GC (%)", "values": ["47.49", "47.49", "47.49", "47.49", "47.49", "47.49", "47.49", "47.49", "47.49", "47.49", "47.49", "47.49"], "isMain": false}, {"quality": "Equal", "metricName": "Reference genes", "values": [3693, 3693, 3693, 3693, 3693, 3693, 3693, 3693, 3693, 3693, 3693, 3693], "isMain": false}, {"quality": "Equal", "metricName": "Reference operons", "values": [0, 0, 0, 0, 0, 0, 0, 0, 0, 0, 0, 0], "isMain": false}]]], "minContig": 500, "assembliesNames": ["1_GAGE-B broken", "1_GAGE-B", "1_Velvet_1_2_08 broken", "1_Velvet_1_2_08", "1_Velvet_1_2_10 broken", "1_Velvet_1_2_10", "2_GAGE-B broken", "2_GAGE-B", "2_Velvet_1_2_08 broken", "2_Velvet_1_2_08", "2_Velvet_1_2_10 broken", "2_Velvet_1_2_10"]}