{"date": "04 May 2014, Sunday, 23:20:39", "report": [["Statistics without reference", [{"quality": "Less is better", "metricName": "# contigs", "values": [48, 45, 48, 45], "isMain": true}, {"quality": "Less is better", "metricName": "# contigs (>= 0 bp)", "values": [167, 158, 167, 158], "isMain": false}, {"quality": "Less is better", "metricName": "# contigs (>= 1000 bp)", "values": [47, 43, 47, 43], "isMain": false}, {"quality": "More is better", "metricName": "Largest contig", "values": [654090, 654090, 654090, 654090], "isMain": true}, {"quality": "More is better", "metricName": "Total length", "values": [4967765, 4969781, 4967765, 4969781], "isMain": true}, {"quality": "More is better", "metricName": "Total length (>= 0 bp)", "values": [4983575, 4984065, 4983575, 4984065], "isMain": false}, {"quality": "More is better", "metricName": "Total length (>= 1000 bp)", "values": [4966849, 4968254, 4966849, 4968254], "isMain": false}, {"quality": "More is better", "metricName": "N50", "values": [237457, 268392, 237457, 268392], "isMain": true}, {"quality": "More is better", "metricName": "N75", "values": [122207, 137136, 122207, 137136], "isMain": false}, {"quality": "Less is better", "metricName": "L50", "values": [7, 6, 7, 6], "isMain": false}, {"quality": "Less is better", "metricName": "L75", "values": [15, 13, 15, 13], "isMain": false}, {"quality": "Equal", "metricName": "GC (%)", "values": ["61.54", "61.53", "61.54", "61.53"], "isMain": false}]], ["Misassemblies", [{"quality": "Less is better", "metricName": "# misassemblies", "values": [0, 1, "", ""], "isMain": true}, {"quality": "Less is better", "metricName": "    # relocations", "values": [0, 1, "", ""], "isMain": false}, {"quality": "Less is better", "metricName": "    # translocations", "values": [0, 0, "", ""], "isMain": false}, {"quality": "Less is better", "metricName": "    # inversions", "values": [0, 0, "", ""], "isMain": false}, {"quality": "Less is better", "metricName": "# misassembled contigs", "values": [0, 1, "", ""], "isMain": false}, {"quality": "Less is better", "metricName": "Misassembled contigs length", "values": [0, 2772, "", ""], "isMain": true}, {"quality": "Less is better", "metricName": "# local misassemblies", "values": [0, 0, "", ""], "isMain": false}]], ["Unaligned", [{"quality": "Less is better", "metricName": "# fully unaligned contigs", "values": [9, 9, 48, 45], "isMain": false}, {"quality": "Less is better", "metricName": "Fully unaligned length", "values": [149288, 118023, 4967765, 4969781], "isMain": false}, {"quality": "Less is better", "metricName": "# partially unaligned contigs", "values": [31, 28, "", ""], "isMain": false}, {"quality": "Less is better", "metricName": "    # with misassembly", "values": [23, 21, "", ""], "isMain": false}, {"quality": "Less is better", "metricName": "    # both parts are significant", "values": [28, 26, "", ""], "isMain": false}, {"quality": "Less is better", "metricName": "Partially unaligned length", "values": [4083435, 4122327, "", ""], "isMain": false}]], ["Mismatches", [{"quality": "Less is better", "metricName": "# mismatches", "values": [1253, 1060, "", ""], "isMain": false}, {"quality": "Less is better", "metricName": "# indels", "values": [50, 46, "", ""], "isMain": false}, {"quality": "Less is better", "metricName": "Indels length", "values": [63, 61, "", ""], "isMain": false}, {"quality": "Less is better", "metricName": "# mismatches per 100 kbp", "values": ["2894.83", "2698.92", "", ""], "isMain": true}, {"quality": "Less is better", "metricName": "# indels per 100 kbp", "values": ["115.52", "117.12", "", ""], "isMain": true}, {"quality": "Less is better", "metricName": "    # short indels (<= 5 bp)", "values": [49, 45, "", ""], "isMain": false}, {"quality": "Less is better", "metricName": "    # long indels (> 5 bp)", "values": [1, 1, "", ""], "isMain": false}, {"quality": "Less is better", "metricName": "# N's", "values": [1, 491, 1, 491], "isMain": false}, {"quality": "Less is better", "metricName": "# N's per 100 kbp", "values": ["0.02", "9.88", "0.02", "9.88"], "isMain": true}]], ["Genome statistics", [{"quality": "More is better", "metricName": "Genome fraction (%)", "values": ["15.006", "14.876", "", ""], "isMain": true}, {"quality": "Less is better", "metricName": "Duplication ratio", "values": ["1.032", "1.033", "", ""], "isMain": true}, {"quality": "More is better", "metricName": "Largest alignment", "values": [52419, 52419, "", ""], "isMain": false}, {"quality": "More is better", "metricName": "NG50", "values": [244971, 268392, 168818, 244971], "isMain": false}, {"quality": "More is better", "metricName": "NG75", "values": [128961, 137898, 108167, 122207], "isMain": false}, {"quality": "Less is better", "metricName": "LG50", "values": [6, 6, 8, 7], "isMain": false}, {"quality": "Less is better", "metricName": "LG75", "values": [14, 12, 18, 16], "isMain": false}]], ["Predicted genes", []], ["Reference statistics", [{"quality": "Equal", "metricName": "Reference length", "values": [4744448, 4744448, 5432652, 5432652], "isMain": false}, {"quality": "Equal", "metricName": "Reference GC (%)", "values": ["61.55", "61.55", "35.50", "35.50"], "isMain": false}, {"quality": "Equal", "metricName": "Reference genes", "values": [0, 0, "", ""], "isMain": false}, {"quality": "Equal", "metricName": "Reference operons", "values": [0, 0, "", ""], "isMain": false}]]], "minContig": 500, "assembliesNames": ["A_hydrophila_ATCC_7966 broken", "A_hydrophila_ATCC_7966", "B_cereus_ATCC_1098 broken", "B_cereus_ATCC_1098"]}