{"date":"19 April 2014, Saturday, 02:38:49","report":[["Statistics without reference",[{"values":[53],"quality":"Less is better","isMain":true,"metricName":"# contigs"},{"values":[103],"quality":"Less is better","isMain":false,"metricName":"# contigs (>= 0 bp)"},{"values":[51],"quality":"Less is better","isMain":false,"metricName":"# contigs (>= 1000 bp)"},{"values":[526254],"quality":"More is better","isMain":true,"metricName":"Largest contig"},{"values":[4886581],"quality":"More is better","isMain":true,"metricName":"Total length"},{"values":[4895627],"quality":"More is better","isMain":false,"metricName":"Total length (>= 0 bp)"},{"values":[4884654],"quality":"More is better","isMain":false,"metricName":"Total length (>= 1000 bp)"},{"values":[180361],"quality":"More is better","isMain":true,"metricName":"N50"},{"values":[93861],"quality":"More is better","isMain":false,"metricName":"N75"},{"values":[9],"quality":"Less is better","isMain":false,"metricName":"L50"},{"values":[18],"quality":"Less is better","isMain":false,"metricName":"L75"},{"values":["61.61"],"quality":"Equal","isMain":false,"metricName":"GC (%)"}]],["Misassemblies",[]],["Unaligned",[]],["Mismatches",[{"values":[0],"quality":"Less is better","isMain":false,"metricName":"# N's"},{"values":["0.00"],"quality":"Less is better","isMain":true,"metricName":"# N's per 100 kbp"}]],["Genome statistics",[]],["Predicted genes",[]],["Reference statistics",[]]],"minContig":500,"assembliesNames":["dataset_488.dat"]}