Assembly	RS-M-Abyss-Contig	RS-M-Cabog-Contig	RS-M-Mira-Contig	RS-M-Msrca-Contig	RS-M-Sga-Contig	RS-M-Soap-Contig	RS-M-Spades-Contig	RS-M-Velvet-Contig	RS-M-Abyss-Scaffold	RS-M-Cabog-Scaffold	RS-M-Msrca-Scaffold	RS-M-Sga-Scaffold	RS-M-Soap-Scaffold	RS-M-Spades-Scaffold	RS-M-Velvet-Scaffold
# fully unaligned contigs	0	0	0	0	0	0	0	1	0	0	0	0	0	0	0
Fully unaligned length	0	0	0	0	0	0	0	688	0	0	0	0	0	0	0
# partially unaligned contigs	2	1	2	1	1	1	0	0	2	1	1	0	0	0	0
    # with misassembly	0	0	0	0	0	0	0	0	0	0	0	0	0	0	0
    # both parts are significant	0	0	0	0	0	0	0	0	0	0	0	0	0	0	0
Partially unaligned length	96	78	43	23	11	383	0	0	96	78	23	0	0	0	0
# N's	0	210	119	0	0	0	466	0	0	821	205	0	6334	515	33457
