{"date":"06 May 2014, Tuesday, 14:04:25","report":[["Statistics without reference",[{"values":[47],"quality":"Less is better","isMain":true,"metricName":"# contigs"},{"values":[339],"quality":"Less is better","isMain":false,"metricName":"# contigs (>= 0 bp)"},{"values":[38],"quality":"Less is better","isMain":false,"metricName":"# contigs (>= 1000 bp)"},{"values":[592124],"quality":"More is better","isMain":true,"metricName":"Largest contig"},{"values":[4929385],"quality":"More is better","isMain":true,"metricName":"Total length"},{"values":[5011698],"quality":"More is better","isMain":false,"metricName":"Total length (>= 0 bp)"},{"values":[4923079],"quality":"More is better","isMain":false,"metricName":"Total length (>= 1000 bp)"},{"values":[379681],"quality":"More is better","isMain":true,"metricName":"N50"},{"values":[129901],"quality":"More is better","isMain":false,"metricName":"N75"},{"values":[5],"quality":"Less is better","isMain":false,"metricName":"L50"},{"values":[12],"quality":"Less is better","isMain":false,"metricName":"L75"},{"values":["61.54"],"quality":"Equal","isMain":false,"metricName":"GC (%)"}]],["Misassemblies",[{"values":[1],"quality":"Less is better","isMain":true,"metricName":"# misassemblies"},{"values":[1],"quality":"Less is better","isMain":false,"metricName":"    # relocations"},{"values":[0],"quality":"Less is better","isMain":false,"metricName":"    # translocations"},{"values":[0],"quality":"Less is better","isMain":false,"metricName":"    # inversions"},{"values":[1],"quality":"Less is better","isMain":false,"metricName":"# misassembled contigs"},{"values":[579],"quality":"Less is better","isMain":true,"metricName":"Misassembled contigs length"},{"values":[0],"quality":"Less is better","isMain":false,"metricName":"# local misassemblies"}]],["Unaligned",[{"values":[13],"quality":"Less is better","isMain":false,"metricName":"# fully unaligned contigs"},{"values":[46999],"quality":"Less is better","isMain":false,"metricName":"Fully unaligned length"},{"values":[26],"quality":"Less is better","isMain":false,"metricName":"# partially unaligned contigs"},{"values":[20],"quality":"Less is better","isMain":false,"metricName":"    # with misassembly"},{"values":[25],"quality":"Less is better","isMain":false,"metricName":"    # both parts are significant"},{"values":[4145432],"quality":"Less is better","isMain":false,"metricName":"Partially unaligned length"}]],["Mismatches",[{"values":[2011],"quality":"Less is better","isMain":false,"metricName":"# mismatches"},{"values":[75],"quality":"Less is better","isMain":false,"metricName":"# indels"},{"values":[107],"quality":"Less is better","isMain":false,"metricName":"Indels length"},{"values":["3611.13"],"quality":"Less is better","isMain":true,"metricName":"# mismatches per 100 kbp"},{"values":["134.68"],"quality":"Less is better","isMain":true,"metricName":"# indels per 100 kbp"},{"values":[73],"quality":"Less is better","isMain":false,"metricName":"    # short indels (<= 5 bp)"},{"values":[2],"quality":"Less is better","isMain":false,"metricName":"    # long indels (> 5 bp)"},{"values":[63],"quality":"Less is better","isMain":false,"metricName":"# N's"},{"values":["1.28"],"quality":"Less is better","isMain":true,"metricName":"# N's per 100 kbp"}]],["Genome statistics",[{"values":["15.166"],"quality":"More is better","isMain":true,"metricName":"Genome fraction (%)"},{"values":["1.024"],"quality":"Less is better","isMain":true,"metricName":"Duplication ratio"},{"values":["617 + 62 part"],"quality":"More is better","isMain":true,"metricName":"# genes"},{"values":[52419],"quality":"More is better","isMain":false,"metricName":"Largest alignment"},{"values":[379681],"quality":"More is better","isMain":false,"metricName":"NG50"},{"values":[137987],"quality":"More is better","isMain":false,"metricName":"NG75"},{"values":[5],"quality":"Less is better","isMain":false,"metricName":"LG50"},{"values":[11],"quality":"Less is better","isMain":false,"metricName":"LG75"}]],["Predicted genes",[]],["Reference statistics",[{"values":[4744448],"quality":"Equal","isMain":false,"metricName":"Reference length"},{"values":["61.55"],"quality":"Equal","isMain":false,"metricName":"Reference GC (%)"},{"values":[4284],"quality":"Equal","isMain":false,"metricName":"Reference genes"},{"values":[0],"quality":"Equal","isMain":false,"metricName":"Reference operons"}]]],"minContig":500,"assembliesNames":["AH-H-Spades-Contig"]}