{"date": "06 May 2014, Tuesday, 13:48:21", "report": [["Statistics without reference", [{"quality": "Less is better", "metricName": "# contigs", "values": [54, 94], "isMain": true}, {"quality": "Less is better", "metricName": "# contigs (>= 0 bp)", "values": [174, 113], "isMain": false}, {"quality": "Less is better", "metricName": "# contigs (>= 1000 bp)", "values": [52, 81], "isMain": false}, {"quality": "More is better", "metricName": "Largest contig", "values": [654090, 710684], "isMain": true}, {"quality": "More is better", "metricName": "Total length", "values": [4969260, 5004541], "isMain": true}, {"quality": "More is better", "metricName": "Total length (>= 0 bp)", "values": [4985428, 5009370], "isMain": false}, {"quality": "More is better", "metricName": "Total length (>= 1000 bp)", "values": [4967717, 4994206], "isMain": false}, {"quality": "More is better", "metricName": "N50", "values": [237457, 278382], "isMain": true}, {"quality": "More is better", "metricName": "N75", "values": [121603, 133236], "isMain": false}, {"quality": "Less is better", "metricName": "L50", "values": [7, 6], "isMain": false}, {"quality": "Less is better", "metricName": "L75", "values": [15, 12], "isMain": false}, {"quality": "Equal", "metricName": "GC (%)", "values": ["61.53", "61.60"], "isMain": false}]], ["Misassemblies", [{"quality": "Less is better", "metricName": "# misassemblies", "values": [0, 2], "isMain": true}, {"quality": "Less is better", "metricName": "    # relocations", "values": [0, 2], "isMain": false}, {"quality": "Less is better", "metricName": "    # translocations", "values": [0, 0], "isMain": false}, {"quality": "Less is better", "metricName": "    # inversions", "values": [0, 0], "isMain": false}, {"quality": "Less is better", "metricName": "# misassembled contigs", "values": [0, 2], "isMain": false}, {"quality": "Less is better", "metricName": "Misassembled contigs length", "values": [0, 28456], "isMain": true}, {"quality": "Less is better", "metricName": "# local misassemblies", "values": [0, 1], "isMain": false}]], ["Unaligned", [{"quality": "Less is better", "metricName": "# fully unaligned contigs", "values": [12, 40], "isMain": false}, {"quality": "Less is better", "metricName": "Fully unaligned length", "values": [162641, 349640], "isMain": false}, {"quality": "Less is better", "metricName": "# partially unaligned contigs", "values": [34, 32], "isMain": false}, {"quality": "Less is better", "metricName": "    # with misassembly", "values": [25, 20], "isMain": false}, {"quality": "Less is better", "metricName": "    # both parts are significant", "values": [29, 24], "isMain": false}, {"quality": "Less is better", "metricName": "Partially unaligned length", "values": [4071442, 3915649], "isMain": false}]], ["Mismatches", [{"quality": "Less is better", "metricName": "# mismatches", "values": [1049, 5044], "isMain": false}, {"quality": "Less is better", "metricName": "# indels", "values": [44, 186], "isMain": false}, {"quality": "Less is better", "metricName": "Indels length", "values": [59, 275], "isMain": false}, {"quality": "Less is better", "metricName": "# mismatches per 100 kbp", "values": ["2686.51", "3837.64"], "isMain": true}, {"quality": "Less is better", "metricName": "# indels per 100 kbp", "values": ["112.68", "141.51"], "isMain": true}, {"quality": "Less is better", "metricName": "    # short indels (<= 5 bp)", "values": [43, 181], "isMain": false}, {"quality": "Less is better", "metricName": "    # long indels (> 5 bp)", "values": [1, 5], "isMain": false}, {"quality": "Less is better", "metricName": "# N's", "values": [91, 0], "isMain": false}, {"quality": "Less is better", "metricName": "# N's per 100 kbp", "values": ["1.83", "0.00"], "isMain": true}]], ["Genome statistics", [{"quality": "More is better", "metricName": "Genome fraction (%)", "values": ["15.010", "14.751"], "isMain": true}, {"quality": "Less is better", "metricName": "Duplication ratio", "values": ["1.032", "1.056"], "isMain": true}, {"quality": "More is better", "metricName": "# genes", "values": ["607 + 66 part", "598 + 73 part"], "isMain": true}, {"quality": "More is better", "metricName": "Largest alignment", "values": [52419, 52397], "isMain": false}, {"quality": "More is better", "metricName": "NG50", "values": [237457, 278382], "isMain": false}, {"quality": "More is better", "metricName": "NG75", "values": [122207, 156215], "isMain": false}, {"quality": "Less is better", "metricName": "LG50", "values": [7, 6], "isMain": false}, {"quality": "Less is better", "metricName": "LG75", "values": [14, 11], "isMain": false}]], ["Predicted genes", []], ["Reference statistics", [{"quality": "Equal", "metricName": "Reference length", "values": [4744448, 4744448], "isMain": false}, {"quality": "Equal", "metricName": "Reference GC (%)", "values": ["61.55", "61.55"], "isMain": false}, {"quality": "Equal", "metricName": "Reference genes", "values": [4284, 4284], "isMain": false}, {"quality": "Equal", "metricName": "Reference operons", "values": [0, 0], "isMain": false}]]], "minContig": 500, "assembliesNames": ["2_AH-H-Abyss-Contig", "4_AH-H-Cabog-Contig"]}