{"date":"16 April 2014, Wednesday, 02:12:34","report":[["Statistics without reference",[{"values":[87],"quality":"Less is better","isMain":true,"metricName":"# contigs"},{"values":[617],"quality":"Less is better","isMain":false,"metricName":"# contigs (>= 0 bp)"},{"values":[82],"quality":"Less is better","isMain":false,"metricName":"# contigs (>= 1000 bp)"},{"values":[430487],"quality":"More is better","isMain":true,"metricName":"Largest contig"},{"values":[5380960],"quality":"More is better","isMain":true,"metricName":"Total length"},{"values":[5431491],"quality":"More is better","isMain":false,"metricName":"Total length (>= 0 bp)"},{"values":[5376981],"quality":"More is better","isMain":false,"metricName":"Total length (>= 1000 bp)"},{"values":[130570],"quality":"More is better","isMain":true,"metricName":"N50"},{"values":[69698],"quality":"More is better","isMain":false,"metricName":"N75"},{"values":[12],"quality":"Less is better","isMain":false,"metricName":"L50"},{"values":[26],"quality":"Less is better","isMain":false,"metricName":"L75"},{"values":["35.30"],"quality":"Equal","isMain":false,"metricName":"GC (%)"}]],["Misassemblies",[{"values":[2],"quality":"Less is better","isMain":true,"metricName":"# misassemblies"},{"values":[1],"quality":"Less is better","isMain":false,"metricName":"    # relocations"},{"values":[1],"quality":"Less is better","isMain":false,"metricName":"    # translocations"},{"values":[0],"quality":"Less is better","isMain":false,"metricName":"    # inversions"},{"values":[2],"quality":"Less is better","isMain":false,"metricName":"# misassembled contigs"},{"values":[52909],"quality":"Less is better","isMain":true,"metricName":"Misassembled contigs length"},{"values":[25],"quality":"Less is better","isMain":false,"metricName":"# local misassemblies"}]],["Unaligned",[{"values":[0],"quality":"Less is better","isMain":false,"metricName":"# fully unaligned contigs"},{"values":[0],"quality":"Less is better","isMain":false,"metricName":"Fully unaligned length"},{"values":[1],"quality":"Less is better","isMain":false,"metricName":"# partially unaligned contigs"},{"values":[1],"quality":"Less is better","isMain":false,"metricName":"    # with misassembly"},{"values":[1],"quality":"Less is better","isMain":false,"metricName":"    # both parts are significant"},{"values":[2338],"quality":"Less is better","isMain":false,"metricName":"Partially unaligned length"}]],["Mismatches",[{"values":[351],"quality":"Less is better","isMain":false,"metricName":"# mismatches"},{"values":[428],"quality":"Less is better","isMain":false,"metricName":"# indels"},{"values":[2800],"quality":"Less is better","isMain":false,"metricName":"Indels length"},{"values":["6.56"],"quality":"Less is better","isMain":true,"metricName":"# mismatches per 100 kbp"},{"values":["8.00"],"quality":"Less is better","isMain":true,"metricName":"# indels per 100 kbp"},{"values":[337],"quality":"Less is better","isMain":false,"metricName":"    # short indels (<= 5 bp)"},{"values":[91],"quality":"Less is better","isMain":false,"metricName":"    # long indels (> 5 bp)"},{"values":[5511],"quality":"Less is better","isMain":false,"metricName":"# N's"},{"values":["102.42"],"quality":"Less is better","isMain":true,"metricName":"# N's per 100 kbp"}]],["Genome statistics",[{"values":["98.451"],"quality":"More is better","isMain":true,"metricName":"Genome fraction (%)"},{"values":["1.010"],"quality":"Less is better","isMain":true,"metricName":"Duplication ratio"},{"values":["5813 + 73 part"],"quality":"More is better","isMain":true,"metricName":"# genes"},{"values":[430487],"quality":"More is better","isMain":false,"metricName":"Largest alignment"},{"values":[130570],"quality":"More is better","isMain":false,"metricName":"NG50"},{"values":[65667],"quality":"More is better","isMain":false,"metricName":"NG75"},{"values":[130570],"quality":"More is better","isMain":false,"metricName":"NA50"},{"values":[69698],"quality":"More is better","isMain":false,"metricName":"NA75"},{"values":[130570],"quality":"More is better","isMain":true,"metricName":"NGA50"},{"values":[65667],"quality":"More is better","isMain":false,"metricName":"NGA75"},{"values":[12],"quality":"Less is better","isMain":false,"metricName":"LG50"},{"values":[27],"quality":"Less is better","isMain":false,"metricName":"LG75"},{"values":[12],"quality":"Less is better","isMain":false,"metricName":"LA50"},{"values":[26],"quality":"Less is better","isMain":false,"metricName":"LA75"},{"values":[12],"quality":"Less is better","isMain":false,"metricName":"LGA50"},{"values":[27],"quality":"Less is better","isMain":false,"metricName":"LGA75"}]],["Predicted genes",[]],["Reference statistics",[{"values":[5432652],"quality":"Equal","isMain":false,"metricName":"Reference length"},{"values":["35.50"],"quality":"Equal","isMain":false,"metricName":"Reference GC (%)"},{"values":[6014],"quality":"Equal","isMain":false,"metricName":"Reference genes"},{"values":[0],"quality":"Equal","isMain":false,"metricName":"Reference operons"}]]],"minContig":500,"assembliesNames":["dataset_497.dat"]}