{"date":"05 May 2014, Monday, 00:40:51","report":[["Statistics without reference",[{"values":[374],"quality":"Less is better","isMain":true,"metricName":"# contigs"},{"values":[894],"quality":"Less is better","isMain":false,"metricName":"# contigs (>= 0 bp)"},{"values":[325],"quality":"Less is better","isMain":false,"metricName":"# contigs (>= 1000 bp)"},{"values":[257581],"quality":"More is better","isMain":true,"metricName":"Largest contig"},{"values":[5805336],"quality":"More is better","isMain":true,"metricName":"Total length"},{"values":[5879341],"quality":"More is better","isMain":false,"metricName":"Total length (>= 0 bp)"},{"values":[5771919],"quality":"More is better","isMain":false,"metricName":"Total length (>= 1000 bp)"},{"values":[42572],"quality":"More is better","isMain":true,"metricName":"N50"},{"values":[19054],"quality":"More is better","isMain":false,"metricName":"N75"},{"values":[38],"quality":"Less is better","isMain":false,"metricName":"L50"},{"values":[92],"quality":"Less is better","isMain":false,"metricName":"L75"},{"values":["35.20"],"quality":"Equal","isMain":false,"metricName":"GC (%)"}]],["Misassemblies",[{"values":[5],"quality":"Less is better","isMain":true,"metricName":"# misassemblies"},{"values":[5],"quality":"Less is better","isMain":false,"metricName":"    # relocations"},{"values":[0],"quality":"Less is better","isMain":false,"metricName":"    # translocations"},{"values":[0],"quality":"Less is better","isMain":false,"metricName":"    # inversions"},{"values":[4],"quality":"Less is better","isMain":false,"metricName":"# misassembled contigs"},{"values":[3003],"quality":"Less is better","isMain":true,"metricName":"Misassembled contigs length"},{"values":[2],"quality":"Less is better","isMain":false,"metricName":"# local misassemblies"}]],["Unaligned",[{"values":[317],"quality":"Less is better","isMain":false,"metricName":"# fully unaligned contigs"},{"values":[4185249],"quality":"Less is better","isMain":false,"metricName":"Fully unaligned length"},{"values":[42],"quality":"Less is better","isMain":false,"metricName":"# partially unaligned contigs"},{"values":[9],"quality":"Less is better","isMain":false,"metricName":"    # with misassembly"},{"values":[13],"quality":"Less is better","isMain":false,"metricName":"    # both parts are significant"},{"values":[1570119],"quality":"Less is better","isMain":false,"metricName":"Partially unaligned length"}]],["Mismatches",[{"values":[971],"quality":"Less is better","isMain":false,"metricName":"# mismatches"},{"values":[60],"quality":"Less is better","isMain":false,"metricName":"# indels"},{"values":[75],"quality":"Less is better","isMain":false,"metricName":"Indels length"},{"values":["3383.28"],"quality":"Less is better","isMain":true,"metricName":"# mismatches per 100 kbp"},{"values":["209.06"],"quality":"Less is better","isMain":true,"metricName":"# indels per 100 kbp"},{"values":[59],"quality":"Less is better","isMain":false,"metricName":"    # short indels (<= 5 bp)"},{"values":[1],"quality":"Less is better","isMain":false,"metricName":"    # long indels (> 5 bp)"},{"values":[0],"quality":"Less is better","isMain":false,"metricName":"# N's"},{"values":["0.00"],"quality":"Less is better","isMain":true,"metricName":"# N's per 100 kbp"}]],["Genome statistics",[{"values":["0.792"],"quality":"More is better","isMain":true,"metricName":"Genome fraction (%)"},{"values":["1.163"],"quality":"Less is better","isMain":true,"metricName":"Duplication ratio"},{"values":["95 + 11 part"],"quality":"More is better","isMain":true,"metricName":"# genes"},{"values":[9186],"quality":"More is better","isMain":false,"metricName":"Largest alignment"},{"values":[48302],"quality":"More is better","isMain":false,"metricName":"NG50"},{"values":[21996],"quality":"More is better","isMain":false,"metricName":"NG75"},{"values":[34],"quality":"Less is better","isMain":false,"metricName":"LG50"},{"values":[78],"quality":"Less is better","isMain":false,"metricName":"LG75"}]],["Predicted genes",[]],["Reference statistics",[{"values":[5432652],"quality":"Equal","isMain":false,"metricName":"Reference length"},{"values":["35.50"],"quality":"Equal","isMain":false,"metricName":"Reference GC (%)"},{"values":[6014],"quality":"Equal","isMain":false,"metricName":"Reference genes"},{"values":[0],"quality":"Equal","isMain":false,"metricName":"Reference operons"}]]],"minContig":500,"assembliesNames":["dataset_489.dat"]}