{"date":"03 July 2014, Thursday, 14:45:23","report":[["Statistics without reference",[{"values":[188,188],"quality":"Less is better","isMain":true,"metricName":"# contigs"},{"values":[188,188],"quality":"Less is better","isMain":false,"metricName":"# contigs (>= 500 bp)"},{"values":[188,188],"quality":"Less is better","isMain":false,"metricName":"# contigs (>= 1000 bp)"},{"values":[5646,5646],"quality":"More is better","isMain":true,"metricName":"Largest contig"},{"values":[318746,318746],"quality":"More is better","isMain":true,"metricName":"Total length"},{"values":[318746,318746],"quality":"More is better","isMain":false,"metricName":"Total length (>= 500 bp)"},{"values":[318746,318746],"quality":"More is better","isMain":false,"metricName":"Total length (>= 1000 bp)"},{"values":[1707,1707],"quality":"More is better","isMain":true,"metricName":"N50"},{"values":[1367,1367],"quality":"More is better","isMain":false,"metricName":"N75"},{"values":[69,69],"quality":"Less is better","isMain":false,"metricName":"L50"},{"values":[121,121],"quality":"Less is better","isMain":false,"metricName":"L75"},{"values":["41.54","41.54"],"quality":"Equal","isMain":false,"metricName":"GC (%)"}]],["Misassemblies",[{"values":[7,7],"quality":"Less is better","isMain":true,"metricName":"# misassemblies"},{"values":[5,5],"quality":"Less is better","isMain":false,"metricName":"    # relocations"},{"values":[2,2],"quality":"Less is better","isMain":false,"metricName":"    # translocations"},{"values":[0,0],"quality":"Less is better","isMain":false,"metricName":"    # inversions"},{"values":[7,7],"quality":"Less is better","isMain":false,"metricName":"# misassembled contigs"},{"values":[15751,15751],"quality":"Less is better","isMain":true,"metricName":"Misassembled contigs length"},{"values":[1,1],"quality":"Less is better","isMain":false,"metricName":"# local misassemblies"}]],["Unaligned",[{"values":[0,0],"quality":"Less is better","isMain":false,"metricName":"# fully unaligned contigs"},{"values":[0,0],"quality":"Less is better","isMain":false,"metricName":"Fully unaligned length"},{"values":[97,97],"quality":"Less is better","isMain":false,"metricName":"# partially unaligned contigs"},{"values":[0,0],"quality":"Less is better","isMain":false,"metricName":"    # with misassembly"},{"values":[0,0],"quality":"Less is better","isMain":false,"metricName":"    # both parts are significant"},{"values":[7706,7706],"quality":"Less is better","isMain":false,"metricName":"Partially unaligned length"}]],["Mismatches",[{"values":[112,112],"quality":"Less is better","isMain":false,"metricName":"# mismatches"},{"values":[53,53],"quality":"Less is better","isMain":false,"metricName":"# indels"},{"values":[84,84],"quality":"Less is better","isMain":false,"metricName":"Indels length"},{"values":["36.35","36.35"],"quality":"Less is better","isMain":true,"metricName":"# mismatches per 100 kbp"},{"values":["17.20","17.20"],"quality":"Less is better","isMain":true,"metricName":"# indels per 100 kbp"},{"values":[51,51],"quality":"Less is better","isMain":false,"metricName":"    # short indels (<= 5 bp)"},{"values":[2,2],"quality":"Less is better","isMain":false,"metricName":"    # long indels (> 5 bp)"},{"values":[0,0],"quality":"Less is better","isMain":false,"metricName":"# N's"},{"values":["0.00","0.00"],"quality":"Less is better","isMain":true,"metricName":"# N's per 100 kbp"}]],["Genome statistics",[{"values":["7.639","7.639"],"quality":"More is better","isMain":true,"metricName":"Genome fraction (%)"},{"values":["1.011","1.011"],"quality":"Less is better","isMain":true,"metricName":"Duplication ratio"},{"values":["123 + 277 part","123 + 277 part"],"quality":"More is better","isMain":true,"metricName":"# genes"},{"values":[5582,5582],"quality":"More is better","isMain":false,"metricName":"Largest alignment"},{"values":[1624,1624],"quality":"More is better","isMain":false,"metricName":"NA50"},{"values":[1288,1288],"quality":"More is better","isMain":false,"metricName":"NA75"},{"values":[72,72],"quality":"Less is better","isMain":false,"metricName":"LA50"},{"values":[128,128],"quality":"Less is better","isMain":false,"metricName":"LA75"}]],["Predicted genes",[]],["Reference statistics",[{"values":[4033464,4033464],"quality":"Equal","isMain":false,"metricName":"Reference length"},{"values":["47.49","47.49"],"quality":"Equal","isMain":false,"metricName":"Reference GC (%)"},{"values":[3693,3693],"quality":"Equal","isMain":false,"metricName":"Reference genes"},{"values":[0,0],"quality":"Equal","isMain":false,"metricName":"Reference operons"}]]],"minContig":500,"assembliesNames":["dataset_2323.dat broken","dataset_2323.dat"]}