{"date": "03 May 2014, Saturday, 04:06:54", "report": [["Statistics without reference", [{"quality": "Less is better", "metricName": "# contigs", "values": [341, 341, 341], "isMain": true}, {"quality": "Less is better", "metricName": "# contigs (>= 0 bp)", "values": [822, 822, 822], "isMain": false}, {"quality": "Less is better", "metricName": "# contigs (>= 1000 bp)", "values": [302, 302, 302], "isMain": false}, {"quality": "More is better", "metricName": "Largest contig", "values": [257581, 257581, 257581], "isMain": true}, {"quality": "More is better", "metricName": "Total length", "values": [5810521, 5810521, 5810521], "isMain": true}, {"quality": "More is better", "metricName": "Total length (>= 0 bp)", "values": [5875896, 5875896, 5875896], "isMain": false}, {"quality": "More is better", "metricName": "Total length (>= 1000 bp)", "values": [5784758, 5784758, 5784758], "isMain": false}, {"quality": "More is better", "metricName": "N50", "values": [48439, 48439, 48439], "isMain": true}, {"quality": "More is better", "metricName": "N75", "values": [20272, 20272, 20272], "isMain": false}, {"quality": "Less is better", "metricName": "L50", "values": [32, 32, 32], "isMain": false}, {"quality": "Less is better", "metricName": "L75", "values": [81, 81, 81], "isMain": false}, {"quality": "Equal", "metricName": "GC (%)", "values": ["35.21", "35.21", "35.21"], "isMain": false}]], ["Misassemblies", [{"quality": "Less is better", "metricName": "# misassemblies", "values": ["", 5, ""], "isMain": true}, {"quality": "Less is better", "metricName": "    # relocations", "values": ["", 5, ""], "isMain": false}, {"quality": "Less is better", "metricName": "    # translocations", "values": ["", 0, ""], "isMain": false}, {"quality": "Less is better", "metricName": "    # inversions", "values": ["", 0, ""], "isMain": false}, {"quality": "Less is better", "metricName": "# misassembled contigs", "values": ["", 5, ""], "isMain": false}, {"quality": "Less is better", "metricName": "Misassembled contigs length", "values": ["", 4676, ""], "isMain": true}, {"quality": "Less is better", "metricName": "# local misassemblies", "values": ["", 1, ""], "isMain": false}]], ["Unaligned", [{"quality": "Less is better", "metricName": "# fully unaligned contigs", "values": [341, 288, 341], "isMain": false}, {"quality": "Less is better", "metricName": "Fully unaligned length", "values": [5810521, 3947164, 5810521], "isMain": false}, {"quality": "Less is better", "metricName": "# partially unaligned contigs", "values": ["", 41, ""], "isMain": false}, {"quality": "Less is better", "metricName": "    # with misassembly", "values": ["", 12, ""], "isMain": false}, {"quality": "Less is better", "metricName": "    # both parts are significant", "values": ["", 12, ""], "isMain": false}, {"quality": "Less is better", "metricName": "Partially unaligned length", "values": ["", 1813032, ""], "isMain": false}]], ["Mismatches", [{"quality": "Less is better", "metricName": "# mismatches", "values": ["", 673, ""], "isMain": false}, {"quality": "Less is better", "metricName": "# indels", "values": ["", 36, ""], "isMain": false}, {"quality": "Less is better", "metricName": "Indels length", "values": ["", 48, ""], "isMain": false}, {"quality": "Less is better", "metricName": "# mismatches per 100 kbp", "values": ["", "3224.88", ""], "isMain": true}, {"quality": "Less is better", "metricName": "# indels per 100 kbp", "values": ["", "172.50", ""], "isMain": true}, {"quality": "Less is better", "metricName": "    # short indels (<= 5 bp)", "values": ["", 35, ""], "isMain": false}, {"quality": "Less is better", "metricName": "    # long indels (> 5 bp)", "values": ["", 1, ""], "isMain": false}, {"quality": "Less is better", "metricName": "# N's", "values": [1950, 1950, 1950], "isMain": false}, {"quality": "Less is better", "metricName": "# N's per 100 kbp", "values": ["33.56", "33.56", "33.56"], "isMain": true}]], ["Genome statistics", [{"quality": "More is better", "metricName": "Genome fraction (%)", "values": ["", "0.822", ""], "isMain": true}, {"quality": "Less is better", "metricName": "Duplication ratio", "values": ["", "1.133", ""], "isMain": true}, {"quality": "More is better", "metricName": "Largest alignment", "values": ["", 9186, ""], "isMain": false}, {"quality": "More is better", "metricName": "NG50", "values": [59856, 51322, 51700], "isMain": false}, {"quality": "More is better", "metricName": "NG75", "values": [33009, 22540, 23238], "isMain": false}, {"quality": "Less is better", "metricName": "LG50", "values": [22, 28, 27], "isMain": false}, {"quality": "Less is better", "metricName": "LG75", "values": [48, 67, 65], "isMain": false}]], ["Predicted genes", []], ["Reference statistics", [{"quality": "Equal", "metricName": "Reference length", "values": [4744448, 5432652, 5373121], "isMain": false}, {"quality": "Equal", "metricName": "Reference GC (%)", "values": ["61.55", "35.50", "43.42"], "isMain": false}, {"quality": "Equal", "metricName": "Reference genes", "values": ["", 0, ""], "isMain": false}, {"quality": "Equal", "metricName": "Reference operons", "values": ["", 0, ""], "isMain": false}]]], "minContig": 500, "assembliesNames": ["A_hydrophila_ATCC_7966", "B_cereus_ATCC_1098", "B_fragilis_638R"]}