{"date":"04 May 2014, Sunday, 15:18:48","report":[["Statistics without reference",[{"values":[54,45],"quality":"Less is better","isMain":true,"metricName":"# contigs"},{"values":[174,158],"quality":"Less is better","isMain":false,"metricName":"# contigs (>= 0 bp)"},{"values":[52,43],"quality":"Less is better","isMain":false,"metricName":"# contigs (>= 1000 bp)"},{"values":[654090,654090],"quality":"More is better","isMain":true,"metricName":"Largest contig"},{"values":[4969260,4969781],"quality":"More is better","isMain":true,"metricName":"Total length"},{"values":[4985428,4984065],"quality":"More is better","isMain":false,"metricName":"Total length (>= 0 bp)"},{"values":[4967717,4968254],"quality":"More is better","isMain":false,"metricName":"Total length (>= 1000 bp)"},{"values":[237457,268392],"quality":"More is better","isMain":true,"metricName":"N50"},{"values":[121603,137136],"quality":"More is better","isMain":false,"metricName":"N75"},{"values":[7,6],"quality":"Less is better","isMain":false,"metricName":"L50"},{"values":[15,13],"quality":"Less is better","isMain":false,"metricName":"L75"},{"values":["61.53","61.53"],"quality":"Equal","isMain":false,"metricName":"GC (%)"}]],["Misassemblies",[{"values":[0,1],"quality":"Less is better","isMain":true,"metricName":"# misassemblies"},{"values":[0,1],"quality":"Less is better","isMain":false,"metricName":"    # relocations"},{"values":[0,0],"quality":"Less is better","isMain":false,"metricName":"    # translocations"},{"values":[0,0],"quality":"Less is better","isMain":false,"metricName":"    # inversions"},{"values":[0,1],"quality":"Less is better","isMain":false,"metricName":"# misassembled contigs"},{"values":[0,2772],"quality":"Less is better","isMain":true,"metricName":"Misassembled contigs length"},{"values":[0,0],"quality":"Less is better","isMain":false,"metricName":"# local misassemblies"}]],["Unaligned",[{"values":[12,9],"quality":"Less is better","isMain":false,"metricName":"# fully unaligned contigs"},{"values":[162641,118023],"quality":"Less is better","isMain":false,"metricName":"Fully unaligned length"},{"values":[34,28],"quality":"Less is better","isMain":false,"metricName":"# partially unaligned contigs"},{"values":[25,21],"quality":"Less is better","isMain":false,"metricName":"    # with misassembly"},{"values":[29,26],"quality":"Less is better","isMain":false,"metricName":"    # both parts are significant"},{"values":[4071442,4122327],"quality":"Less is better","isMain":false,"metricName":"Partially unaligned length"}]],["Mismatches",[{"values":[1049,1060],"quality":"Less is better","isMain":false,"metricName":"# mismatches"},{"values":[44,46],"quality":"Less is better","isMain":false,"metricName":"# indels"},{"values":[59,61],"quality":"Less is better","isMain":false,"metricName":"Indels length"},{"values":["2686.51","2698.92"],"quality":"Less is better","isMain":true,"metricName":"# mismatches per 100 kbp"},{"values":["112.68","117.12"],"quality":"Less is better","isMain":true,"metricName":"# indels per 100 kbp"},{"values":[43,45],"quality":"Less is better","isMain":false,"metricName":"    # short indels (<= 5 bp)"},{"values":[1,1],"quality":"Less is better","isMain":false,"metricName":"    # long indels (> 5 bp)"},{"values":[91,491],"quality":"Less is better","isMain":false,"metricName":"# N's"},{"values":["1.83","9.88"],"quality":"Less is better","isMain":true,"metricName":"# N's per 100 kbp"}]],["Genome statistics",[{"values":["15.010","14.876"],"quality":"More is better","isMain":true,"metricName":"Genome fraction (%)"},{"values":["1.032","1.033"],"quality":"Less is better","isMain":true,"metricName":"Duplication ratio"},{"values":["607 + 66 part","603 + 65 part"],"quality":"More is better","isMain":true,"metricName":"# genes"},{"values":[52419,52419],"quality":"More is better","isMain":false,"metricName":"Largest alignment"},{"values":[237457,268392],"quality":"More is better","isMain":false,"metricName":"NG50"},{"values":[122207,137898],"quality":"More is better","isMain":false,"metricName":"NG75"},{"values":[7,6],"quality":"Less is better","isMain":false,"metricName":"LG50"},{"values":[14,12],"quality":"Less is better","isMain":false,"metricName":"LG75"}]],["Predicted genes",[]],["Reference statistics",[{"values":[4744448,4744448],"quality":"Equal","isMain":false,"metricName":"Reference length"},{"values":["61.55","61.55"],"quality":"Equal","isMain":false,"metricName":"Reference GC (%)"},{"values":[4284,4284],"quality":"Equal","isMain":false,"metricName":"Reference genes"},{"values":[0,0],"quality":"Equal","isMain":false,"metricName":"Reference operons"}]]],"minContig":500,"assembliesNames":["contig","scaffold"]}