{"date":"05 May 2014, Monday, 01:55:58","report":[["Statistics without reference",[{"values":[154,89,1158,138,230,163,156,156],"quality":"Less is better","isMain":true,"metricName":"# contigs"},{"values":[2372,189,2969,155,85148,2056,453,258],"quality":"Less is better","isMain":false,"metricName":"# contigs (>= 0 bp)"},{"values":[134,89,472,99,199,146,117,134],"quality":"Less is better","isMain":false,"metricName":"# contigs (>= 1000 bp)"},{"values":[196813,312406,352831,322669,132038,196882,312376,307295],"quality":"More is better","isMain":true,"metricName":"Largest contig"},{"values":[4913650,4836665,6022342,4928115,4798962,4900579,4971240,4889453],"quality":"More is better","isMain":true,"metricName":"Total length"},{"values":[5086459,4848222,6588629,4935414,13567484,5187613,5014024,4913541],"quality":"More is better","isMain":false,"metricName":"Total length (>= 0 bp)"},{"values":[4899971,4836665,5551355,4901466,4776687,4888668,4942328,4874782],"quality":"More is better","isMain":false,"metricName":"Total length (>= 1000 bp)"},{"values":[89864,107676,91268,117883,49072,79834,117467,83025],"quality":"More is better","isMain":true,"metricName":"N50"},{"values":[47805,55276,21435,61875,23614,41329,63036,42656],"quality":"More is better","isMain":false,"metricName":"N75"},{"values":[21,16,21,15,35,21,16,20],"quality":"Less is better","isMain":false,"metricName":"L50"},{"values":[40,32,53,30,70,44,30,40],"quality":"Less is better","isMain":false,"metricName":"L75"},{"values":["65.09","65.19","64.17","65.08","65.20","65.12","65.04","65.12"],"quality":"Equal","isMain":false,"metricName":"GC (%)"}]],["Misassemblies",[{"values":[2,1,0,0,6,0,0,0],"quality":"Less is better","isMain":true,"metricName":"# misassemblies"},{"values":[2,1,0,0,6,0,0,0],"quality":"Less is better","isMain":false,"metricName":"    # relocations"},{"values":[0,0,0,0,0,0,0,0],"quality":"Less is better","isMain":false,"metricName":"    # translocations"},{"values":[0,0,0,0,0,0,0,0],"quality":"Less is better","isMain":false,"metricName":"    # inversions"},{"values":[1,1,0,0,5,0,0,0],"quality":"Less is better","isMain":false,"metricName":"# misassembled contigs"},{"values":[60758,18508,0,0,256146,0,0,0],"quality":"Less is better","isMain":true,"metricName":"Misassembled contigs length"},{"values":[14,6,7,7,22,6,8,12],"quality":"Less is better","isMain":false,"metricName":"# local misassemblies"}]],["Unaligned",[{"values":[88,38,1092,91,119,87,109,90],"quality":"Less is better","isMain":false,"metricName":"# fully unaligned contigs"},{"values":[811285,622667,1736491,712073,1393651,932542,740305,908932],"quality":"Less is better","isMain":false,"metricName":"Fully unaligned length"},{"values":[57,46,50,42,82,62,41,55],"quality":"Less is better","isMain":false,"metricName":"# partially unaligned contigs"},{"values":[31,32,31,30,25,35,30,35],"quality":"Less is better","isMain":false,"metricName":"    # with misassembly"},{"values":[51,44,44,41,63,56,39,52],"quality":"Less is better","isMain":false,"metricName":"    # both parts are significant"},{"values":[2950892,3160024,3202669,3139397,2178453,2899883,3147412,2893059],"quality":"Less is better","isMain":false,"metricName":"Partially unaligned length"}]],["Mismatches",[{"values":[15970,9845,10503,10183,30389,13115,9276,12158],"quality":"Less is better","isMain":false,"metricName":"# mismatches"},{"values":[707,415,388,474,1105,468,323,551],"quality":"Less is better","isMain":false,"metricName":"# indels"},{"values":[1032,649,607,609,1575,709,498,762],"quality":"Less is better","isMain":false,"metricName":"Indels length"},{"values":["4032.85","4068.20","4055.15","4176.56","4097.65","4010.62","4049.19","3994.56"],"quality":"Less is better","isMain":true,"metricName":"# mismatches per 100 kbp"},{"values":["178.54","171.49","149.80","194.41","149.00","143.12","141.00","181.03"],"quality":"Less is better","isMain":true,"metricName":"# indels per 100 kbp"},{"values":[692,407,379,468,1079,455,315,542],"quality":"Less is better","isMain":false,"metricName":"    # short indels (<= 5 bp)"},{"values":[15,8,9,6,26,13,8,9],"quality":"Less is better","isMain":false,"metricName":"    # long indels (> 5 bp)"},{"values":[50,0,859,0,0,0,236,0],"quality":"Less is better","isMain":false,"metricName":"# N's"},{"values":["1.02","0.00","14.26","0.00","0.00","0.00","4.75","0.00"],"quality":"Less is better","isMain":true,"metricName":"# N's per 100 kbp"}]],["Genome statistics",[{"values":["20.453","19.597","19.860","20.064","21.403","20.286","20.181","19.899"],"quality":"More is better","isMain":true,"metricName":"Genome fraction (%)"},{"values":["1.133","1.083","1.098","1.080","1.154","1.060","1.081","1.100"],"quality":"Less is better","isMain":true,"metricName":"Duplication ratio"},{"values":["811 + 78 part","774 + 78 part","780 + 79 part","795 + 70 part","836 + 99 part","803 + 87 part","801 + 77 part","784 + 81 part"],"quality":"More is better","isMain":true,"metricName":"# genes"},{"values":[46289,46286,46289,46289,48600,40364,46289,46289],"quality":"More is better","isMain":false,"metricName":"Largest alignment"},{"values":[89864,105803,105619,117883,47829,74197,117467,83025],"quality":"More is better","isMain":false,"metricName":"NG50"},{"values":[45155,52143,58443,61875,21743,41138,63036,41763],"quality":"More is better","isMain":false,"metricName":"NG75"},{"values":[21,17,16,15,37,22,16,20],"quality":"Less is better","isMain":false,"metricName":"LG50"},{"values":[41,34,31,30,76,45,30,42],"quality":"Less is better","isMain":false,"metricName":"LG75"}]],["Predicted genes",[]],["Reference statistics",[{"values":[4967469,4967469,4967469,4967469,4967469,4967469,4967469,4967469],"quality":"Equal","isMain":false,"metricName":"Reference length"},{"values":["64.92","64.92","64.92","64.92","64.92","64.92","64.92","64.92"],"quality":"Equal","isMain":false,"metricName":"Reference GC (%)"},{"values":[4262,4262,4262,4262,4262,4262,4262,4262],"quality":"Equal","isMain":false,"metricName":"Reference genes"},{"values":[0,0,0,0,0,0,0,0],"quality":"Equal","isMain":false,"metricName":"Reference operons"}]]],"minContig":500,"assembliesNames":["XA-H-Abyss-Contig","XA-H-Cabog-Contig","XA-H-Mira-Contig","XA-H-Msrca-Contig","XA-H-Sga-Contig","XA-H-Soap-Contig","XA-H-Spades-Contig","XA-H-Velvet-Contig"]}