{"date":"20 April 2014, Sunday, 23:43:49","report":[["Statistics without reference",[{"values":[87],"quality":"Less is better","isMain":true,"metricName":"# contigs"},{"values":[617],"quality":"Less is better","isMain":false,"metricName":"# contigs (>= 0 bp)"},{"values":[82],"quality":"Less is better","isMain":false,"metricName":"# contigs (>= 1000 bp)"},{"values":[430487],"quality":"More is better","isMain":true,"metricName":"Largest contig"},{"values":[5380960],"quality":"More is better","isMain":true,"metricName":"Total length"},{"values":[5431491],"quality":"More is better","isMain":false,"metricName":"Total length (>= 0 bp)"},{"values":[5376981],"quality":"More is better","isMain":false,"metricName":"Total length (>= 1000 bp)"},{"values":[130570],"quality":"More is better","isMain":true,"metricName":"N50"},{"values":[69698],"quality":"More is better","isMain":false,"metricName":"N75"},{"values":[12],"quality":"Less is better","isMain":false,"metricName":"L50"},{"values":[26],"quality":"Less is better","isMain":false,"metricName":"L75"},{"values":["35.30"],"quality":"Equal","isMain":false,"metricName":"GC (%)"}]],["Misassemblies",[]],["Unaligned",[]],["Mismatches",[{"values":[5511],"quality":"Less is better","isMain":false,"metricName":"# N's"},{"values":["102.42"],"quality":"Less is better","isMain":true,"metricName":"# N's per 100 kbp"}]],["Genome statistics",[]],["Predicted genes",[]],["Reference statistics",[]]],"minContig":500,"assembliesNames":["dataset_497.dat"]}