{"date": "02 May 2014, Friday, 01:47:11", "report": [["Statistics without reference", [{"quality": "Less is better", "metricName": "# contigs", "values": [87, 87], "isMain": true}, {"quality": "Less is better", "metricName": "# contigs (>= 0 bp)", "values": [617, 617], "isMain": false}, {"quality": "Less is better", "metricName": "# contigs (>= 1000 bp)", "values": [82, 82], "isMain": false}, {"quality": "More is better", "metricName": "Largest contig", "values": [430487, 430487], "isMain": true}, {"quality": "More is better", "metricName": "Total length", "values": [5380960, 5380960], "isMain": true}, {"quality": "More is better", "metricName": "Total length (>= 0 bp)", "values": [5431491, 5431491], "isMain": false}, {"quality": "More is better", "metricName": "Total length (>= 1000 bp)", "values": [5376981, 5376981], "isMain": false}, {"quality": "More is better", "metricName": "N50", "values": [130570, 130570], "isMain": true}, {"quality": "More is better", "metricName": "N75", "values": [69698, 69698], "isMain": false}, {"quality": "Less is better", "metricName": "L50", "values": [12, 12], "isMain": false}, {"quality": "Less is better", "metricName": "L75", "values": [26, 26], "isMain": false}, {"quality": "Equal", "metricName": "GC (%)", "values": ["35.30", "35.30"], "isMain": false}]], ["Misassemblies", [{"quality": "Less is better", "metricName": "# misassemblies", "values": [1, 0], "isMain": true}, {"quality": "Less is better", "metricName": "    # relocations", "values": [1, 0], "isMain": false}, {"quality": "Less is better", "metricName": "    # translocations", "values": [0, 0], "isMain": false}, {"quality": "Less is better", "metricName": "    # inversions", "values": [0, 0], "isMain": false}, {"quality": "Less is better", "metricName": "# misassembled contigs", "values": [1, 0], "isMain": false}, {"quality": "Less is better", "metricName": "Misassembled contigs length", "values": [29730, 0], "isMain": true}, {"quality": "Less is better", "metricName": "# local misassemblies", "values": [23, 2], "isMain": false}]], ["Unaligned", [{"quality": "Less is better", "metricName": "# fully unaligned contigs", "values": [1, 70], "isMain": false}, {"quality": "Less is better", "metricName": "Fully unaligned length", "values": [69698, 4636430], "isMain": false}, {"quality": "Less is better", "metricName": "# partially unaligned contigs", "values": [9, 8], "isMain": false}, {"quality": "Less is better", "metricName": "    # with misassembly", "values": [1, 1], "isMain": false}, {"quality": "Less is better", "metricName": "    # both parts are significant", "values": [9, 8], "isMain": false}, {"quality": "Less is better", "metricName": "Partially unaligned length", "values": [126428, 511520], "isMain": false}]], ["Mismatches", [{"quality": "Less is better", "metricName": "# mismatches", "values": [339, 15], "isMain": false}, {"quality": "Less is better", "metricName": "# indels", "values": [417, 11], "isMain": false}, {"quality": "Less is better", "metricName": "Indels length", "values": [2711, 89], "isMain": false}, {"quality": "Less is better", "metricName": "# mismatches per 100 kbp", "values": ["6.59", "7.24"], "isMain": true}, {"quality": "Less is better", "metricName": "# indels per 100 kbp", "values": ["8.11", "5.31"], "isMain": true}, {"quality": "Less is better", "metricName": "    # short indels (<= 5 bp)", "values": [330, 7], "isMain": false}, {"quality": "Less is better", "metricName": "    # long indels (> 5 bp)", "values": [87, 4], "isMain": false}, {"quality": "Less is better", "metricName": "# N's", "values": [5511, 5511], "isMain": false}, {"quality": "Less is better", "metricName": "# N's per 100 kbp", "values": ["102.42", "102.42"], "isMain": true}]], ["Genome statistics", [{"quality": "More is better", "metricName": "Genome fraction (%)", "values": ["98.498", "99.427"], "isMain": true}, {"quality": "Less is better", "metricName": "Duplication ratio", "values": ["1.012", "1.125"], "isMain": true}, {"quality": "More is better", "metricName": "Largest alignment", "values": [430487, 69698], "isMain": false}, {"quality": "More is better", "metricName": "NG50", "values": [130570, 430487], "isMain": false}, {"quality": "More is better", "metricName": "NG75", "values": [70047, 430487], "isMain": false}, {"quality": "More is better", "metricName": "NA50", "values": [130570, ""], "isMain": false}, {"quality": "More is better", "metricName": "NA75", "values": [65667, ""], "isMain": false}, {"quality": "More is better", "metricName": "NGA50", "values": [130570, 39488], "isMain": true}, {"quality": "More is better", "metricName": "NGA75", "values": [70047, 23521], "isMain": false}, {"quality": "Less is better", "metricName": "LG50", "values": [12, 1], "isMain": false}, {"quality": "Less is better", "metricName": "LG75", "values": [25, 1], "isMain": false}, {"quality": "Less is better", "metricName": "LA50", "values": [12, ""], "isMain": false}, {"quality": "Less is better", "metricName": "LA75", "values": [26, ""], "isMain": false}, {"quality": "Less is better", "metricName": "LGA50", "values": [12, 2], "isMain": false}, {"quality": "Less is better", "metricName": "LGA75", "values": [25, 4], "isMain": false}]], ["Predicted genes", []], ["Reference statistics", [{"quality": "Equal", "metricName": "Reference length", "values": [5224283, 208369], "isMain": false}, {"quality": "Equal", "metricName": "Reference GC (%)", "values": ["35.58", "33.44"], "isMain": false}, {"quality": "Equal", "metricName": "Reference genes", "values": [0, 0], "isMain": false}, {"quality": "Equal", "metricName": "Reference operons", "values": [0, 0], "isMain": false}]]], "minContig": 500, "assembliesNames": ["gi_42779081_ref_NC_003909_8", "gi_44004339_ref_NC_005707_1"]}