{"date":"04 May 2014, Sunday, 23:11:42","report":[["Statistics without reference",[{"values":[48,45],"quality":"Less is better","isMain":true,"metricName":"# contigs"},{"values":[167,158],"quality":"Less is better","isMain":false,"metricName":"# contigs (>= 0 bp)"},{"values":[47,43],"quality":"Less is better","isMain":false,"metricName":"# contigs (>= 1000 bp)"},{"values":[654090,654090],"quality":"More is better","isMain":true,"metricName":"Largest contig"},{"values":[4967765,4969781],"quality":"More is better","isMain":true,"metricName":"Total length"},{"values":[4983575,4984065],"quality":"More is better","isMain":false,"metricName":"Total length (>= 0 bp)"},{"values":[4966849,4968254],"quality":"More is better","isMain":false,"metricName":"Total length (>= 1000 bp)"},{"values":[237457,268392],"quality":"More is better","isMain":true,"metricName":"N50"},{"values":[122207,137136],"quality":"More is better","isMain":false,"metricName":"N75"},{"values":[7,6],"quality":"Less is better","isMain":false,"metricName":"L50"},{"values":[15,13],"quality":"Less is better","isMain":false,"metricName":"L75"},{"values":["61.54","61.53"],"quality":"Equal","isMain":false,"metricName":"GC (%)"}]],["Misassemblies",[{"values":[0,1],"quality":"Less is better","isMain":true,"metricName":"# misassemblies"},{"values":[0,1],"quality":"Less is better","isMain":false,"metricName":"    # relocations"},{"values":[0,0],"quality":"Less is better","isMain":false,"metricName":"    # translocations"},{"values":[0,0],"quality":"Less is better","isMain":false,"metricName":"    # inversions"},{"values":[0,1],"quality":"Less is better","isMain":false,"metricName":"# misassembled contigs"},{"values":[0,2772],"quality":"Less is better","isMain":true,"metricName":"Misassembled contigs length"},{"values":[0,0],"quality":"Less is better","isMain":false,"metricName":"# local misassemblies"}]],["Unaligned",[{"values":[9,9],"quality":"Less is better","isMain":false,"metricName":"# fully unaligned contigs"},{"values":[149288,118023],"quality":"Less is better","isMain":false,"metricName":"Fully unaligned length"},{"values":[31,28],"quality":"Less is better","isMain":false,"metricName":"# partially unaligned contigs"},{"values":[23,21],"quality":"Less is better","isMain":false,"metricName":"    # with misassembly"},{"values":[28,26],"quality":"Less is better","isMain":false,"metricName":"    # both parts are significant"},{"values":[4085564,4124456],"quality":"Less is better","isMain":false,"metricName":"Partially unaligned length"}]],["Mismatches",[{"values":[1253,1060],"quality":"Less is better","isMain":false,"metricName":"# mismatches"},{"values":[50,46],"quality":"Less is better","isMain":false,"metricName":"# indels"},{"values":[63,61],"quality":"Less is better","isMain":false,"metricName":"Indels length"},{"values":["2894.83","2698.92"],"quality":"Less is better","isMain":true,"metricName":"# mismatches per 100 kbp"},{"values":["115.52","117.12"],"quality":"Less is better","isMain":true,"metricName":"# indels per 100 kbp"},{"values":[49,45],"quality":"Less is better","isMain":false,"metricName":"    # short indels (<= 5 bp)"},{"values":[1,1],"quality":"Less is better","isMain":false,"metricName":"    # long indels (> 5 bp)"},{"values":[1,491],"quality":"Less is better","isMain":false,"metricName":"# N's"},{"values":["0.02","9.88"],"quality":"Less is better","isMain":true,"metricName":"# N's per 100 kbp"}]],["Genome statistics",[{"values":["14.969","14.839"],"quality":"More is better","isMain":true,"metricName":"Genome fraction (%)"},{"values":["1.032","1.033"],"quality":"Less is better","isMain":true,"metricName":"Duplication ratio"},{"values":[52419,52419],"quality":"More is better","isMain":false,"metricName":"Largest alignment"},{"values":[244971,268392],"quality":"More is better","isMain":false,"metricName":"NG50"},{"values":[128961,137898],"quality":"More is better","isMain":false,"metricName":"NG75"},{"values":[6,6],"quality":"Less is better","isMain":false,"metricName":"LG50"},{"values":[14,12],"quality":"Less is better","isMain":false,"metricName":"LG75"}]],["Predicted genes",[]],["Reference statistics",[{"values":[4742394,4742394],"quality":"Equal","isMain":false,"metricName":"Reference length"},{"values":["61.55","61.55"],"quality":"Equal","isMain":false,"metricName":"Reference GC (%)"},{"values":[0,0],"quality":"Equal","isMain":false,"metricName":"Reference genes"},{"values":[0,0],"quality":"Equal","isMain":false,"metricName":"Reference operons"}]]],"minContig":500,"assembliesNames":["cabog broken","cabog"]}