{"date": "17 June 2014, Tuesday, 03:08:42", "report": [["Statistics without reference", [{"quality": "Less is better", "metricName": "# contigs", "values": [85, 104, 104, 138, 133, 133], "isMain": true}, {"quality": "Less is better", "metricName": "# contigs (>= 500 bp)", "values": [85, 104, 104, 138, 133, 133], "isMain": false}, {"quality": "Less is better", "metricName": "# contigs (>= 1000 bp)", "values": [65, 79, 79, 113, 108, 108], "isMain": false}, {"quality": "More is better", "metricName": "Largest contig", "values": [524347, 411927, 411927, 246346, 246346, 246346], "isMain": true}, {"quality": "More is better", "metricName": "Total length", "values": [3940257, 3903678, 3903678, 3945576, 3892321, 3892321], "isMain": true}, {"quality": "More is better", "metricName": "Total length (>= 500 bp)", "values": [3940257, 3903678, 3903678, 3945576, 3892321, 3892321], "isMain": false}, {"quality": "More is better", "metricName": "Total length (>= 1000 bp)", "values": [3927326, 3886781, 3886781, 3928680, 3875057, 3875057], "isMain": false}, {"quality": "More is better", "metricName": "N50", "values": [172545, 163386, 163386, 109996, 105176, 105176], "isMain": true}, {"quality": "More is better", "metricName": "N75", "values": [92099, 75755, 75755, 47047, 43442, 43442], "isMain": false}, {"quality": "Less is better", "metricName": "L50", "values": [7, 8, 8, 11, 12, 12], "isMain": false}, {"quality": "Less is better", "metricName": "L75", "values": [14, 18, 18, 25, 26, 26], "isMain": false}, {"quality": "Equal", "metricName": "GC (%)", "values": ["47.50", "47.63", "47.63", "47.51", "47.69", "47.69"], "isMain": false}]], ["Misassemblies", [{"quality": "Less is better", "metricName": "# misassemblies", "values": [10, 10, 10, 22, 6, 6], "isMain": true}, {"quality": "Less is better", "metricName": "    # relocations", "values": [8, 9, 9, 20, 6, 6], "isMain": false}, {"quality": "Less is better", "metricName": "    # translocations", "values": [2, 1, 1, 2, 0, 0], "isMain": false}, {"quality": "Less is better", "metricName": "    # inversions", "values": [0, 0, 0, 0, 0, 0], "isMain": false}, {"quality": "Less is better", "metricName": "# misassembled contigs", "values": [8, 9, 9, 17, 6, 6], "isMain": false}, {"quality": "Less is better", "metricName": "Misassembled contigs length", "values": [395034, 273985, 273985, 1210318, 45660, 45660], "isMain": true}, {"quality": "Less is better", "metricName": "# local misassemblies", "values": [129, 123, 123, 13, 6, 6], "isMain": false}]], ["Unaligned", [{"quality": "Less is better", "metricName": "# fully unaligned contigs", "values": [1, 1, 1, 1, 1, 1], "isMain": false}, {"quality": "Less is better", "metricName": "Fully unaligned length", "values": [549, 549, 549, 5482, 5482, 5482], "isMain": false}, {"quality": "Less is better", "metricName": "# partially unaligned contigs", "values": [0, 0, 0, 3, 2, 2], "isMain": false}, {"quality": "Less is better", "metricName": "    # with misassembly", "values": [0, 0, 0, 1, 1, 1], "isMain": false}, {"quality": "Less is better", "metricName": "    # both parts are significant", "values": [0, 0, 0, 0, 0, 0], "isMain": false}, {"quality": "Less is better", "metricName": "Partially unaligned length", "values": [0, 0, 0, 842, 815, 815], "isMain": false}]], ["Mismatches", [{"quality": "Less is better", "metricName": "# mismatches", "values": [203, 225, 225, 156, 168, 168], "isMain": false}, {"quality": "Less is better", "metricName": "# indels", "values": [370, 205, 205, 192, 103, 103], "isMain": false}, {"quality": "Less is better", "metricName": "Indels length", "values": [708, 374, 374, 352, 145, 145], "isMain": false}, {"quality": "Less is better", "metricName": "# mismatches per 100 kbp", "values": ["5.18", "5.80", "5.80", "3.96", "4.33", "4.33"], "isMain": true}, {"quality": "Less is better", "metricName": "# indels per 100 kbp", "values": ["9.44", "5.28", "5.28", "4.88", "2.65", "2.65"], "isMain": true}, {"quality": "Less is better", "metricName": "    # short indels (<= 5 bp)", "values": [346, 196, 196, 183, 98, 98], "isMain": false}, {"quality": "Less is better", "metricName": "    # long indels (> 5 bp)", "values": [24, 9, 9, 9, 5, 5], "isMain": false}, {"quality": "Less is better", "metricName": "# N's", "values": [21557, 20135, 20135, 220, 50, 50], "isMain": false}, {"quality": "Less is better", "metricName": "# N's per 100 kbp", "values": ["547.10", "515.80", "515.80", "5.58", "1.28", "1.28"], "isMain": true}]], ["Genome statistics", [{"quality": "More is better", "metricName": "Genome fraction (%)", "values": ["97.140", "96.251", "96.251", "97.598", "96.242", "96.242"], "isMain": true}, {"quality": "Less is better", "metricName": "Duplication ratio", "values": ["1.016", "1.016", "1.016", "1.007", "1.007", "1.007"], "isMain": true}, {"quality": "More is better", "metricName": "# genes", "values": ["3400 + 128 part", "3379 + 130 part", "3379 + 130 part", "3492 + 78 part", "3459 + 71 part", "3459 + 71 part"], "isMain": true}, {"quality": "More is better", "metricName": "Largest alignment", "values": [521619, 409820, 409820, 246346, 246346, 246346], "isMain": false}, {"quality": "More is better", "metricName": "NG50", "values": [172545, 157209, 157209, 109996, 105176, 105176], "isMain": false}, {"quality": "More is better", "metricName": "NG75", "values": [82167, 71623, 71623, 46531, 39408, 39408], "isMain": false}, {"quality": "More is better", "metricName": "NA50", "values": [171505, 163055, 163055, 75901, 105176, 105176], "isMain": false}, {"quality": "More is better", "metricName": "NA75", "values": [91938, 71376, 71376, 43122, 43442, 43442], "isMain": false}, {"quality": "More is better", "metricName": "NGA50", "values": [171505, 156829, 156829, 67096, 105176, 105176], "isMain": true}, {"quality": "More is better", "metricName": "NGA75", "values": [80883, 59664, 59664, 40333, 39408, 39408], "isMain": false}, {"quality": "Less is better", "metricName": "LG50", "values": [7, 9, 9, 11, 12, 12], "isMain": false}, {"quality": "Less is better", "metricName": "LG75", "values": [15, 19, 19, 26, 28, 28], "isMain": false}, {"quality": "Less is better", "metricName": "LA50", "values": [7, 8, 8, 13, 12, 12], "isMain": false}, {"quality": "Less is better", "metricName": "LA75", "values": [14, 18, 18, 32, 26, 26], "isMain": false}, {"quality": "Less is better", "metricName": "LGA50", "values": [7, 9, 9, 14, 12, 12], "isMain": false}, {"quality": "Less is better", "metricName": "LGA75", "values": [15, 20, 20, 33, 28, 28], "isMain": false}]], ["Predicted genes", []], ["Reference statistics", [{"quality": "Equal", "metricName": "Reference length", "values": [4033464, 4033464, 4033464, 4033464, 4033464, 4033464], "isMain": false}, {"quality": "Equal", "metricName": "Reference GC (%)", "values": ["47.49", "47.49", "47.49", "47.49", "47.49", "47.49"], "isMain": false}, {"quality": "Equal", "metricName": "Reference genes", "values": [3693, 3693, 3693, 3693, 3693, 3693], "isMain": false}, {"quality": "Equal", "metricName": "Reference operons", "values": [0, 0, 0, 0, 0, 0], "isMain": false}]]], "minContig": 500, "assembliesNames": ["1_GAGE-B-Hiseq", "1_Velvet_1.2.08-Hiseq", "1_Velvet_1.2.10-Hiseq", "2_GAGE-B-Miseq", "2_Velvet_1.2.08-Miseq", "2_Velvet_1.2.10-Miseq"]}