{"date":"16 June 2014, Monday, 01:51:21","report":[["Statistics without reference",[{"values":[156,138,135,133,135,133],"quality":"Less is better","isMain":true,"metricName":"# contigs"},{"values":[156,138,135,133,135,133],"quality":"Less is better","isMain":false,"metricName":"# contigs (>= 500 bp)"},{"values":[124,113,109,108,109,108],"quality":"Less is better","isMain":false,"metricName":"# contigs (>= 1000 bp)"},{"values":[246346,246346,246346,246346,246346,246346],"quality":"More is better","isMain":true,"metricName":"Largest contig"},{"values":[3944260,3945576,3891016,3892321,3891016,3892321],"quality":"More is better","isMain":true,"metricName":"Total length"},{"values":[3944260,3945576,3891016,3892321,3891016,3892321],"quality":"More is better","isMain":false,"metricName":"Total length (>= 500 bp)"},{"values":[3921645,3928680,3872867,3875057,3872867,3875057],"quality":"More is better","isMain":false,"metricName":"Total length (>= 1000 bp)"},{"values":[92036,109996,105176,105176,105176,105176],"quality":"More is better","isMain":true,"metricName":"N50"},{"values":[43442,47047,43442,43442,43442,43442],"quality":"More is better","isMain":false,"metricName":"N75"},{"values":[15,11,12,12,12,12],"quality":"Less is better","isMain":false,"metricName":"L50"},{"values":[31,25,26,26,26,26],"quality":"Less is better","isMain":false,"metricName":"L75"},{"values":["47.52","47.51","47.69","47.69","47.69","47.69"],"quality":"Equal","isMain":false,"metricName":"GC (%)"}]],["Misassemblies",[{"values":[14,22,5,6,5,6],"quality":"Less is better","isMain":true,"metricName":"# misassemblies"},{"values":[12,20,5,6,5,6],"quality":"Less is better","isMain":false,"metricName":"    # relocations"},{"values":[2,2,0,0,0,0],"quality":"Less is better","isMain":false,"metricName":"    # translocations"},{"values":[0,0,0,0,0,0],"quality":"Less is better","isMain":false,"metricName":"    # inversions"},{"values":[14,17,5,6,5,6],"quality":"Less is better","isMain":false,"metricName":"# misassembled contigs"},{"values":[749414,1210318,28731,45660,28731,45660],"quality":"Less is better","isMain":true,"metricName":"Misassembled contigs length"},{"values":[2,13,3,6,3,6],"quality":"Less is better","isMain":false,"metricName":"# local misassemblies"}]],["Unaligned",[{"values":[1,1,1,1,1,1],"quality":"Less is better","isMain":false,"metricName":"# fully unaligned contigs"},{"values":[5482,5482,5482,5482,5482,5482],"quality":"Less is better","isMain":false,"metricName":"Fully unaligned length"},{"values":[5,3,2,2,2,2],"quality":"Less is better","isMain":false,"metricName":"# partially unaligned contigs"},{"values":[1,1,1,1,1,1],"quality":"Less is better","isMain":false,"metricName":"    # with misassembly"},{"values":[0,0,0,0,0,0],"quality":"Less is better","isMain":false,"metricName":"    # both parts are significant"},{"values":[1221,842,815,815,815,815],"quality":"Less is better","isMain":false,"metricName":"Partially unaligned length"}]],["Mismatches",[{"values":[161,156,155,168,155,168],"quality":"Less is better","isMain":false,"metricName":"# mismatches"},{"values":[110,192,102,103,102,103],"quality":"Less is better","isMain":false,"metricName":"# indels"},{"values":[168,352,137,145,137,145],"quality":"Less is better","isMain":false,"metricName":"Indels length"},{"values":["4.09","3.96","3.99","4.33","3.99","4.33"],"quality":"Less is better","isMain":true,"metricName":"# mismatches per 100 kbp"},{"values":["2.80","4.88","2.63","2.65","2.63","2.65"],"quality":"Less is better","isMain":true,"metricName":"# indels per 100 kbp"},{"values":[104,183,98,98,98,98],"quality":"Less is better","isMain":false,"metricName":"    # short indels (<= 5 bp)"},{"values":[6,9,4,5,4,5],"quality":"Less is better","isMain":false,"metricName":"    # long indels (> 5 bp)"},{"values":[0,220,0,50,0,50],"quality":"Less is better","isMain":false,"metricName":"# N's"},{"values":["0.00","5.58","0.00","1.28","0.00","1.28"],"quality":"Less is better","isMain":true,"metricName":"# N's per 100 kbp"}]],["Genome statistics",[{"values":["97.563","97.598","96.223","96.242","96.223","96.242"],"quality":"More is better","isMain":true,"metricName":"Genome fraction (%)"},{"values":["1.007","1.007","1.007","1.007","1.007","1.007"],"quality":"Less is better","isMain":true,"metricName":"Duplication ratio"},{"values":["3491 + 79 part","3492 + 78 part","3458 + 72 part","3459 + 71 part","3458 + 72 part","3459 + 71 part"],"quality":"More is better","isMain":true,"metricName":"# genes"},{"values":[246346,246346,246346,246346,246346,246346],"quality":"More is better","isMain":false,"metricName":"Largest alignment"},{"values":[92036,109996,105176,105176,105176,105176],"quality":"More is better","isMain":false,"metricName":"NG50"},{"values":[39974,46531,39408,39408,39408,39408],"quality":"More is better","isMain":false,"metricName":"NG75"},{"values":[67096,75901,105176,105176,105176,105176],"quality":"More is better","isMain":false,"metricName":"NA50"},{"values":[40333,43122,43442,43442,43442,43442],"quality":"More is better","isMain":false,"metricName":"NA75"},{"values":[63574,67096,105176,105176,105176,105176],"quality":"More is better","isMain":true,"metricName":"NGA50"},{"values":[39408,40333,39408,39408,39408,39408],"quality":"More is better","isMain":false,"metricName":"NGA75"},{"values":[15,11,12,12,12,12],"quality":"Less is better","isMain":false,"metricName":"LG50"},{"values":[33,26,28,28,28,28],"quality":"Less is better","isMain":false,"metricName":"LG75"},{"values":[16,13,12,12,12,12],"quality":"Less is better","isMain":false,"metricName":"LA50"},{"values":[35,32,26,26,26,26],"quality":"Less is better","isMain":false,"metricName":"LA75"},{"values":[17,14,12,12,12,12],"quality":"Less is better","isMain":false,"metricName":"LGA50"},{"values":[37,33,28,28,28,28],"quality":"Less is better","isMain":false,"metricName":"LGA75"}]],["Predicted genes",[]],["Reference statistics",[{"values":[4033464,4033464,4033464,4033464,4033464,4033464],"quality":"Equal","isMain":false,"metricName":"Reference length"},{"values":["47.49","47.49","47.49","47.49","47.49","47.49"],"quality":"Equal","isMain":false,"metricName":"Reference GC (%)"},{"values":[3693,3693,3693,3693,3693,3693],"quality":"Equal","isMain":false,"metricName":"Reference genes"},{"values":[0,0,0,0,0,0],"quality":"Equal","isMain":false,"metricName":"Reference operons"}]]],"minContig":500,"assembliesNames":["GAGE-B broken","GAGE-B","Velvet_1_2_08 broken","Velvet_1_2_08","Velvet_1_2_10 broken","Velvet_1_2_10"]}