{"date": "05 May 2014, Monday, 00:41:52", "report": [["Statistics without reference", [{"quality": "Less is better", "metricName": "# contigs", "values": [87, 374], "isMain": true}, {"quality": "Less is better", "metricName": "# contigs (>= 0 bp)", "values": [617, 894], "isMain": false}, {"quality": "Less is better", "metricName": "# contigs (>= 1000 bp)", "values": [82, 325], "isMain": false}, {"quality": "More is better", "metricName": "Largest contig", "values": [430487, 257581], "isMain": true}, {"quality": "More is better", "metricName": "Total length", "values": [5380960, 5805336], "isMain": true}, {"quality": "More is better", "metricName": "Total length (>= 0 bp)", "values": [5431491, 5879341], "isMain": false}, {"quality": "More is better", "metricName": "Total length (>= 1000 bp)", "values": [5376981, 5771919], "isMain": false}, {"quality": "More is better", "metricName": "N50", "values": [130570, 42572], "isMain": true}, {"quality": "More is better", "metricName": "N75", "values": [69698, 19054], "isMain": false}, {"quality": "Less is better", "metricName": "L50", "values": [12, 38], "isMain": false}, {"quality": "Less is better", "metricName": "L75", "values": [26, 92], "isMain": false}, {"quality": "Equal", "metricName": "GC (%)", "values": ["35.30", "35.20"], "isMain": false}]], ["Misassemblies", [{"quality": "Less is better", "metricName": "# misassemblies", "values": [2, 5], "isMain": true}, {"quality": "Less is better", "metricName": "    # relocations", "values": [1, 5], "isMain": false}, {"quality": "Less is better", "metricName": "    # translocations", "values": [1, 0], "isMain": false}, {"quality": "Less is better", "metricName": "    # inversions", "values": [0, 0], "isMain": false}, {"quality": "Less is better", "metricName": "# misassembled contigs", "values": [2, 4], "isMain": false}, {"quality": "Less is better", "metricName": "Misassembled contigs length", "values": [52909, 3003], "isMain": true}, {"quality": "Less is better", "metricName": "# local misassemblies", "values": [25, 2], "isMain": false}]], ["Unaligned", [{"quality": "Less is better", "metricName": "# fully unaligned contigs", "values": [0, 317], "isMain": false}, {"quality": "Less is better", "metricName": "Fully unaligned length", "values": [0, 4185249], "isMain": false}, {"quality": "Less is better", "metricName": "# partially unaligned contigs", "values": [1, 42], "isMain": false}, {"quality": "Less is better", "metricName": "    # with misassembly", "values": [1, 9], "isMain": false}, {"quality": "Less is better", "metricName": "    # both parts are significant", "values": [1, 13], "isMain": false}, {"quality": "Less is better", "metricName": "Partially unaligned length", "values": [2338, 1570119], "isMain": false}]], ["Mismatches", [{"quality": "Less is better", "metricName": "# mismatches", "values": [351, 971], "isMain": false}, {"quality": "Less is better", "metricName": "# indels", "values": [428, 60], "isMain": false}, {"quality": "Less is better", "metricName": "Indels length", "values": [2800, 75], "isMain": false}, {"quality": "Less is better", "metricName": "# mismatches per 100 kbp", "values": ["6.56", "3383.28"], "isMain": true}, {"quality": "Less is better", "metricName": "# indels per 100 kbp", "values": ["8.00", "209.06"], "isMain": true}, {"quality": "Less is better", "metricName": "    # short indels (<= 5 bp)", "values": [337, 59], "isMain": false}, {"quality": "Less is better", "metricName": "    # long indels (> 5 bp)", "values": [91, 1], "isMain": false}, {"quality": "Less is better", "metricName": "# N's", "values": [5511, 0], "isMain": false}, {"quality": "Less is better", "metricName": "# N's per 100 kbp", "values": ["102.42", "0.00"], "isMain": true}]], ["Genome statistics", [{"quality": "More is better", "metricName": "Genome fraction (%)", "values": ["98.451", "0.792"], "isMain": true}, {"quality": "Less is better", "metricName": "Duplication ratio", "values": ["1.010", "1.163"], "isMain": true}, {"quality": "More is better", "metricName": "# genes", "values": ["5813 + 73 part", "95 + 11 part"], "isMain": true}, {"quality": "More is better", "metricName": "Largest alignment", "values": [430487, 9186], "isMain": false}, {"quality": "More is better", "metricName": "NG50", "values": [130570, 48302], "isMain": false}, {"quality": "More is better", "metricName": "NG75", "values": [65667, 21996], "isMain": false}, {"quality": "More is better", "metricName": "NA50", "values": [130570, ""], "isMain": false}, {"quality": "More is better", "metricName": "NA75", "values": [69698, ""], "isMain": false}, {"quality": "More is better", "metricName": "NGA50", "values": [130570, ""], "isMain": true}, {"quality": "More is better", "metricName": "NGA75", "values": [65667, ""], "isMain": false}, {"quality": "Less is better", "metricName": "LG50", "values": [12, 34], "isMain": false}, {"quality": "Less is better", "metricName": "LG75", "values": [27, 78], "isMain": false}, {"quality": "Less is better", "metricName": "LA50", "values": [12, ""], "isMain": false}, {"quality": "Less is better", "metricName": "LA75", "values": [26, ""], "isMain": false}, {"quality": "Less is better", "metricName": "LGA50", "values": [12, ""], "isMain": false}, {"quality": "Less is better", "metricName": "LGA75", "values": [27, ""], "isMain": false}]], ["Predicted genes", []], ["Reference statistics", [{"quality": "Equal", "metricName": "Reference length", "values": [5432652, 5432652], "isMain": false}, {"quality": "Equal", "metricName": "Reference GC (%)", "values": ["35.50", "35.50"], "isMain": false}, {"quality": "Equal", "metricName": "Reference genes", "values": [6014, 6014], "isMain": false}, {"quality": "Equal", "metricName": "Reference operons", "values": [0, 0], "isMain": false}]]], "minContig": 500, "assembliesNames": ["299_dataset_497.dat", "298_dataset_489.dat"]}