{"date": "21 May 2014, Wednesday, 21:52:11", "report": [["Statistics without reference", [{"quality": "Less is better", "metricName": "# contigs", "values": [30, 30, 30], "isMain": true}, {"quality": "Less is better", "metricName": "# contigs (>= 0 bp)", "values": [78, 78, 78], "isMain": false}, {"quality": "Less is better", "metricName": "# contigs (>= 1000 bp)", "values": [28, 28, 28], "isMain": false}, {"quality": "More is better", "metricName": "Largest contig", "values": [803895, 803895, 803895], "isMain": true}, {"quality": "More is better", "metricName": "Total length", "values": [4888113, 4888113, 4888113], "isMain": true}, {"quality": "More is better", "metricName": "Total length (>= 0 bp)", "values": [4896755, 4896755, 4896755], "isMain": false}, {"quality": "More is better", "metricName": "Total length (>= 1000 bp)", "values": [4886186, 4886186, 4886186], "isMain": false}, {"quality": "More is better", "metricName": "N50", "values": [301388, 301388, 301388], "isMain": true}, {"quality": "More is better", "metricName": "N75", "values": [229873, 229873, 229873], "isMain": false}, {"quality": "Less is better", "metricName": "L50", "values": [5, 5, 5], "isMain": false}, {"quality": "Less is better", "metricName": "L75", "values": [9, 9, 9], "isMain": false}, {"quality": "Equal", "metricName": "GC (%)", "values": ["61.61", "61.61", "61.61"], "isMain": false}]], ["Misassemblies", [{"quality": "Less is better", "metricName": "# misassemblies", "values": [0, "", ""], "isMain": true}, {"quality": "Less is better", "metricName": "    # relocations", "values": [0, "", ""], "isMain": false}, {"quality": "Less is better", "metricName": "    # translocations", "values": [0, "", ""], "isMain": false}, {"quality": "Less is better", "metricName": "    # inversions", "values": [0, "", ""], "isMain": false}, {"quality": "Less is better", "metricName": "# misassembled contigs", "values": [0, "", ""], "isMain": false}, {"quality": "Less is better", "metricName": "Misassembled contigs length", "values": [0, "", ""], "isMain": true}, {"quality": "Less is better", "metricName": "# local misassemblies", "values": [0, "", ""], "isMain": false}]], ["Unaligned", [{"quality": "Less is better", "metricName": "# fully unaligned contigs", "values": [6, 30, 30], "isMain": false}, {"quality": "Less is better", "metricName": "Fully unaligned length", "values": [95927, 4888113, 4888113], "isMain": false}, {"quality": "Less is better", "metricName": "# partially unaligned contigs", "values": [20, "", ""], "isMain": false}, {"quality": "Less is better", "metricName": "    # with misassembly", "values": [18, "", ""], "isMain": false}, {"quality": "Less is better", "metricName": "    # both parts are significant", "values": [20, "", ""], "isMain": false}, {"quality": "Less is better", "metricName": "Partially unaligned length", "values": [4104819, "", ""], "isMain": false}]], ["Mismatches", [{"quality": "Less is better", "metricName": "# mismatches", "values": [1528, "", ""], "isMain": false}, {"quality": "Less is better", "metricName": "# indels", "values": [48, "", ""], "isMain": false}, {"quality": "Less is better", "metricName": "Indels length", "values": [64, "", ""], "isMain": false}, {"quality": "Less is better", "metricName": "# mismatches per 100 kbp", "values": ["3612.72", "", ""], "isMain": true}, {"quality": "Less is better", "metricName": "# indels per 100 kbp", "values": ["113.49", "", ""], "isMain": true}, {"quality": "Less is better", "metricName": "    # short indels (<= 5 bp)", "values": [47, "", ""], "isMain": false}, {"quality": "Less is better", "metricName": "    # long indels (> 5 bp)", "values": [1, "", ""], "isMain": false}, {"quality": "Less is better", "metricName": "# N's", "values": [1128, 1128, 1128], "isMain": false}, {"quality": "Less is better", "metricName": "# N's per 100 kbp", "values": ["23.08", "23.08", "23.08"], "isMain": true}]], ["Genome statistics", [{"quality": "More is better", "metricName": "Genome fraction (%)", "values": ["14.477", "", ""], "isMain": true}, {"quality": "Less is better", "metricName": "Duplication ratio", "values": ["1.001", "", ""], "isMain": true}, {"quality": "More is better", "metricName": "Largest alignment", "values": [52419, "", ""], "isMain": false}, {"quality": "More is better", "metricName": "NG50", "values": [335956, 289442, 301388], "isMain": false}, {"quality": "More is better", "metricName": "NG75", "values": [229873, 128840, 159191], "isMain": false}, {"quality": "Less is better", "metricName": "LG50", "values": [4, 6, 5], "isMain": false}, {"quality": "Less is better", "metricName": "LG75", "values": [9, 12, 11], "isMain": false}]], ["Predicted genes", []], ["Reference statistics", [{"quality": "Equal", "metricName": "Reference length", "values": [4744448, 5432652, 5373121], "isMain": false}, {"quality": "Equal", "metricName": "Reference GC (%)", "values": ["61.55", "35.50", "43.42"], "isMain": false}, {"quality": "Equal", "metricName": "Reference genes", "values": [0, "", ""], "isMain": false}, {"quality": "Equal", "metricName": "Reference operons", "values": [0, "", ""], "isMain": false}]]], "minContig": 500, "assembliesNames": ["A_hydrophila_ATCC_7966", "B_cereus_ATCC_1098", "B_fragilis_638R"]}