{"date":"16 June 2014, Monday, 01:52:17","report":[["Statistics without reference",[{"values":[213,85,220,104,220,104],"quality":"Less is better","isMain":true,"metricName":"# contigs"},{"values":[213,85,220,104,220,104],"quality":"Less is better","isMain":false,"metricName":"# contigs (>= 500 bp)"},{"values":[183,65,190,79,190,79],"quality":"Less is better","isMain":false,"metricName":"# contigs (>= 1000 bp)"},{"values":[157783,524347,157783,411927,157783,411927],"quality":"More is better","isMain":true,"metricName":"Largest contig"},{"values":[3914915,3940257,3880977,3903678,3880977,3903678],"quality":"More is better","isMain":true,"metricName":"Total length"},{"values":[3914915,3940257,3880977,3903678,3880977,3903678],"quality":"More is better","isMain":false,"metricName":"Total length (>= 500 bp)"},{"values":[3894214,3927326,3860441,3886781,3860441,3886781],"quality":"More is better","isMain":false,"metricName":"Total length (>= 1000 bp)"},{"values":[40877,172545,41373,163386,41373,163386],"quality":"More is better","isMain":true,"metricName":"N50"},{"values":[22754,92099,19470,75755,19470,75755],"quality":"More is better","isMain":false,"metricName":"N75"},{"values":[30,7,29,8,29,8],"quality":"Less is better","isMain":false,"metricName":"L50"},{"values":[62,14,62,18,62,18],"quality":"Less is better","isMain":false,"metricName":"L75"},{"values":["47.50","47.50","47.63","47.63","47.63","47.63"],"quality":"Equal","isMain":false,"metricName":"GC (%)"}]],["Misassemblies",[{"values":[4,10,8,10,8,10],"quality":"Less is better","isMain":true,"metricName":"# misassemblies"},{"values":[4,8,8,9,8,9],"quality":"Less is better","isMain":false,"metricName":"    # relocations"},{"values":[0,2,0,1,0,1],"quality":"Less is better","isMain":false,"metricName":"    # translocations"},{"values":[0,0,0,0,0,0],"quality":"Less is better","isMain":false,"metricName":"    # inversions"},{"values":[4,8,8,9,8,9],"quality":"Less is better","isMain":false,"metricName":"# misassembled contigs"},{"values":[55189,395034,69468,273985,69468,273985],"quality":"Less is better","isMain":true,"metricName":"Misassembled contigs length"},{"values":[8,129,6,123,6,123],"quality":"Less is better","isMain":false,"metricName":"# local misassemblies"}]],["Unaligned",[{"values":[1,1,1,1,1,1],"quality":"Less is better","isMain":false,"metricName":"# fully unaligned contigs"},{"values":[549,549,549,549,549,549],"quality":"Less is better","isMain":false,"metricName":"Fully unaligned length"},{"values":[1,0,0,0,0,0],"quality":"Less is better","isMain":false,"metricName":"# partially unaligned contigs"},{"values":[0,0,0,0,0,0],"quality":"Less is better","isMain":false,"metricName":"    # with misassembly"},{"values":[0,0,0,0,0,0],"quality":"Less is better","isMain":false,"metricName":"    # both parts are significant"},{"values":[27,0,0,0,0,0],"quality":"Less is better","isMain":false,"metricName":"Partially unaligned length"}]],["Mismatches",[{"values":[175,203,221,225,221,225],"quality":"Less is better","isMain":false,"metricName":"# mismatches"},{"values":[190,370,131,205,131,205],"quality":"Less is better","isMain":false,"metricName":"# indels"},{"values":[262,708,173,374,173,374],"quality":"Less is better","isMain":false,"metricName":"Indels length"},{"values":["4.47","5.18","5.70","5.80","5.70","5.80"],"quality":"Less is better","isMain":true,"metricName":"# mismatches per 100 kbp"},{"values":["4.85","9.44","3.38","5.28","3.38","5.28"],"quality":"Less is better","isMain":true,"metricName":"# indels per 100 kbp"},{"values":[181,346,126,196,126,196],"quality":"Less is better","isMain":false,"metricName":"    # short indels (<= 5 bp)"},{"values":[9,24,5,9,5,9],"quality":"Less is better","isMain":false,"metricName":"    # long indels (> 5 bp)"},{"values":[0,21557,0,20135,0,20135],"quality":"Less is better","isMain":false,"metricName":"# N's"},{"values":["0.00","547.10","0.00","515.80","0.00","515.80"],"quality":"Less is better","isMain":true,"metricName":"# N's per 100 kbp"}]],["Genome statistics",[{"values":["97.038","97.140","96.181","96.251","96.181","96.251"],"quality":"More is better","isMain":true,"metricName":"Genome fraction (%)"},{"values":["1.011","1.016","1.011","1.016","1.011","1.016"],"quality":"Less is better","isMain":true,"metricName":"Duplication ratio"},{"values":["3386 + 132 part","3400 + 128 part","3371 + 132 part","3379 + 130 part","3371 + 132 part","3379 + 130 part"],"quality":"More is better","isMain":true,"metricName":"# genes"},{"values":[157783,521619,157783,409820,157783,409820],"quality":"More is better","isMain":false,"metricName":"Largest alignment"},{"values":[40085,172545,40085,157209,40085,157209],"quality":"More is better","isMain":false,"metricName":"NG50"},{"values":[20673,82167,18535,71623,18535,71623],"quality":"More is better","isMain":false,"metricName":"NG75"},{"values":[40877,171505,41373,163055,41373,163055],"quality":"More is better","isMain":false,"metricName":"NA50"},{"values":[22753,91938,19470,71376,19470,71376],"quality":"More is better","isMain":false,"metricName":"NA75"},{"values":[39468,171505,39468,156829,39468,156829],"quality":"More is better","isMain":true,"metricName":"NGA50"},{"values":[20673,80883,18535,59664,18535,59664],"quality":"More is better","isMain":false,"metricName":"NGA75"},{"values":[31,7,31,9,31,9],"quality":"Less is better","isMain":false,"metricName":"LG50"},{"values":[66,15,68,19,68,19],"quality":"Less is better","isMain":false,"metricName":"LG75"},{"values":[30,7,29,8,29,8],"quality":"Less is better","isMain":false,"metricName":"LA50"},{"values":[62,14,62,18,62,18],"quality":"Less is better","isMain":false,"metricName":"LA75"},{"values":[31,7,31,9,31,9],"quality":"Less is better","isMain":false,"metricName":"LGA50"},{"values":[66,15,68,20,68,20],"quality":"Less is better","isMain":false,"metricName":"LGA75"}]],["Predicted genes",[]],["Reference statistics",[{"values":[4033464,4033464,4033464,4033464,4033464,4033464],"quality":"Equal","isMain":false,"metricName":"Reference length"},{"values":["47.49","47.49","47.49","47.49","47.49","47.49"],"quality":"Equal","isMain":false,"metricName":"Reference GC (%)"},{"values":[3693,3693,3693,3693,3693,3693],"quality":"Equal","isMain":false,"metricName":"Reference genes"},{"values":[0,0,0,0,0,0],"quality":"Equal","isMain":false,"metricName":"Reference operons"}]]],"minContig":500,"assembliesNames":["GAGE-B broken","GAGE-B","Velvet_1_2_08 broken","Velvet_1_2_08","Velvet_1_2_10 broken","Velvet_1_2_10"]}