{"date":"02 May 2014, Friday, 20:11:53","report":[["Statistics without reference",[{"values":[196,241,154,163,326,186,146,156],"quality":"Less is better","isMain":true,"metricName":"# contigs"},{"values":[564,241,501,173,1901,312,1486,209],"quality":"Less is better","isMain":false,"metricName":"# contigs (>= 0 bp)"},{"values":[149,241,96,142,247,147,73,124],"quality":"Less is better","isMain":false,"metricName":"# contigs (>= 1000 bp)"},{"values":[178118,140691,450326,255146,105420,246179,741022,246346],"quality":"More is better","isMain":true,"metricName":"Largest contig"},{"values":[3904784,3953298,4011692,4030761,3931012,3924635,4035776,3944260],"quality":"More is better","isMain":true,"metricName":"Total length"},{"values":[3959969,3953298,4112140,4034988,4357240,3954533,4451154,3960394],"quality":"More is better","isMain":false,"metricName":"Total length (>= 0 bp)"},{"values":[3872255,3953298,3971344,4014349,3875237,3895651,3990044,3921645],"quality":"More is better","isMain":false,"metricName":"Total length (>= 1000 bp)"},{"values":[60973,33710,112926,76131,27573,71357,262160,92036],"quality":"More is better","isMain":true,"metricName":"N50"},{"values":[27970,17245,59711,45736,15449,37218,136216,43442],"quality":"More is better","isMain":false,"metricName":"N75"},{"values":[21,34,9,16,45,15,5,15],"quality":"Less is better","isMain":false,"metricName":"L50"},{"values":[44,74,20,33,94,34,11,31],"quality":"Less is better","isMain":false,"metricName":"L75"},{"values":["47.56","47.52","47.48","47.47","47.53","47.56","47.37","47.52"],"quality":"Equal","isMain":false,"metricName":"GC (%)"}]],["Misassemblies",[{"values":[2,17,49,19,2,12,5,14],"quality":"Less is better","isMain":true,"metricName":"# misassemblies"},{"values":[2,11,43,14,2,11,5,12],"quality":"Less is better","isMain":false,"metricName":"    # relocations"},{"values":[0,6,6,5,0,1,0,2],"quality":"Less is better","isMain":false,"metricName":"    # translocations"},{"values":[0,0,0,0,0,0,0,0],"quality":"Less is better","isMain":false,"metricName":"    # inversions"},{"values":[2,17,36,19,2,12,5,14],"quality":"Less is better","isMain":false,"metricName":"# misassembled contigs"},{"values":[70441,128064,1093737,216881,18041,408395,386647,749414],"quality":"Less is better","isMain":true,"metricName":"Misassembled contigs length"},{"values":[0,7,7,3,0,44,4,2],"quality":"Less is better","isMain":false,"metricName":"# local misassemblies"}]],["Unaligned",[{"values":[1,1,5,0,1,2,57,1],"quality":"Less is better","isMain":false,"metricName":"# fully unaligned contigs"},{"values":[619,5125,11864,0,5632,5991,40190,5482],"quality":"Less is better","isMain":false,"metricName":"Fully unaligned length"},{"values":[0,2,10,3,2,3,3,5],"quality":"Less is better","isMain":false,"metricName":"# partially unaligned contigs"},{"values":[0,0,1,1,1,0,0,1],"quality":"Less is better","isMain":false,"metricName":"    # with misassembly"},{"values":[0,0,0,1,0,0,0,0],"quality":"Less is better","isMain":false,"metricName":"    # both parts are significant"},{"values":[0,124,2087,811,727,489,1178,1221],"quality":"Less is better","isMain":false,"metricName":"Partially unaligned length"}]],["Mismatches",[{"values":[129,319,352,247,112,319,194,161],"quality":"Less is better","isMain":false,"metricName":"# mismatches"},{"values":[103,142,161,125,107,171,129,110],"quality":"Less is better","isMain":false,"metricName":"# indels"},{"values":[121,188,271,167,121,223,181,168],"quality":"Less is better","isMain":false,"metricName":"Indels length"},{"values":["3.31","8.16","8.88","6.27","2.88","8.16","4.88","4.09"],"quality":"Less is better","isMain":true,"metricName":"# mismatches per 100 kbp"},{"values":["2.64","3.63","4.06","3.17","2.75","4.37","3.24","2.80"],"quality":"Less is better","isMain":true,"metricName":"# indels per 100 kbp"},{"values":[101,136,152,120,105,165,124,104],"quality":"Less is better","isMain":false,"metricName":"    # short indels (<= 5 bp)"},{"values":[2,6,9,5,2,6,5,6],"quality":"Less is better","isMain":false,"metricName":"    # long indels (> 5 bp)"},{"values":[0,0,70,0,0,0,209,0],"quality":"Less is better","isMain":false,"metricName":"# N's"},{"values":["0.00","0.00","1.74","0.00","0.00","0.00","5.18","0.00"],"quality":"Less is better","isMain":true,"metricName":"# N's per 100 kbp"}]],["Genome statistics",[{"values":["96.699","96.968","98.311","97.670","96.574","96.940","98.643","97.563"],"quality":"More is better","isMain":true,"metricName":"Genome fraction (%)"},{"values":["1.001","1.016","1.016","1.023","1.008","1.003","1.004","1.007"],"quality":"Less is better","isMain":true,"metricName":"Duplication ratio"},{"values":["3413 + 55 part","3401 + 144 part","3559 + 64 part","3534 + 66 part","3355 + 134 part","3442 + 85 part","3598 + 28 part","3491 + 79 part"],"quality":"More is better","isMain":true,"metricName":"# genes"},{"values":[178118,140691,450326,255146,105420,246179,741022,246346],"quality":"More is better","isMain":false,"metricName":"Largest alignment"},{"values":[60473,32790,112926,76131,27303,71357,262160,92036],"quality":"More is better","isMain":false,"metricName":"NG50"},{"values":[24934,16374,56632,45736,14804,34893,136216,39974],"quality":"More is better","isMain":false,"metricName":"NG75"},{"values":[60473,33710,108689,76131,27573,71357,262160,67096],"quality":"More is better","isMain":false,"metricName":"NA50"},{"values":[27970,17241,52144,45141,15449,37218,106531,40333],"quality":"More is better","isMain":false,"metricName":"NA75"},{"values":[60272,32784,108689,76131,27303,68152,262160,63574],"quality":"More is better","isMain":true,"metricName":"NGA50"},{"values":[24934,16374,52144,45141,14804,32753,106531,39408],"quality":"More is better","isMain":false,"metricName":"NGA75"},{"values":[22,35,9,16,47,15,5,15],"quality":"Less is better","isMain":false,"metricName":"LG50"},{"values":[48,77,21,33,99,36,11,33],"quality":"Less is better","isMain":false,"metricName":"LG75"},{"values":[21,34,9,16,45,15,5,16],"quality":"Less is better","isMain":false,"metricName":"LA50"},{"values":[44,74,22,34,94,34,12,35],"quality":"Less is better","isMain":false,"metricName":"LA75"},{"values":[22,35,9,16,47,16,5,17],"quality":"Less is better","isMain":false,"metricName":"LGA50"},{"values":[48,77,22,34,99,37,12,37],"quality":"Less is better","isMain":false,"metricName":"LGA75"}]],["Predicted genes",[]],["Reference statistics",[{"values":[4033464,4033464,4033464,4033464,4033464,4033464,4033464,4033464],"quality":"Equal","isMain":false,"metricName":"Reference length"},{"values":["47.49","47.49","47.49","47.49","47.49","47.49","47.49","47.49"],"quality":"Equal","isMain":false,"metricName":"Reference GC (%)"},{"values":[3693,3693,3693,3693,3693,3693,3693,3693],"quality":"Equal","isMain":false,"metricName":"Reference genes"},{"values":[0,0,0,0,0,0,0,0],"quality":"Equal","isMain":false,"metricName":"Reference operons"}]]],"minContig":500,"assembliesNames":["VC-M-Abyss-Contig","VC-M-Cabog-Contig","VC-M-Mira-Contig","VC-M-Msrca-Contig","VC-M-Sga-Contig","VC-M-Soap-Contig","VC-M-Spades-Contig","VC-M-Velvet-Contig"]}