gi|77404693|ref|NC_007489.1|_Rhodobacter_sphaeroides_2.4.1_plasmid_C__complete_sequence	jcf7180000000305	jcf7180000000279
gi|552530953|ref|NC_007490.2|_Rhodobacter_sphaeroides_2.4.1_plasmid_D__complete_sequence	jcf7180000000306	jcf7180000000278	jcf7180000000313	jcf7180000000281	jcf7180000000281	jcf7180000000281	jcf7180000000281	jcf7180000000280
gi|552536492|ref|NC_007494.2|_Rhodobacter_sphaeroides_2.4.1_chromosome_2__complete_sequence	jcf7180000000308	jcf7180000000309	jcf7180000000309	jcf7180000000297	jcf7180000000319	jcf7180000000318	jcf7180000000318	jcf7180000000310	jcf7180000000323	jcf7180000000327	jcf7180000000327	jcf7180000000328	jcf7180000000288
gi|552535527|ref|NC_007493.2|_Rhodobacter_sphaeroides_2.4.1_chromosome_1__complete_sequence	jcf7180000000317	jcf7180000000316	jcf7180000000300	jcf7180000000301	jcf7180000000302	jcf7180000000303	jcf7180000000331	jcf7180000000330	jcf7180000000330	jcf7180000000332	jcf7180000000298	jcf7180000000298	jcf7180000000299	jcf7180000000292	jcf7180000000293	jcf7180000000290	jcf7180000000291	jcf7180000000291	jcf7180000000296	jcf7180000000297	jcf7180000000294	jcf7180000000295	jcf7180000000315	jcf7180000000315	jcf7180000000312	jcf7180000000311	jcf7180000000322	jcf7180000000320	jcf7180000000321	jcf7180000000326	jcf7180000000324	jcf7180000000325	jcf7180000000329	jcf7180000000289	jcf7180000000285	jcf7180000000286
gi|125654605|ref|NC_009007.1|_Rhodobacter_sphaeroides_2.4.1_plasmid_A__partial_sequence	jcf7180000000287	jcf7180000000281	jcf7180000000283	jcf7180000000282
gi|125654693|ref|NC_009008.1|_Rhodobacter_sphaeroides_2.4.1_plasmid_E__partial_sequence	jcf7180000000307
