gi|77404693|ref|NC_007489.1|_Rhodobacter_sphaeroides_2.4.1_plasmid_C__complete_sequence	scaffold158_1	scaffold78_1	scaffold78_1	scaffold157_1	scaffold157_1	scaffold48_1	scaffold90_1	scaffold90_1	scaffold141_1	scaffold141_1	scaffold4_1	scaffold75_1	scaffold8_1	scaffold63_1
gi|552530953|ref|NC_007490.2|_Rhodobacter_sphaeroides_2.4.1_plasmid_D__complete_sequence	scaffold122_1	scaffold122_1	scaffold85_1	scaffold85_1	C1753_1	scaffold147_1	scaffold147_1	scaffold52_1	scaffold52_1	scaffold149_1	scaffold149_1	scaffold31_1	scaffold31_1	scaffold56_1	scaffold56_1	scaffold161_1	scaffold161_1	scaffold142_1	scaffold142_1	scaffold93_1	scaffold93_1	scaffold134_1	scaffold134_1	scaffold12_1	scaffold7_1	scaffold7_1	scaffold136_1	scaffold136_1	scaffold75_1	scaffold75_1
gi|552536492|ref|NC_007494.2|_Rhodobacter_sphaeroides_2.4.1_chromosome_2__complete_sequence	scaffold166_1	scaffold166_1	scaffold60_1	scaffold60_1	scaffold117_1	scaffold117_1	scaffold62_2	scaffold62_2	scaffold62_1	scaffold42_1	scaffold42_1	scaffold59_1	scaffold59_1	C6119_1	C4505_1	C1539_1	scaffold82_1	scaffold82_1	scaffold152_1	scaffold152_1	scaffold39_2	scaffold39_2	scaffold39_1	scaffold46_1	scaffold110_1	scaffold110_1	scaffold110_1	scaffold50_1	scaffold50_2	scaffold50_2	scaffold156_1	scaffold156_1	scaffold140_1	scaffold140_1	scaffold104_1	scaffold104_1	scaffold24_1	scaffold24_3	scaffold24_3	scaffold24_2	scaffold10_1	scaffold10_1	scaffold18_1	scaffold18_1	scaffold131_1	scaffold131_1	scaffold3_1	scaffold88_1	scaffold88_1	C4695_1	scaffold170_1	scaffold170_1	scaffold127_1	scaffold127_1	scaffold106_2	scaffold11_1	scaffold11_1	scaffold11_1	C4397_1	scaffold108_1	scaffold108_1	scaffold106_1	scaffold106_3	scaffold106_3	scaffold73_1	scaffold73_1	scaffold73_1	scaffold68_1	scaffold68_3	scaffold68_3	scaffold68_2	scaffold165_1	scaffold165_2	scaffold165_2	scaffold132_1	scaffold132_1	scaffold10_2
gi|552530711|ref|NC_007488.2|_Rhodobacter_sphaeroides_2.4.1_plasmid_B__complete_sequence	scaffold101_1	scaffold101_1	scaffold130_1	scaffold130_1	scaffold83_1	scaffold83_2	scaffold9_1	scaffold9_3	scaffold9_3	scaffold9_2	scaffold176_1	scaffold176_1	scaffold96_1	scaffold96_1	scaffold121_1	scaffold121_1
gi|552535527|ref|NC_007493.2|_Rhodobacter_sphaeroides_2.4.1_chromosome_1__complete_sequence	C3671_1	scaffold77_2	scaffold139_1	scaffold139_1	scaffold105_2	scaffold105_2	scaffold105_1	scaffold74_1	scaffold74_1	scaffold51_1	scaffold51_1	scaffold47_1	scaffold47_2	scaffold47_2	scaffold151_1	scaffold151_1	scaffold111_1	scaffold111_1	scaffold124_1	scaffold53_2	scaffold53_2	scaffold95_2	scaffold95_2	scaffold29_1	scaffold29_1	scaffold40_3	scaffold40_2	scaffold40_1	scaffold173_1	scaffold173_1	scaffold129_1	scaffold129_1	scaffold97_1	scaffold97_1	scaffold97_1	scaffold89_1	scaffold123_1	scaffold162_1	scaffold162_1	scaffold72_1	scaffold103_1	scaffold103_1	scaffold25_1	scaffold25_2	scaffold25_2	scaffold1_1	scaffold1_1	scaffold164_2	scaffold164_2	scaffold70_2	scaffold70_2	scaffold70_1	scaffold150_1	scaffold55_1	scaffold55_2	scaffold55_2	scaffold135_1	scaffold57_1	scaffold57_1	scaffold99_1	scaffold99_1	scaffold154_1	scaffold154_1	scaffold37_1	scaffold37_2	scaffold37_2	scaffold110_1	scaffold44_1	scaffold44_1	scaffold164_1	scaffold35_1	scaffold35_1	scaffold87_1	scaffold74_2	scaffold74_2	scaffold28_1	scaffold28_1	scaffold27_1	scaffold92_2	scaffold92_2	scaffold92_1	scaffold126_2	scaffold126_2	scaffold126_2	scaffold159_1	scaffold159_1	scaffold94_1	scaffold21_1	scaffold21_2	scaffold21_2	scaffold21_2	scaffold145_1	scaffold145_1	scaffold86_1	scaffold86_3	scaffold16_1	scaffold16_1	scaffold102_1	scaffold102_1	scaffold26_1	scaffold26_1	C2221_1	scaffold5_1	scaffold148_1	scaffold5_2	scaffold5_2	scaffold33_1	scaffold33_1	scaffold160_1	scaffold160_1	scaffold167_1	scaffold54_1	scaffold54_2	scaffold54_2	scaffold174_1	scaffold174_1	scaffold137_1	scaffold137_1	scaffold153_1	scaffold153_1	scaffold38_1	scaffold38_1	scaffold172_1	scaffold172_1	scaffold155_1	scaffold155_1	scaffold98_1	scaffold98_1	scaffold41_2	scaffold168_1	scaffold168_1	scaffold114_1	scaffold114_2	scaffold114_2	scaffold20_1	scaffold65_1	scaffold65_1	scaffold15_1	scaffold150_2	scaffold150_2	scaffold116_1	scaffold116_1	scaffold22_1	scaffold22_1	scaffold17_2	scaffold17_2	scaffold17_1	scaffold81_1	scaffold81_1	scaffold69_1	scaffold69_1	scaffold69_1	scaffold53_1	scaffold87_2	scaffold87_2	scaffold86_4	scaffold86_4	scaffold133_1	scaffold133_1	scaffold167_2	scaffold167_2	scaffold77_1	scaffold34_1	scaffold34_1	scaffold146_1	scaffold146_1	scaffold171_1	scaffold171_1	scaffold138_1	scaffold32_1	scaffold86_2	scaffold163_1	scaffold118_1	scaffold118_1	scaffold61_1	scaffold30_1	scaffold30_1	scaffold30_1	scaffold143_1	scaffold143_1	scaffold125_1	scaffold125_1	scaffold169_1	scaffold169_2	scaffold64_1	scaffold64_1	scaffold13_2	scaffold13_2	scaffold13_2	scaffold13_1	scaffold126_1	scaffold66_3	scaffold66_3	scaffold66_2	scaffold66_1	scaffold120_1	scaffold120_2	scaffold120_2	scaffold41_3	scaffold41_1	scaffold128_1	scaffold148_2	scaffold148_2	scaffold41_4	scaffold41_4	scaffold128_2	scaffold128_2	scaffold15_2	scaffold15_2	scaffold71_1	scaffold71_1	scaffold6_1
gi|125654605|ref|NC_009007.1|_Rhodobacter_sphaeroides_2.4.1_plasmid_A__partial_sequence	scaffold107_1	scaffold107_1	scaffold76_1	scaffold119_1	scaffold119_1	scaffold49_1	scaffold109_1	scaffold109_1	scaffold100_1	scaffold100_1	scaffold113_1	scaffold113_1	scaffold14_1	scaffold14_1	scaffold144_1	scaffold144_1	scaffold144_1	scaffold144_1	scaffold67_1	scaffold67_1	scaffold45_1	scaffold45_1	scaffold23_1	scaffold23_1	scaffold2_1	scaffold2_1	scaffold175_1	scaffold175_1	scaffold91_1	scaffold91_2	scaffold91_2	scaffold43_1	scaffold43_1	scaffold115_1	scaffold115_1	C5007_1	scaffold19_1	scaffold19_1
gi|125654693|ref|NC_009008.1|_Rhodobacter_sphaeroides_2.4.1_plasmid_E__partial_sequence	scaffold84_1	scaffold84_1	scaffold84_1	scaffold80_1	scaffold80_1	scaffold58_1	scaffold58_1	scaffold58_1	scaffold36_1	scaffold79_1	scaffold79_1
