{"date":"05 May 2014, Monday, 02:00:00","report":[["Statistics without reference",[{"values":[154,89,1158,138,230,163,156,156,136,89,136,204,138,153,139],"quality":"Less is better","isMain":true,"metricName":"# contigs"},{"values":[2372,189,2969,155,85148,2056,453,258,2334,89,153,264,2017,446,240],"quality":"Less is better","isMain":false,"metricName":"# contigs (>= 0 bp)"},{"values":[134,89,472,99,199,146,117,134,121,89,98,189,124,115,119],"quality":"Less is better","isMain":false,"metricName":"# contigs (>= 1000 bp)"},{"values":[196813,312406,352831,322669,132038,196882,312376,307295,245883,312406,322669,132038,199467,312376,378254],"quality":"More is better","isMain":true,"metricName":"Largest contig"},{"values":[4913650,4836665,6022342,4928115,4798962,4900579,4971240,4889453,4919065,4889348,4928155,4773017,4905519,4971534,4893641],"quality":"More is better","isMain":true,"metricName":"Total length"},{"values":[5086459,4848222,6588629,4935414,13567484,5187613,5014024,4913541,5087518,4889348,4935454,4790600,5188513,5013482,4917523],"quality":"More is better","isMain":false,"metricName":"Total length (>= 0 bp)"},{"values":[4899971,4836665,5551355,4901466,4776687,4888668,4942328,4874782,4908662,4889348,4902255,4762794,4895994,4942981,4880270],"quality":"More is better","isMain":false,"metricName":"Total length (>= 1000 bp)"},{"values":[89864,107676,91268,117883,49072,79834,117467,83025,94163,105803,117883,49072,91216,117467,105255],"quality":"More is better","isMain":true,"metricName":"N50"},{"values":[47805,55276,21435,61875,23614,41329,63036,42656,55842,58882,61875,24538,43762,63036,50296],"quality":"More is better","isMain":false,"metricName":"N75"},{"values":[21,16,21,15,35,21,16,20,19,17,15,35,19,16,16],"quality":"Less is better","isMain":false,"metricName":"L50"},{"values":[40,32,53,30,70,44,30,40,36,32,30,69,38,30,33],"quality":"Less is better","isMain":false,"metricName":"L75"},{"values":["65.09","65.19","64.17","65.08","65.20","65.12","65.04","65.12","65.09","65.18","65.08","65.24","65.12","65.04","65.12"],"quality":"Equal","isMain":false,"metricName":"GC (%)"}]],["Misassemblies",[{"values":[2,1,0,0,6,0,0,0,0,1,0,6,1,0,0],"quality":"Less is better","isMain":true,"metricName":"# misassemblies"},{"values":[2,1,0,0,6,0,0,0,0,1,0,6,1,0,0],"quality":"Less is better","isMain":false,"metricName":"    # relocations"},{"values":[0,0,0,0,0,0,0,0,0,0,0,0,0,0,0],"quality":"Less is better","isMain":false,"metricName":"    # translocations"},{"values":[0,0,0,0,0,0,0,0,0,0,0,0,0,0,0],"quality":"Less is better","isMain":false,"metricName":"    # inversions"},{"values":[1,1,0,0,5,0,0,0,0,1,0,5,1,0,0],"quality":"Less is better","isMain":false,"metricName":"# misassembled contigs"},{"values":[60758,18508,0,0,256146,0,0,0,0,18508,0,256146,21883,0,0],"quality":"Less is better","isMain":true,"metricName":"Misassembled contigs length"},{"values":[14,6,7,7,22,6,8,12,9,6,7,22,9,8,14],"quality":"Less is better","isMain":false,"metricName":"# local misassemblies"}]],["Unaligned",[{"values":[88,38,1092,91,119,87,109,90,78,37,90,98,73,106,84],"quality":"Less is better","isMain":false,"metricName":"# fully unaligned contigs"},{"values":[811285,622667,1736491,712073,1393651,932542,740305,908932,744801,616468,712093,1372641,859613,740599,805331],"quality":"Less is better","isMain":false,"metricName":"Fully unaligned length"},{"values":[57,46,50,42,82,62,41,55,50,47,41,82,53,41,46],"quality":"Less is better","isMain":false,"metricName":"# partially unaligned contigs"},{"values":[31,32,31,30,25,35,30,35,30,33,30,25,35,30,33],"quality":"Less is better","isMain":false,"metricName":"    # with misassembly"},{"values":[51,44,44,41,63,56,39,52,46,44,41,63,50,39,44],"quality":"Less is better","isMain":false,"metricName":"    # both parts are significant"},{"values":[2950892,3160024,3202669,3139397,2178453,2899883,3147412,2893059,3076589,3218110,3139417,2178453,2955692,3147412,2999383],"quality":"Less is better","isMain":false,"metricName":"Partially unaligned length"}]],["Mismatches",[{"values":[15970,9845,10503,10183,30389,13115,9276,12158,12842,9350,10082,30335,11109,9276,10887],"quality":"Less is better","isMain":false,"metricName":"# mismatches"},{"values":[707,415,388,474,1105,468,323,551,607,410,471,1102,387,323,442],"quality":"Less is better","isMain":false,"metricName":"# indels"},{"values":[1032,649,607,609,1575,709,498,762,794,642,606,1572,572,498,644],"quality":"Less is better","isMain":false,"metricName":"Indels length"},{"values":["4032.85","4068.20","4055.15","4176.56","4097.65","4010.62","4049.19","3994.56","4068.10","4038.48","4172.96","4117.37","3958.89","4049.19","3975.93"],"quality":"Less is better","isMain":true,"metricName":"# mismatches per 100 kbp"},{"values":["178.54","171.49","149.80","194.41","149.00","143.12","141.00","181.03","192.29","177.09","194.95","149.57","137.91","141.00","161.42"],"quality":"Less is better","isMain":true,"metricName":"# indels per 100 kbp"},{"values":[692,407,379,468,1079,455,315,542,599,402,465,1076,378,315,433],"quality":"Less is better","isMain":false,"metricName":"    # short indels (<= 5 bp)"},{"values":[15,8,9,6,26,13,8,9,8,8,6,26,9,8,9],"quality":"Less is better","isMain":false,"metricName":"    # long indels (> 5 bp)"},{"values":[50,0,859,0,0,0,236,0,1697,41126,40,0,900,237,3982],"quality":"Less is better","isMain":false,"metricName":"# N's"},{"values":["1.02","0.00","14.26","0.00","0.00","0.00","4.75","0.00","34.50","841.13","0.81","0.00","18.35","4.77","81.37"],"quality":"Less is better","isMain":true,"metricName":"# N's per 100 kbp"}]],["Genome statistics",[{"values":["20.453","19.597","19.860","20.064","21.403","20.286","20.181","19.899","20.333","19.609","20.064","21.305","20.283","20.181","19.906"],"quality":"More is better","isMain":true,"metricName":"Genome fraction (%)"},{"values":["1.133","1.083","1.098","1.080","1.154","1.060","1.081","1.100","1.087","1.083","1.080","1.155","1.082","1.081","1.101"],"quality":"Less is better","isMain":true,"metricName":"Duplication ratio"},{"values":["811 + 78 part","774 + 78 part","780 + 79 part","795 + 70 part","836 + 99 part","803 + 87 part","801 + 77 part","784 + 81 part","809 + 77 part","774 + 79 part","795 + 70 part","834 + 95 part","803 + 87 part","801 + 77 part","783 + 83 part"],"quality":"More is better","isMain":true,"metricName":"# genes"},{"values":[46289,46286,46289,46289,48600,40364,46289,46289,46289,46286,46289,48600,46289,46289,46289],"quality":"More is better","isMain":false,"metricName":"Largest alignment"},{"values":[89864,105803,105619,117883,47829,74197,117467,83025,94163,105803,117883,47829,91216,117467,105255],"quality":"More is better","isMain":false,"metricName":"NG50"},{"values":[45155,52143,58443,61875,21743,41138,63036,41763,55842,55276,61875,21743,43199,63036,47847],"quality":"More is better","isMain":false,"metricName":"NG75"},{"values":[21,17,16,15,37,22,16,20,19,17,15,37,19,16,16],"quality":"Less is better","isMain":false,"metricName":"LG50"},{"values":[41,34,31,30,76,45,30,42,36,33,30,76,39,30,34],"quality":"Less is better","isMain":false,"metricName":"LG75"}]],["Predicted genes",[]],["Reference statistics",[{"values":[4967469,4967469,4967469,4967469,4967469,4967469,4967469,4967469,4967469,4967469,4967469,4967469,4967469,4967469,4967469],"quality":"Equal","isMain":false,"metricName":"Reference length"},{"values":["64.92","64.92","64.92","64.92","64.92","64.92","64.92","64.92","64.92","64.92","64.92","64.92","64.92","64.92","64.92"],"quality":"Equal","isMain":false,"metricName":"Reference GC (%)"},{"values":[4262,4262,4262,4262,4262,4262,4262,4262,4262,4262,4262,4262,4262,4262,4262],"quality":"Equal","isMain":false,"metricName":"Reference genes"},{"values":[0,0,0,0,0,0,0,0,0,0,0,0,0,0,0],"quality":"Equal","isMain":false,"metricName":"Reference operons"}]]],"minContig":500,"assembliesNames":["XA-H-Abyss-Contig","XA-H-Cabog-Contig","XA-H-Mira-Contig","XA-H-Msrca-Contig","XA-H-Sga-Contig","XA-H-Soap-Contig","XA-H-Spades-Contig","XA-H-Velvet-Contig","XA-H-Abyss-Scaffold","XA-H-Cabog-Scaffold","XA-H-Msrca-Scaffold","XA-H-Sga-Scaffold","XA-H-Soap-Scaffold","XA-H-Spades-Scaffold","XA-H-Velvet-Scaffold"]}