{"date":"22 May 2014, Thursday, 00:42:47","report":[["Statistics without reference",[{"values":[54,94],"quality":"Less is better","isMain":true,"metricName":"# contigs"},{"values":[174,113],"quality":"Less is better","isMain":false,"metricName":"# contigs (>= 0 bp)"},{"values":[52,81],"quality":"Less is better","isMain":false,"metricName":"# contigs (>= 1000 bp)"},{"values":[654090,710684],"quality":"More is better","isMain":true,"metricName":"Largest contig"},{"values":[4969260,5004541],"quality":"More is better","isMain":true,"metricName":"Total length"},{"values":[4985428,5009370],"quality":"More is better","isMain":false,"metricName":"Total length (>= 0 bp)"},{"values":[4967717,4994206],"quality":"More is better","isMain":false,"metricName":"Total length (>= 1000 bp)"},{"values":[237457,278382],"quality":"More is better","isMain":true,"metricName":"N50"},{"values":[121603,133236],"quality":"More is better","isMain":false,"metricName":"N75"},{"values":[7,6],"quality":"Less is better","isMain":false,"metricName":"L50"},{"values":[15,12],"quality":"Less is better","isMain":false,"metricName":"L75"},{"values":["61.53","61.60"],"quality":"Equal","isMain":false,"metricName":"GC (%)"}]],["Misassemblies",[{"values":[0,2],"quality":"Less is better","isMain":true,"metricName":"# misassemblies"},{"values":[0,2],"quality":"Less is better","isMain":false,"metricName":"    # relocations"},{"values":[0,0],"quality":"Less is better","isMain":false,"metricName":"    # translocations"},{"values":[0,0],"quality":"Less is better","isMain":false,"metricName":"    # inversions"},{"values":[0,2],"quality":"Less is better","isMain":false,"metricName":"# misassembled contigs"},{"values":[0,28456],"quality":"Less is better","isMain":true,"metricName":"Misassembled contigs length"},{"values":[0,1],"quality":"Less is better","isMain":false,"metricName":"# local misassemblies"}]],["Unaligned",[{"values":[12,40],"quality":"Less is better","isMain":false,"metricName":"# fully unaligned contigs"},{"values":[162641,349640],"quality":"Less is better","isMain":false,"metricName":"Fully unaligned length"},{"values":[34,32],"quality":"Less is better","isMain":false,"metricName":"# partially unaligned contigs"},{"values":[25,20],"quality":"Less is better","isMain":false,"metricName":"    # with misassembly"},{"values":[29,24],"quality":"Less is better","isMain":false,"metricName":"    # both parts are significant"},{"values":[4071442,3915649],"quality":"Less is better","isMain":false,"metricName":"Partially unaligned length"}]],["Mismatches",[{"values":[1049,5044],"quality":"Less is better","isMain":false,"metricName":"# mismatches"},{"values":[44,186],"quality":"Less is better","isMain":false,"metricName":"# indels"},{"values":[59,275],"quality":"Less is better","isMain":false,"metricName":"Indels length"},{"values":["2686.51","3837.64"],"quality":"Less is better","isMain":true,"metricName":"# mismatches per 100 kbp"},{"values":["112.68","141.51"],"quality":"Less is better","isMain":true,"metricName":"# indels per 100 kbp"},{"values":[43,181],"quality":"Less is better","isMain":false,"metricName":"    # short indels (<= 5 bp)"},{"values":[1,5],"quality":"Less is better","isMain":false,"metricName":"    # long indels (> 5 bp)"},{"values":[91,0],"quality":"Less is better","isMain":false,"metricName":"# N's"},{"values":["1.83","0.00"],"quality":"Less is better","isMain":true,"metricName":"# N's per 100 kbp"}]],["Genome statistics",[{"values":["15.010","14.751"],"quality":"More is better","isMain":true,"metricName":"Genome fraction (%)"},{"values":["1.032","1.056"],"quality":"Less is better","isMain":true,"metricName":"Duplication ratio"},{"values":["607 + 66 part","598 + 73 part"],"quality":"More is better","isMain":true,"metricName":"# genes"},{"values":[52419,52397],"quality":"More is better","isMain":false,"metricName":"Largest alignment"},{"values":[237457,278382],"quality":"More is better","isMain":false,"metricName":"NG50"},{"values":[122207,156215],"quality":"More is better","isMain":false,"metricName":"NG75"},{"values":[7,6],"quality":"Less is better","isMain":false,"metricName":"LG50"},{"values":[14,11],"quality":"Less is better","isMain":false,"metricName":"LG75"}]],["Predicted genes",[]],["Reference statistics",[{"values":[4744448,4744448],"quality":"Equal","isMain":false,"metricName":"Reference length"},{"values":["61.55","61.55"],"quality":"Equal","isMain":false,"metricName":"Reference GC (%)"},{"values":[4284,4284],"quality":"Equal","isMain":false,"metricName":"Reference genes"},{"values":[0,0],"quality":"Equal","isMain":false,"metricName":"Reference operons"}]]],"minContig":500,"assembliesNames":["Abyss","Cabog"]}