{"date":"08 July 2014, Tuesday, 11:11:07","report":[["Statistics without reference",[{"values":[353,341,163,150,210,206,292,283,271,271,249,249,282,253],"quality":"Less is better","isMain":true,"metricName":"# contigs"},{"values":[353,341,163,150,210,206,292,283,271,271,249,249,282,253],"quality":"Less is better","isMain":false,"metricName":"# contigs (>= 500 bp)"},{"values":[312,302,163,150,180,178,258,251,235,235,183,183,251,229],"quality":"Less is better","isMain":false,"metricName":"# contigs (>= 1000 bp)"},{"values":[257581,257581,387299,387299,397830,397830,108597,140984,291831,291831,459337,459337,267159,267159],"quality":"More is better","isMain":true,"metricName":"Largest contig"},{"values":[5801552,5810521,4796994,4797750,5624071,5664568,2788872,2789969,5603986,5603986,5745221,5745221,4966856,4972276],"quality":"More is better","isMain":true,"metricName":"Total length"},{"values":[5801552,5810521,4796994,4797750,5624071,5664568,2788872,2789969,5603986,5603986,5745221,5745221,4966856,4972276],"quality":"More is better","isMain":false,"metricName":"Total length (>= 500 bp)"},{"values":[5774294,5784758,4796994,4797750,5602907,5645338,2765319,2767588,5578447,5578447,5699133,5699133,4944132,4954227],"quality":"More is better","isMain":false,"metricName":"Total length (>= 1000 bp)"},{"values":[47088,48439,79405,80931,97165,103595,22083,22086,58377,58377,94312,94312,44126,46375],"quality":"More is better","isMain":true,"metricName":"N50"},{"values":[20272,20272,31477,31510,34913,34913,8798,8897,22983,22983,37419,37419,20909,23021],"quality":"More is better","isMain":false,"metricName":"N75"},{"values":[37,32,17,16,16,15,36,35,27,27,15,15,33,29],"quality":"Less is better","isMain":false,"metricName":"L50"},{"values":[87,81,43,40,40,39,88,85,67,67,38,38,74,67],"quality":"Less is better","isMain":false,"metricName":"L75"},{"values":["35.20","35.21","34.96","34.97","35.21","35.21","34.30","34.29","35.19","35.19","35.25","35.25","35.48","35.49"],"quality":"Equal","isMain":false,"metricName":"GC (%)"}]],["Misassemblies",[{"values":[6,5,0,0,4,5,0,0,1,1,6,6,0,0],"quality":"Less is better","isMain":true,"metricName":"# misassemblies"},{"values":[6,5,0,0,4,5,0,0,1,1,6,6,0,0],"quality":"Less is better","isMain":false,"metricName":"    # relocations"},{"values":[0,0,0,0,0,0,0,0,0,0,0,0,0,0],"quality":"Less is better","isMain":false,"metricName":"    # translocations"},{"values":[0,0,0,0,0,0,0,0,0,0,0,0,0,0],"quality":"Less is better","isMain":false,"metricName":"    # inversions"},{"values":[5,5,0,0,3,4,0,0,1,1,6,6,0,0],"quality":"Less is better","isMain":false,"metricName":"# misassembled contigs"},{"values":[4592,4676,0,0,3269,4701,0,0,503,503,4780,4780,0,0],"quality":"Less is better","isMain":true,"metricName":"Misassembled contigs length"},{"values":[2,1,0,0,1,1,0,0,1,1,1,1,0,1],"quality":"Less is better","isMain":false,"metricName":"# local misassemblies"}]],["Unaligned",[{"values":[298,288,122,111,152,149,287,278,237,237,177,177,250,222],"quality":"Less is better","isMain":false,"metricName":"# fully unaligned contigs"},{"values":[4114804,3947164,2848290,2704374,2963960,2964515,2762097,2717942,3952482,3952482,2616384,2616384,3773534,3686695],"quality":"Less is better","isMain":false,"metricName":"Fully unaligned length"},{"values":[42,41,41,39,50,49,5,5,31,31,54,54,27,26],"quality":"Less is better","isMain":false,"metricName":"# partially unaligned contigs"},{"values":[9,12,10,11,17,16,0,0,8,8,17,17,4,4],"quality":"Less is better","isMain":false,"metricName":"    # with misassembly"},{"values":[13,12,26,24,20,19,2,2,13,13,28,28,15,15],"quality":"Less is better","isMain":false,"metricName":"    # both parts are significant"},{"values":[1637274,1813032,1908957,2053629,2601854,2641304,23044,68296,1614381,1614381,3057688,3057688,1151206,1243224],"quality":"Less is better","isMain":false,"metricName":"Partially unaligned length"}]],["Mismatches",[{"values":[959,673,611,416,643,651,105,105,816,816,719,721,1027,947],"quality":"Less is better","isMain":false,"metricName":"# mismatches"},{"values":[52,36,55,44,46,51,2,2,31,31,61,61,35,35],"quality":"Less is better","isMain":false,"metricName":"# indels"},{"values":[70,48,58,47,63,68,2,2,35,35,69,69,39,39],"quality":"Less is better","isMain":false,"metricName":"Indels length"},{"values":["3420.48","3224.88","3580.01","3238.61","2872.33","2862.80","2815.77","2815.77","3892.20","3892.20","2299.84","2306.24","3487.03","3401.58"],"quality":"Less is better","isMain":true,"metricName":"# mismatches per 100 kbp"},{"values":["185.47","172.50","322.26","342.55","205.49","224.27","53.63","53.63","147.87","147.87","195.12","195.12","118.84","125.72"],"quality":"Less is better","isMain":true,"metricName":"# indels per 100 kbp"},{"values":[51,35,55,44,45,50,2,2,31,31,61,61,35,35],"quality":"Less is better","isMain":false,"metricName":"    # short indels (<= 5 bp)"},{"values":[1,1,0,0,1,1,0,0,0,0,0,0,0,0],"quality":"Less is better","isMain":false,"metricName":"    # long indels (> 5 bp)"},{"values":[0,1950,0,280,0,38161,0,300,28,28,920,920,0,1885],"quality":"Less is better","isMain":false,"metricName":"# N's"},{"values":["0.00","33.56","0.00","5.84","0.00","673.68","0.00","10.75","0.50","0.50","16.01","16.01","0.00","37.91"],"quality":"Less is better","isMain":true,"metricName":"# N's per 100 kbp"}]],["Genome statistics",[{"values":["0.801","0.822","0.588","0.588","0.897","0.903","0.069","0.069","0.658","0.658","1.053","1.053","0.759","0.758"],"quality":"More is better","isMain":true,"metricName":"Genome fraction (%)"},{"values":["1.143","1.133","1.244","1.244","1.198","1.200","1.001","1.001","1.039","1.039","1.246","1.246","1.022","1.029"],"quality":"Less is better","isMain":true,"metricName":"Duplication ratio"},{"values":["100 + 11 part","102 + 12 part","59 + 14 part","59 + 14 part","112 + 23 part","116 + 23 part","3 + 1 part","3 + 1 part","49 + 4 part","49 + 4 part","95 + 24 part","95 + 24 part","46 + 7 part","46 + 7 part"],"quality":"More is better","isMain":true,"metricName":"# genes"},{"values":[9186,9186,5194,5194,9186,9186,2675,2675,9186,9186,9186,9186,9186,9186],"quality":"More is better","isMain":false,"metricName":"Largest alignment"},{"values":[48622,51322,61625,69448,103595,119395,1820,1863,60330,60330,97380,97380,38930,41387],"quality":"More is better","isMain":false,"metricName":"NG50"},{"values":[22430,22540,18467,19655,40080,41946,null,null,25203,25203,48782,48782,14779,16023],"quality":"More is better","isMain":false,"metricName":"NG75"},{"values":[33,28,22,21,15,14,223,215,26,26,14,14,39,34],"quality":"Less is better","isMain":false,"metricName":"LG50"},{"values":[74,67,63,59,36,34,null,null,61,61,33,33,94,85],"quality":"Less is better","isMain":false,"metricName":"LG75"}]],["Predicted genes",[]],["Reference statistics",[{"values":[5432652,5432652,5432652,5432652,5432652,5432652,5432652,5432652,5432652,5432652,5432652,5432652,5432652,5432652],"quality":"Equal","isMain":false,"metricName":"Reference length"},{"values":["35.50","35.50","35.50","35.50","35.50","35.50","35.50","35.50","35.50","35.50","35.50","35.50","35.50","35.50"],"quality":"Equal","isMain":false,"metricName":"Reference GC (%)"},{"values":[6014,6014,6014,6014,6014,6014,6014,6014,6014,6014,6014,6014,6014,6014],"quality":"Equal","isMain":false,"metricName":"Reference genes"},{"values":[0,0,0,0,0,0,0,0,0,0,0,0,0,0],"quality":"Equal","isMain":false,"metricName":"Reference operons"}]]],"minContig":500,"assembliesNames":["BC-H-Abyss-Scaffold broken","BC-H-Abyss-Scaffold","BC-H-Cabog-Scaffold broken","BC-H-Cabog-Scaffold","BC-H-Msrca-Scaffold broken","BC-H-Msrca-Scaffold","BC-H-Sga-Scaffold broken","BC-H-Sga-Scaffold","BC-H-Soap-Scaffold broken","BC-H-Soap-Scaffold","BC-H-Spades-Scaffold broken","BC-H-Spades-Scaffold","BC-H-Velvet-Scaffold broken","BC-H-Velvet-Scaffold"]}