{"date":"21 May 2014, Wednesday, 21:54:08","report":[["Statistics without reference",[{"values":[30],"quality":"Less is better","isMain":true,"metricName":"# contigs"},{"values":[78],"quality":"Less is better","isMain":false,"metricName":"# contigs (>= 0 bp)"},{"values":[28],"quality":"Less is better","isMain":false,"metricName":"# contigs (>= 1000 bp)"},{"values":[803895],"quality":"More is better","isMain":true,"metricName":"Largest contig"},{"values":[4888113],"quality":"More is better","isMain":true,"metricName":"Total length"},{"values":[4896755],"quality":"More is better","isMain":false,"metricName":"Total length (>= 0 bp)"},{"values":[4886186],"quality":"More is better","isMain":false,"metricName":"Total length (>= 1000 bp)"},{"values":[301388],"quality":"More is better","isMain":true,"metricName":"N50"},{"values":[229873],"quality":"More is better","isMain":false,"metricName":"N75"},{"values":[5],"quality":"Less is better","isMain":false,"metricName":"L50"},{"values":[9],"quality":"Less is better","isMain":false,"metricName":"L75"},{"values":["61.61"],"quality":"Equal","isMain":false,"metricName":"GC (%)"}]],["Misassemblies",[]],["Unaligned",[{"values":[30],"quality":"Less is better","isMain":false,"metricName":"# fully unaligned contigs"},{"values":[4888113],"quality":"Less is better","isMain":false,"metricName":"Fully unaligned length"}]],["Mismatches",[{"values":[1128],"quality":"Less is better","isMain":false,"metricName":"# N's"},{"values":["23.08"],"quality":"Less is better","isMain":true,"metricName":"# N's per 100 kbp"}]],["Genome statistics",[{"values":[301388],"quality":"More is better","isMain":false,"metricName":"NG50"},{"values":[189620],"quality":"More is better","isMain":false,"metricName":"NG75"},{"values":[5],"quality":"Less is better","isMain":false,"metricName":"LG50"},{"values":[10],"quality":"Less is better","isMain":false,"metricName":"LG75"}]],["Predicted genes",[]],["Reference statistics",[{"values":[5090491],"quality":"Equal","isMain":false,"metricName":"Reference length"},{"values":["64.15"],"quality":"Equal","isMain":false,"metricName":"Reference GC (%)"}]]],"minContig":500,"assembliesNames":["velvet"]}