{"date":"21 May 2014, Wednesday, 21:42:02","report":[["Statistics without reference",[{"values":[30],"quality":"Less is better","isMain":true,"metricName":"# contigs"},{"values":[78],"quality":"Less is better","isMain":false,"metricName":"# contigs (>= 0 bp)"},{"values":[28],"quality":"Less is better","isMain":false,"metricName":"# contigs (>= 1000 bp)"},{"values":[803895],"quality":"More is better","isMain":true,"metricName":"Largest contig"},{"values":[4888113],"quality":"More is better","isMain":true,"metricName":"Total length"},{"values":[4896755],"quality":"More is better","isMain":false,"metricName":"Total length (>= 0 bp)"},{"values":[4886186],"quality":"More is better","isMain":false,"metricName":"Total length (>= 1000 bp)"},{"values":[301388],"quality":"More is better","isMain":true,"metricName":"N50"},{"values":[229873],"quality":"More is better","isMain":false,"metricName":"N75"},{"values":[5],"quality":"Less is better","isMain":false,"metricName":"L50"},{"values":[9],"quality":"Less is better","isMain":false,"metricName":"L75"},{"values":["61.61"],"quality":"Equal","isMain":false,"metricName":"GC (%)"}]],["Misassemblies",[]],["Unaligned",[]],["Mismatches",[{"values":[1128],"quality":"Less is better","isMain":false,"metricName":"# N's"},{"values":["23.08"],"quality":"Less is better","isMain":true,"metricName":"# N's per 100 kbp"}]],["Genome statistics",[]],["Predicted genes",[]],["Reference statistics",[]]],"minContig":500,"assembliesNames":["ah.velvet"]}