All statistics are based on contigs of size >= 500 bp, unless otherwise noted (e.g., "# contigs (>= 0 bp)" and "Total length (>= 0 bp)" include all contigs).

Assembly	549_dataset_488.dat	527_B_cereus_ATCC_1098	527_B_fragilis_638R
# contigs (>= 0 bp)	103	617	617
# contigs (>= 1000 bp)	51	82	82
Total length (>= 0 bp)	4895627	5431491	5431491
Total length (>= 1000 bp)	4884654	5376981	5376981
# contigs	53	87	87
Total length	4886581	5380960	5380960
Largest contig	526254	430487	430487
Reference length	-	5432652	5373121
GC (%)	61.61	35.30	35.30
Reference GC (%)	-	35.50	43.42
N50	180361	130570	130570
NG50	-	130570	130570
N75	93861	69698	69698
NG75	-	65667	69698
L50	9	12	12
LG50	-	12	12
L75	18	26	26
LG75	-	27	26
# misassemblies	-	2	-
Misassembled contigs length	-	52909	-
# local misassemblies	-	25	-
# unaligned contigs	-	0 + 1 part	87 + 0 part
Unaligned contigs length	-	2338	5380960
Genome fraction (%)	-	98.451	-
Duplication ratio	-	1.010	-
# N's per 100 kbp	0.00	102.42	102.42
# mismatches per 100 kbp	-	6.56	-
# indels per 100 kbp	-	8.00	-
# genes	-	5813 + 73 part	-
Largest alignment	-	430487	-
NA50	-	130570	-
NGA50	-	130570	-
NA75	-	69698	-
NGA75	-	65667	-
LA50	-	12	-
LGA50	-	12	-
LA75	-	26	-
LGA75	-	27	-
