{"date":"04 May 2014, Sunday, 18:54:04","report":[["Statistics without reference",[{"values":[94,37],"quality":"Less is better","isMain":true,"metricName":"# contigs"},{"values":[113,37],"quality":"Less is better","isMain":false,"metricName":"# contigs (>= 0 bp)"},{"values":[81,37],"quality":"Less is better","isMain":false,"metricName":"# contigs (>= 1000 bp)"},{"values":[710684,712801],"quality":"More is better","isMain":true,"metricName":"Largest contig"},{"values":[5004541,5010956],"quality":"More is better","isMain":true,"metricName":"Total length"},{"values":[5009370,5010956],"quality":"More is better","isMain":false,"metricName":"Total length (>= 0 bp)"},{"values":[4994206,5010956],"quality":"More is better","isMain":false,"metricName":"Total length (>= 1000 bp)"},{"values":[278382,278382],"quality":"More is better","isMain":true,"metricName":"N50"},{"values":[133236,189722],"quality":"More is better","isMain":false,"metricName":"N75"},{"values":[6,6],"quality":"Less is better","isMain":false,"metricName":"L50"},{"values":[12,11],"quality":"Less is better","isMain":false,"metricName":"L75"},{"values":["61.60","61.60"],"quality":"Equal","isMain":false,"metricName":"GC (%)"}]],["Misassemblies",[]],["Unaligned",[{"values":[94,37],"quality":"Less is better","isMain":false,"metricName":"# fully unaligned contigs"},{"values":[5004541,5010956],"quality":"Less is better","isMain":false,"metricName":"Fully unaligned length"}]],["Mismatches",[{"values":[0,1586],"quality":"Less is better","isMain":false,"metricName":"# N's"},{"values":["0.00","31.65"],"quality":"Less is better","isMain":true,"metricName":"# N's per 100 kbp"}]],["Genome statistics",[{"values":[710684,712801],"quality":"More is better","isMain":false,"metricName":"NG50"},{"values":[710684,712801],"quality":"More is better","isMain":false,"metricName":"NG75"},{"values":[1,1],"quality":"Less is better","isMain":false,"metricName":"LG50"},{"values":[1,1],"quality":"Less is better","isMain":false,"metricName":"LG75"}]],["Predicted genes",[]],["Reference statistics",[{"values":[208369,208369],"quality":"Equal","isMain":false,"metricName":"Reference length"},{"values":["33.44","33.44"],"quality":"Equal","isMain":false,"metricName":"Reference GC (%)"}]]],"minContig":500,"assembliesNames":["cabog broken","cabog"]}