{"date": "21 May 2014, Wednesday, 22:15:44", "report": [["Statistics without reference", [{"quality": "Less is better", "metricName": "# contigs", "values": [54, 54], "isMain": true}, {"quality": "Less is better", "metricName": "# contigs (>= 0 bp)", "values": [174, 174], "isMain": false}, {"quality": "Less is better", "metricName": "# contigs (>= 1000 bp)", "values": [52, 52], "isMain": false}, {"quality": "More is better", "metricName": "Largest contig", "values": [654090, 654090], "isMain": true}, {"quality": "More is better", "metricName": "Total length", "values": [4969260, 4969260], "isMain": true}, {"quality": "More is better", "metricName": "Total length (>= 0 bp)", "values": [4985428, 4985428], "isMain": false}, {"quality": "More is better", "metricName": "Total length (>= 1000 bp)", "values": [4967717, 4967717], "isMain": false}, {"quality": "More is better", "metricName": "N50", "values": [237457, 237457], "isMain": true}, {"quality": "More is better", "metricName": "N75", "values": [121603, 121603], "isMain": false}, {"quality": "Less is better", "metricName": "L50", "values": [7, 7], "isMain": false}, {"quality": "Less is better", "metricName": "L75", "values": [15, 15], "isMain": false}, {"quality": "Equal", "metricName": "GC (%)", "values": ["61.53", "61.53"], "isMain": false}]], ["Misassemblies", []], ["Unaligned", []], ["Mismatches", [{"quality": "Less is better", "metricName": "# N's", "values": [91, 91], "isMain": false}, {"quality": "Less is better", "metricName": "# N's per 100 kbp", "values": ["1.83", "1.83"], "isMain": true}]], ["Genome statistics", []], ["Predicted genes", []], ["Reference statistics", []]], "minContig": 500, "assembliesNames": ["1_dataset_480.dat", "2_dataset_480.dat"]}