{"date":"02 May 2014, Friday, 19:36:38","report":[["Statistics without reference",[{"values":[519,518,534,320,106,101,481,481,610,555,129,129,586,283],"quality":"Less is better","isMain":true,"metricName":"# contigs"},{"values":[1552,1513,539,320,130,125,662,662,7293,7229,299,299,798,435],"quality":"Less is better","isMain":false,"metricName":"# contigs (>= 0 bp)"},{"values":[462,459,531,320,89,84,452,452,516,472,104,104,513,251],"quality":"Less is better","isMain":false,"metricName":"# contigs (>= 1000 bp)"},{"values":[66408,66408,41321,132060,358962,358962,75323,75323,57198,57198,511523,511523,59062,119965],"quality":"More is better","isMain":true,"metricName":"Largest contig"},{"values":[4543250,4552480,4214745,4220437,4479673,4479773,3974213,3974213,4451316,4455778,4630435,4630435,4475470,4535262],"quality":"More is better","isMain":true,"metricName":"Total length"},{"values":[4633217,4635249,4216057,4220437,4489204,4489304,4023509,4023509,5220403,5222286,4668602,4668602,4525236,4566780],"quality":"More is better","isMain":false,"metricName":"Total length (>= 0 bp)"},{"values":[4502020,4509636,4212622,4220437,4468382,4468482,3953373,3953373,4380734,4393539,4611740,4611740,4422515,4511166],"quality":"More is better","isMain":false,"metricName":"Total length (>= 1000 bp)"},{"values":[13523,13523,12421,23585,176783,196511,13674,13674,14527,15950,127911,127911,13807,36086],"quality":"More is better","isMain":true,"metricName":"N50"},{"values":[8668,8674,7179,12169,102004,102004,7216,7216,7063,8188,73118,73118,7500,19195],"quality":"More is better","isMain":false,"metricName":"N75"},{"values":[98,97,111,57,10,9,89,89,97,90,10,10,98,39],"quality":"Less is better","isMain":false,"metricName":"L50"},{"values":[204,204,222,117,18,17,185,185,207,187,22,22,207,83],"quality":"Less is better","isMain":false,"metricName":"L75"},{"values":["68.72","68.73","68.94","68.95","68.87","68.87","68.93","68.93","68.88","68.88","68.83","68.83","68.76","68.78"],"quality":"Equal","isMain":false,"metricName":"GC (%)"}]],["Misassemblies",[{"values":[8,27,4,6,4,5,1,1,3,3,8,8,3,16],"quality":"Less is better","isMain":true,"metricName":"# misassemblies"},{"values":[2,11,1,3,2,3,0,0,2,2,4,4,2,7],"quality":"Less is better","isMain":false,"metricName":"    # relocations"},{"values":[6,16,3,3,2,2,1,1,1,1,4,4,1,9],"quality":"Less is better","isMain":false,"metricName":"    # translocations"},{"values":[0,0,0,0,0,0,0,0,0,0,0,0,0,0],"quality":"Less is better","isMain":false,"metricName":"    # inversions"},{"values":[6,22,4,5,4,4,1,1,2,2,6,6,2,11],"quality":"Less is better","isMain":false,"metricName":"# misassembled contigs"},{"values":[82256,136091,37614,110666,35324,36508,8334,8334,13073,13073,188233,188233,23057,59273],"quality":"Less is better","isMain":true,"metricName":"Misassembled contigs length"},{"values":[1,12,3,33,4,6,1,1,99,125,8,8,4,338],"quality":"Less is better","isMain":false,"metricName":"# local misassemblies"}]],["Unaligned",[{"values":[1,0,0,0,0,0,0,0,7,7,0,0,0,0],"quality":"Less is better","isMain":false,"metricName":"# fully unaligned contigs"},{"values":[634,0,0,0,0,0,0,0,6468,6468,0,0,0,0],"quality":"Less is better","isMain":false,"metricName":"Fully unaligned length"},{"values":[1,1,10,4,1,1,1,1,3,2,2,2,4,1],"quality":"Less is better","isMain":false,"metricName":"# partially unaligned contigs"},{"values":[0,0,0,0,0,0,0,0,0,0,0,0,0,0],"quality":"Less is better","isMain":false,"metricName":"    # with misassembly"},{"values":[0,0,0,0,0,0,0,0,0,0,0,0,0,0],"quality":"Less is better","isMain":false,"metricName":"    # both parts are significant"},{"values":[27,27,360,146,29,29,54,54,48,32,103,103,179,43],"quality":"Less is better","isMain":false,"metricName":"Partially unaligned length"}]],["Mismatches",[{"values":[379,410,839,906,3225,3218,44,44,1073,1086,268,280,426,454],"quality":"Less is better","isMain":false,"metricName":"# mismatches"},{"values":[40,52,72,1751,53,98,9,9,1182,2074,87,87,14,57],"quality":"Less is better","isMain":false,"metricName":"# indels"},{"values":[79,91,190,4001,168,264,10,10,2883,4321,459,459,56,217],"quality":"Less is better","isMain":false,"metricName":"Indels length"},{"values":["8.42","9.09","20.07","21.65","72.21","72.05","1.11","1.11","24.20","24.47","5.86","6.13","9.52","10.11"],"quality":"Less is better","isMain":true,"metricName":"# mismatches per 100 kbp"},{"values":["0.89","1.15","1.72","41.85","1.19","2.19","0.23","0.23","26.65","46.74","1.90","1.90","0.31","1.27"],"quality":"Less is better","isMain":true,"metricName":"# indels per 100 kbp"},{"values":[39,51,65,1641,47,91,9,9,1126,2002,73,73,12,50],"quality":"Less is better","isMain":false,"metricName":"    # short indels (<= 5 bp)"},{"values":[1,1,7,110,6,7,0,0,56,72,14,14,2,7],"quality":"Less is better","isMain":false,"metricName":"    # long indels (> 5 bp)"},{"values":[8,1690,0,4380,0,100,0,0,261,2144,694,694,0,41544],"quality":"Less is better","isMain":false,"metricName":"# N's"},{"values":["0.18","37.12","0.00","103.78","0.00","2.23","0.00","0.00","5.86","48.12","14.99","14.99","0.00","916.02"],"quality":"Less is better","isMain":true,"metricName":"# N's per 100 kbp"}]],["Genome statistics",[{"values":["97.846","98.013","90.818","90.894","97.028","97.028","86.226","86.226","96.343","96.402","99.313","99.313","97.182","97.594"],"quality":"More is better","isMain":true,"metricName":"Genome fraction (%)"},{"values":["1.010","1.011","1.013","1.064","1.004","1.004","1.001","1.001","1.005","1.007","1.022","1.022","1.001","1.010"],"quality":"Less is better","isMain":true,"metricName":"Duplication ratio"},{"values":["4032 + 358 part","4033 + 369 part","3619 + 514 part","3793 + 341 part","4297 + 59 part","4298 + 58 part","3511 + 513 part","3511 + 513 part","3784 + 620 part","3812 + 593 part","4374 + 79 part","4374 + 79 part","3904 + 516 part","3913 + 518 part"],"quality":"More is better","isMain":true,"metricName":"# genes"},{"values":[66408,66408,41321,132060,358962,358962,75323,75323,57186,57186,511523,511523,59056,119041],"quality":"More is better","isMain":false,"metricName":"Largest alignment"},{"values":[13460,13460,11358,21196,176783,196511,11833,11833,13945,15520,127911,127911,13087,34182],"quality":"More is better","isMain":false,"metricName":"NG50"},{"values":[8441,8502,5447,9843,69776,76502,4750,4750,6651,7371,74016,74016,6852,18000],"quality":"More is better","isMain":false,"metricName":"NG75"},{"values":[13523,13475,12360,23406,176783,196511,13674,13674,14224,15950,127911,127911,13807,33823],"quality":"More is better","isMain":false,"metricName":"NA50"},{"values":[8662,8674,7179,12157,102004,102004,7216,7216,7027,7924,68531,68531,7500,17995],"quality":"More is better","isMain":false,"metricName":"NA75"},{"values":[13460,13460,11217,20580,176783,196511,11793,11793,13945,15517,127911,127911,13087,33086],"quality":"More is better","isMain":true,"metricName":"NGA50"},{"values":[8354,8441,5447,9626,69769,76502,4750,4750,6651,7370,73118,73118,6851,17575],"quality":"More is better","isMain":false,"metricName":"NGA75"},{"values":[100,99,127,65,10,9,114,114,103,94,10,10,103,40],"quality":"Less is better","isMain":false,"metricName":"LG50"},{"values":[209,208,269,143,20,18,264,264,224,202,21,21,220,86],"quality":"Less is better","isMain":false,"metricName":"LG75"},{"values":[98,98,112,58,10,9,89,89,98,90,10,10,98,40],"quality":"Less is better","isMain":false,"metricName":"LA50"},{"values":[205,204,223,119,18,17,185,185,208,188,22,22,207,85],"quality":"Less is better","isMain":false,"metricName":"LA75"},{"values":[100,99,128,67,10,9,114,114,103,94,10,10,103,41],"quality":"Less is better","isMain":false,"metricName":"LGA50"},{"values":[210,209,270,146,20,18,264,264,224,202,21,21,221,87],"quality":"Less is better","isMain":false,"metricName":"LGA75"}]],["Predicted genes",[]],["Reference statistics",[{"values":[4602977,4602977,4602977,4602977,4602977,4602977,4602977,4602977,4602977,4602977,4602977,4602977,4602977,4602977],"quality":"Equal","isMain":false,"metricName":"Reference length"},{"values":["68.79","68.79","68.79","68.79","68.79","68.79","68.79","68.79","68.79","68.79","68.79","68.79","68.79","68.79"],"quality":"Equal","isMain":false,"metricName":"Reference GC (%)"},{"values":[4474,4474,4474,4474,4474,4474,4474,4474,4474,4474,4474,4474,4474,4474],"quality":"Equal","isMain":false,"metricName":"Reference genes"},{"values":[0,0,0,0,0,0,0,0,0,0,0,0,0,0],"quality":"Equal","isMain":false,"metricName":"Reference operons"}]]],"minContig":500,"assembliesNames":["RS-H-Abyss-Scaffold broken","RS-H-Abyss-Scaffold","RS-H-Cabog-Scaffold broken","RS-H-Cabog-Scaffold","RS-H-Msrca-Scaffold broken","RS-H-Msrca-Scaffold","RS-H-Sga-Scaffold broken","RS-H-Sga-Scaffold","RS-H-Soap-Scaffold broken","RS-H-Soap-Scaffold","RS-H-Spades-Scaffold broken","RS-H-Spades-Scaffold","RS-H-Velvet-Scaffold broken","RS-H-Velvet-Scaffold"]}