{"date":"17 June 2014, Tuesday, 03:05:27","report":[["Statistics without reference",[{"values":[138,133,133],"quality":"Less is better","isMain":true,"metricName":"# contigs"},{"values":[138,133,133],"quality":"Less is better","isMain":false,"metricName":"# contigs (>= 500 bp)"},{"values":[113,108,108],"quality":"Less is better","isMain":false,"metricName":"# contigs (>= 1000 bp)"},{"values":[246346,246346,246346],"quality":"More is better","isMain":true,"metricName":"Largest contig"},{"values":[3945576,3892321,3892321],"quality":"More is better","isMain":true,"metricName":"Total length"},{"values":[3945576,3892321,3892321],"quality":"More is better","isMain":false,"metricName":"Total length (>= 500 bp)"},{"values":[3928680,3875057,3875057],"quality":"More is better","isMain":false,"metricName":"Total length (>= 1000 bp)"},{"values":[109996,105176,105176],"quality":"More is better","isMain":true,"metricName":"N50"},{"values":[47047,43442,43442],"quality":"More is better","isMain":false,"metricName":"N75"},{"values":[11,12,12],"quality":"Less is better","isMain":false,"metricName":"L50"},{"values":[25,26,26],"quality":"Less is better","isMain":false,"metricName":"L75"},{"values":["47.51","47.69","47.69"],"quality":"Equal","isMain":false,"metricName":"GC (%)"}]],["Misassemblies",[{"values":[22,6,6],"quality":"Less is better","isMain":true,"metricName":"# misassemblies"},{"values":[20,6,6],"quality":"Less is better","isMain":false,"metricName":"    # relocations"},{"values":[2,0,0],"quality":"Less is better","isMain":false,"metricName":"    # translocations"},{"values":[0,0,0],"quality":"Less is better","isMain":false,"metricName":"    # inversions"},{"values":[17,6,6],"quality":"Less is better","isMain":false,"metricName":"# misassembled contigs"},{"values":[1210318,45660,45660],"quality":"Less is better","isMain":true,"metricName":"Misassembled contigs length"},{"values":[13,6,6],"quality":"Less is better","isMain":false,"metricName":"# local misassemblies"}]],["Unaligned",[{"values":[1,1,1],"quality":"Less is better","isMain":false,"metricName":"# fully unaligned contigs"},{"values":[5482,5482,5482],"quality":"Less is better","isMain":false,"metricName":"Fully unaligned length"},{"values":[3,2,2],"quality":"Less is better","isMain":false,"metricName":"# partially unaligned contigs"},{"values":[1,1,1],"quality":"Less is better","isMain":false,"metricName":"    # with misassembly"},{"values":[0,0,0],"quality":"Less is better","isMain":false,"metricName":"    # both parts are significant"},{"values":[842,815,815],"quality":"Less is better","isMain":false,"metricName":"Partially unaligned length"}]],["Mismatches",[{"values":[156,168,168],"quality":"Less is better","isMain":false,"metricName":"# mismatches"},{"values":[192,103,103],"quality":"Less is better","isMain":false,"metricName":"# indels"},{"values":[352,145,145],"quality":"Less is better","isMain":false,"metricName":"Indels length"},{"values":["3.96","4.33","4.33"],"quality":"Less is better","isMain":true,"metricName":"# mismatches per 100 kbp"},{"values":["4.88","2.65","2.65"],"quality":"Less is better","isMain":true,"metricName":"# indels per 100 kbp"},{"values":[183,98,98],"quality":"Less is better","isMain":false,"metricName":"    # short indels (<= 5 bp)"},{"values":[9,5,5],"quality":"Less is better","isMain":false,"metricName":"    # long indels (> 5 bp)"},{"values":[220,50,50],"quality":"Less is better","isMain":false,"metricName":"# N's"},{"values":["5.58","1.28","1.28"],"quality":"Less is better","isMain":true,"metricName":"# N's per 100 kbp"}]],["Genome statistics",[{"values":["97.598","96.242","96.242"],"quality":"More is better","isMain":true,"metricName":"Genome fraction (%)"},{"values":["1.007","1.007","1.007"],"quality":"Less is better","isMain":true,"metricName":"Duplication ratio"},{"values":["3492 + 78 part","3459 + 71 part","3459 + 71 part"],"quality":"More is better","isMain":true,"metricName":"# genes"},{"values":[246346,246346,246346],"quality":"More is better","isMain":false,"metricName":"Largest alignment"},{"values":[109996,105176,105176],"quality":"More is better","isMain":false,"metricName":"NG50"},{"values":[46531,39408,39408],"quality":"More is better","isMain":false,"metricName":"NG75"},{"values":[75901,105176,105176],"quality":"More is better","isMain":false,"metricName":"NA50"},{"values":[43122,43442,43442],"quality":"More is better","isMain":false,"metricName":"NA75"},{"values":[67096,105176,105176],"quality":"More is better","isMain":true,"metricName":"NGA50"},{"values":[40333,39408,39408],"quality":"More is better","isMain":false,"metricName":"NGA75"},{"values":[11,12,12],"quality":"Less is better","isMain":false,"metricName":"LG50"},{"values":[26,28,28],"quality":"Less is better","isMain":false,"metricName":"LG75"},{"values":[13,12,12],"quality":"Less is better","isMain":false,"metricName":"LA50"},{"values":[32,26,26],"quality":"Less is better","isMain":false,"metricName":"LA75"},{"values":[14,12,12],"quality":"Less is better","isMain":false,"metricName":"LGA50"},{"values":[33,28,28],"quality":"Less is better","isMain":false,"metricName":"LGA75"}]],["Predicted genes",[]],["Reference statistics",[{"values":[4033464,4033464,4033464],"quality":"Equal","isMain":false,"metricName":"Reference length"},{"values":["47.49","47.49","47.49"],"quality":"Equal","isMain":false,"metricName":"Reference GC (%)"},{"values":[3693,3693,3693],"quality":"Equal","isMain":false,"metricName":"Reference genes"},{"values":[0,0,0],"quality":"Equal","isMain":false,"metricName":"Reference operons"}]]],"minContig":500,"assembliesNames":["GAGE-B-Miseq","Velvet_1.2.08-Miseq","Velvet_1.2.10-Miseq"]}