{"date": "06 May 2014, Tuesday, 14:32:31", "report": [["Statistics without reference", [{"quality": "Less is better", "metricName": "# contigs", "values": [47, 47], "isMain": true}, {"quality": "Less is better", "metricName": "# contigs (>= 0 bp)", "values": [339, 339], "isMain": false}, {"quality": "Less is better", "metricName": "# contigs (>= 1000 bp)", "values": [38, 38], "isMain": false}, {"quality": "More is better", "metricName": "Largest contig", "values": [592124, 592124], "isMain": true}, {"quality": "More is better", "metricName": "Total length", "values": [4929385, 4929385], "isMain": true}, {"quality": "More is better", "metricName": "Total length (>= 0 bp)", "values": [5011698, 5011698], "isMain": false}, {"quality": "More is better", "metricName": "Total length (>= 1000 bp)", "values": [4923079, 4923079], "isMain": false}, {"quality": "More is better", "metricName": "N50", "values": [379681, 379681], "isMain": true}, {"quality": "More is better", "metricName": "N75", "values": [129901, 129901], "isMain": false}, {"quality": "Less is better", "metricName": "L50", "values": [5, 5], "isMain": false}, {"quality": "Less is better", "metricName": "L75", "values": [12, 12], "isMain": false}, {"quality": "Equal", "metricName": "GC (%)", "values": ["61.54", "61.54"], "isMain": false}]], ["Misassemblies", [{"quality": "Less is better", "metricName": "# misassemblies", "values": [1, ""], "isMain": true}, {"quality": "Less is better", "metricName": "    # relocations", "values": [1, ""], "isMain": false}, {"quality": "Less is better", "metricName": "    # translocations", "values": [0, ""], "isMain": false}, {"quality": "Less is better", "metricName": "    # inversions", "values": [0, ""], "isMain": false}, {"quality": "Less is better", "metricName": "# misassembled contigs", "values": [1, ""], "isMain": false}, {"quality": "Less is better", "metricName": "Misassembled contigs length", "values": [579, ""], "isMain": true}, {"quality": "Less is better", "metricName": "# local misassemblies", "values": [0, ""], "isMain": false}]], ["Unaligned", [{"quality": "Less is better", "metricName": "# fully unaligned contigs", "values": [13, 47], "isMain": false}, {"quality": "Less is better", "metricName": "Fully unaligned length", "values": [46999, 4929385], "isMain": false}, {"quality": "Less is better", "metricName": "# partially unaligned contigs", "values": [26, ""], "isMain": false}, {"quality": "Less is better", "metricName": "    # with misassembly", "values": [20, ""], "isMain": false}, {"quality": "Less is better", "metricName": "    # both parts are significant", "values": [25, ""], "isMain": false}, {"quality": "Less is better", "metricName": "Partially unaligned length", "values": [4145432, ""], "isMain": false}]], ["Mismatches", [{"quality": "Less is better", "metricName": "# mismatches", "values": [2011, ""], "isMain": false}, {"quality": "Less is better", "metricName": "# indels", "values": [75, ""], "isMain": false}, {"quality": "Less is better", "metricName": "Indels length", "values": [107, ""], "isMain": false}, {"quality": "Less is better", "metricName": "# mismatches per 100 kbp", "values": ["3611.13", ""], "isMain": true}, {"quality": "Less is better", "metricName": "# indels per 100 kbp", "values": ["134.68", ""], "isMain": true}, {"quality": "Less is better", "metricName": "    # short indels (<= 5 bp)", "values": [73, ""], "isMain": false}, {"quality": "Less is better", "metricName": "    # long indels (> 5 bp)", "values": [2, ""], "isMain": false}, {"quality": "Less is better", "metricName": "# N's", "values": [63, 63], "isMain": false}, {"quality": "Less is better", "metricName": "# N's per 100 kbp", "values": ["1.28", "1.28"], "isMain": true}]], ["Genome statistics", [{"quality": "More is better", "metricName": "Genome fraction (%)", "values": ["15.166", ""], "isMain": true}, {"quality": "Less is better", "metricName": "Duplication ratio", "values": ["1.024", ""], "isMain": true}, {"quality": "More is better", "metricName": "# genes", "values": ["617 + 62 part", ""], "isMain": true}, {"quality": "More is better", "metricName": "Largest alignment", "values": [52419, ""], "isMain": false}, {"quality": "More is better", "metricName": "NG50", "values": [379681, 237931], "isMain": false}, {"quality": "More is better", "metricName": "NG75", "values": [137987, 118529], "isMain": false}, {"quality": "Less is better", "metricName": "LG50", "values": [5, 6], "isMain": false}, {"quality": "Less is better", "metricName": "LG75", "values": [11, 15], "isMain": false}]], ["Predicted genes", []], ["Reference statistics", [{"quality": "Equal", "metricName": "Reference length", "values": [4744448, 5432652], "isMain": false}, {"quality": "Equal", "metricName": "Reference GC (%)", "values": ["61.55", "35.50"], "isMain": false}, {"quality": "Equal", "metricName": "Reference genes", "values": [4284, ""], "isMain": false}, {"quality": "Equal", "metricName": "Reference operons", "values": [0, ""], "isMain": false}]]], "minContig": 500, "assembliesNames": ["A_hydrophila_ATCC_7966", "B_cereus_ATCC_1098"]}