{"ref_genes_number": 0, "genes_in_contigs": {"A_hydrophila_ATCC_7966": [80, 64, 45, 26, 22, 22, 52, 15, 25, 10, 5, 7, 63, 33, 35, 23, 0, 1, 5, 15, 0, 0, 5, 4, 8, 0, 0, 0, 0, 0, 1, 0, 14, 11, 0, 0, 0, 4, 0, 0, 0, 0, 0, 0, 0, 0, 0, 0, 0, 1, 1, 0, 0, 0, 0, 0, 0, 0, 0, 0, 0, 1, 0, 0, 0, 0, 0, 0, 0, 0, 0, 0, 0, 0, 0, 0, 0, 0, 0, 0, 0, 0, 0, 0, 0, 0, 0, 0, 0, 0, 0, 0, 0, 0], "B_cereus_ATCC_1098": [], "B_cereus_ATCC_1098 broken": [], "A_hydrophila_ATCC_7966 broken": [81, 64, 45, 26, 22, 22, 52, 63, 15, 25, 10, 5, 7, 33, 35, 23, 4, 0, 1, 5, 15, 0, 5, 8, 0, 0, 0, 0, 1, 0, 14, 11, 0, 0, 0, 0, 0]}, "filenames": ["A_hydrophila_ATCC_7966 broken", "A_hydrophila_ATCC_7966", "B_cereus_ATCC_1098 broken", "B_cereus_ATCC_1098"]}