{"date": "04 May 2014, Sunday, 16:54:43", "report": [["Statistics without reference", [{"quality": "Less is better", "metricName": "# contigs", "values": [94, 37, 94, 37], "isMain": true}, {"quality": "Less is better", "metricName": "# contigs (>= 0 bp)", "values": [113, 37, 113, 37], "isMain": false}, {"quality": "Less is better", "metricName": "# contigs (>= 1000 bp)", "values": [81, 37, 81, 37], "isMain": false}, {"quality": "More is better", "metricName": "Largest contig", "values": [710684, 712801, 710684, 712801], "isMain": true}, {"quality": "More is better", "metricName": "Total length", "values": [5004541, 5010956, 5004541, 5010956], "isMain": true}, {"quality": "More is better", "metricName": "Total length (>= 0 bp)", "values": [5009370, 5010956, 5009370, 5010956], "isMain": false}, {"quality": "More is better", "metricName": "Total length (>= 1000 bp)", "values": [4994206, 5010956, 4994206, 5010956], "isMain": false}, {"quality": "More is better", "metricName": "N50", "values": [278382, 278382, 278382, 278382], "isMain": true}, {"quality": "More is better", "metricName": "N75", "values": [133236, 189722, 133236, 189722], "isMain": false}, {"quality": "Less is better", "metricName": "L50", "values": [6, 6, 6, 6], "isMain": false}, {"quality": "Less is better", "metricName": "L75", "values": [12, 11, 12, 11], "isMain": false}, {"quality": "Equal", "metricName": "GC (%)", "values": ["61.60", "61.60", "61.60", "61.60"], "isMain": false}]], ["Misassemblies", [{"quality": "Less is better", "metricName": "# misassemblies", "values": [2, 2, "", ""], "isMain": true}, {"quality": "Less is better", "metricName": "    # relocations", "values": [2, 2, "", ""], "isMain": false}, {"quality": "Less is better", "metricName": "    # translocations", "values": [0, 0, "", ""], "isMain": false}, {"quality": "Less is better", "metricName": "    # inversions", "values": [0, 0, "", ""], "isMain": false}, {"quality": "Less is better", "metricName": "# misassembled contigs", "values": [2, 2, "", ""], "isMain": false}, {"quality": "Less is better", "metricName": "Misassembled contigs length", "values": [28456, 28456, "", ""], "isMain": true}, {"quality": "Less is better", "metricName": "# local misassemblies", "values": [1, 1, "", ""], "isMain": false}]], ["Unaligned", [{"quality": "Less is better", "metricName": "# fully unaligned contigs", "values": [40, 10, 94, 37], "isMain": false}, {"quality": "Less is better", "metricName": "Fully unaligned length", "values": [349640, 216953, 5004541, 5010956], "isMain": false}, {"quality": "Less is better", "metricName": "# partially unaligned contigs", "values": [32, 25, "", ""], "isMain": false}, {"quality": "Less is better", "metricName": "    # with misassembly", "values": [20, 20, "", ""], "isMain": false}, {"quality": "Less is better", "metricName": "    # both parts are significant", "values": [24, 22, "", ""], "isMain": false}, {"quality": "Less is better", "metricName": "Partially unaligned length", "values": [3915649, 4091281, "", ""], "isMain": false}]], ["Mismatches", [{"quality": "Less is better", "metricName": "# mismatches", "values": [5044, 2084, "", ""], "isMain": false}, {"quality": "Less is better", "metricName": "# indels", "values": [186, 104, "", ""], "isMain": false}, {"quality": "Less is better", "metricName": "Indels length", "values": [275, 150, "", ""], "isMain": false}, {"quality": "Less is better", "metricName": "# mismatches per 100 kbp", "values": ["3837.64", "4041.34", "", ""], "isMain": true}, {"quality": "Less is better", "metricName": "# indels per 100 kbp", "values": ["141.51", "201.68", "", ""], "isMain": true}, {"quality": "Less is better", "metricName": "    # short indels (<= 5 bp)", "values": [181, 102, "", ""], "isMain": false}, {"quality": "Less is better", "metricName": "    # long indels (> 5 bp)", "values": [5, 2, "", ""], "isMain": false}, {"quality": "Less is better", "metricName": "# N's", "values": [0, 1586, 0, 1586], "isMain": false}, {"quality": "Less is better", "metricName": "# N's per 100 kbp", "values": ["0.00", "31.65", "0.00", "31.65"], "isMain": true}]], ["Genome statistics", [{"quality": "More is better", "metricName": "Genome fraction (%)", "values": ["14.751", "14.450", "", ""], "isMain": true}, {"quality": "Less is better", "metricName": "Duplication ratio", "values": ["1.056", "1.025", "", ""], "isMain": true}, {"quality": "More is better", "metricName": "# genes", "values": ["598 + 73 part", "592 + 67 part", "", ""], "isMain": true}, {"quality": "More is better", "metricName": "Largest alignment", "values": [52397, 52397, "", ""], "isMain": false}, {"quality": "More is better", "metricName": "NG50", "values": [278382, 278382, 263263, 263263], "isMain": false}, {"quality": "More is better", "metricName": "NG75", "values": [156215, 207147, 102334, 118682], "isMain": false}, {"quality": "Less is better", "metricName": "LG50", "values": [6, 6, 7, 7], "isMain": false}, {"quality": "Less is better", "metricName": "LG75", "values": [11, 10, 15, 14], "isMain": false}]], ["Predicted genes", []], ["Reference statistics", [{"quality": "Equal", "metricName": "Reference length", "values": [4744448, 4744448, 5432652, 5432652], "isMain": false}, {"quality": "Equal", "metricName": "Reference GC (%)", "values": ["61.55", "61.55", "35.50", "35.50"], "isMain": false}, {"quality": "Equal", "metricName": "Reference genes", "values": [4284, 4284, "", ""], "isMain": false}, {"quality": "Equal", "metricName": "Reference operons", "values": [0, 0, "", ""], "isMain": false}]]], "minContig": 500, "assembliesNames": ["A_hydrophila_ATCC_7966 broken", "A_hydrophila_ATCC_7966", "B_cereus_ATCC_1098 broken", "B_cereus_ATCC_1098"]}