{"date":"22 May 2014, Thursday, 00:45:51","report":[["Statistics without reference",[{"values":[45,37],"quality":"Less is better","isMain":true,"metricName":"# contigs"},{"values":[158,37],"quality":"Less is better","isMain":false,"metricName":"# contigs (>= 0 bp)"},{"values":[43,37],"quality":"Less is better","isMain":false,"metricName":"# contigs (>= 1000 bp)"},{"values":[654090,712801],"quality":"More is better","isMain":true,"metricName":"Largest contig"},{"values":[4969781,5010956],"quality":"More is better","isMain":true,"metricName":"Total length"},{"values":[4984065,5010956],"quality":"More is better","isMain":false,"metricName":"Total length (>= 0 bp)"},{"values":[4968254,5010956],"quality":"More is better","isMain":false,"metricName":"Total length (>= 1000 bp)"},{"values":[268392,278382],"quality":"More is better","isMain":true,"metricName":"N50"},{"values":[137136,189722],"quality":"More is better","isMain":false,"metricName":"N75"},{"values":[6,6],"quality":"Less is better","isMain":false,"metricName":"L50"},{"values":[13,11],"quality":"Less is better","isMain":false,"metricName":"L75"},{"values":["61.53","61.60"],"quality":"Equal","isMain":false,"metricName":"GC (%)"}]],["Misassemblies",[{"values":[1,2],"quality":"Less is better","isMain":true,"metricName":"# misassemblies"},{"values":[1,2],"quality":"Less is better","isMain":false,"metricName":"    # relocations"},{"values":[0,0],"quality":"Less is better","isMain":false,"metricName":"    # translocations"},{"values":[0,0],"quality":"Less is better","isMain":false,"metricName":"    # inversions"},{"values":[1,2],"quality":"Less is better","isMain":false,"metricName":"# misassembled contigs"},{"values":[2772,28456],"quality":"Less is better","isMain":true,"metricName":"Misassembled contigs length"},{"values":[0,1],"quality":"Less is better","isMain":false,"metricName":"# local misassemblies"}]],["Unaligned",[{"values":[9,10],"quality":"Less is better","isMain":false,"metricName":"# fully unaligned contigs"},{"values":[118023,216953],"quality":"Less is better","isMain":false,"metricName":"Fully unaligned length"},{"values":[28,25],"quality":"Less is better","isMain":false,"metricName":"# partially unaligned contigs"},{"values":[21,20],"quality":"Less is better","isMain":false,"metricName":"    # with misassembly"},{"values":[26,22],"quality":"Less is better","isMain":false,"metricName":"    # both parts are significant"},{"values":[4122327,4091281],"quality":"Less is better","isMain":false,"metricName":"Partially unaligned length"}]],["Mismatches",[{"values":[1060,2084],"quality":"Less is better","isMain":false,"metricName":"# mismatches"},{"values":[46,104],"quality":"Less is better","isMain":false,"metricName":"# indels"},{"values":[61,150],"quality":"Less is better","isMain":false,"metricName":"Indels length"},{"values":["2698.92","4041.34"],"quality":"Less is better","isMain":true,"metricName":"# mismatches per 100 kbp"},{"values":["117.12","201.68"],"quality":"Less is better","isMain":true,"metricName":"# indels per 100 kbp"},{"values":[45,102],"quality":"Less is better","isMain":false,"metricName":"    # short indels (<= 5 bp)"},{"values":[1,2],"quality":"Less is better","isMain":false,"metricName":"    # long indels (> 5 bp)"},{"values":[491,1586],"quality":"Less is better","isMain":false,"metricName":"# N's"},{"values":["9.88","31.65"],"quality":"Less is better","isMain":true,"metricName":"# N's per 100 kbp"}]],["Genome statistics",[{"values":["14.876","14.450"],"quality":"More is better","isMain":true,"metricName":"Genome fraction (%)"},{"values":["1.033","1.025"],"quality":"Less is better","isMain":true,"metricName":"Duplication ratio"},{"values":["603 + 65 part","592 + 67 part"],"quality":"More is better","isMain":true,"metricName":"# genes"},{"values":[52419,52397],"quality":"More is better","isMain":false,"metricName":"Largest alignment"},{"values":[268392,278382],"quality":"More is better","isMain":false,"metricName":"NG50"},{"values":[137898,207147],"quality":"More is better","isMain":false,"metricName":"NG75"},{"values":[6,6],"quality":"Less is better","isMain":false,"metricName":"LG50"},{"values":[12,10],"quality":"Less is better","isMain":false,"metricName":"LG75"}]],["Predicted genes",[]],["Reference statistics",[{"values":[4744448,4744448],"quality":"Equal","isMain":false,"metricName":"Reference length"},{"values":["61.55","61.55"],"quality":"Equal","isMain":false,"metricName":"Reference GC (%)"},{"values":[4284,4284],"quality":"Equal","isMain":false,"metricName":"Reference genes"},{"values":[0,0],"quality":"Equal","isMain":false,"metricName":"Reference operons"}]]],"minContig":500,"assembliesNames":["Abyss_Scf","Cabog_Scf"]}