{"date": "22 May 2014, Thursday, 14:41:34", "report": [["Statistics without reference", [{"quality": "Less is better", "metricName": "# contigs", "values": [382, 382, 146, 131, 58, 52, 733, 733, 235, 185, 74, 73, 332, 143, 213, 48, 213, 48], "isMain": true}, {"quality": "Less is better", "metricName": "# contigs (>= 0 bp)", "values": [846, 846, 150, 131, 63, 55, 778, 778, 280, 226, 232, 230, 655, 438, 213, 48, 213, 48], "isMain": false}, {"quality": "Less is better", "metricName": "# contigs (>= 1000 bp)", "values": [339, 339, 145, 131, 53, 47, 656, 656, 228, 180, 70, 69, 307, 130, 205, 48, 205, 48], "isMain": false}, {"quality": "More is better", "metricName": "Largest contig", "values": [71578, 71578, 127844, 177098, 241348, 241348, 44874, 44874, 115051, 204500, 425067, 425067, 71713, 236829, 127547, 428108, 127547, 428108], "isMain": true}, {"quality": "More is better", "metricName": "Total length", "values": [4503182, 4503182, 3952313, 3953489, 4246144, 4247061, 4091078, 4091078, 4541768, 4549335, 4649455, 4649550, 4485514, 4526809, 4547728, 4655430, 4547728, 4655430], "isMain": true}, {"quality": "More is better", "metricName": "Total length (>= 0 bp)", "values": [4567617, 4567617, 3952681, 3953489, 4247935, 4248140, 4107334, 4107334, 4554637, 4560810, 4676850, 4676880, 4537774, 4571231, 4547728, 4655430, 4547728, 4655430], "isMain": false}, {"quality": "More is better", "metricName": "Total length (>= 1000 bp)", "values": [4474301, 4474301, 3951811, 3953489, 4242597, 4243514, 4032589, 4032589, 4536904, 4545945, 4646578, 4646673, 4467985, 4518112, 4541420, 4655430, 4541420, 4655430], "isMain": false}, {"quality": "More is better", "metricName": "N50", "values": [22050, 22050, 41794, 45887, 142742, 165131, 9086, 9086, 36889, 45133, 151794, 151794, 24347, 88399, 36952, 178486, 36952, 178486], "isMain": true}, {"quality": "More is better", "metricName": "N75", "values": [11736, 11736, 22363, 25501, 102371, 104435, 4930, 4930, 20042, 27903, 103998, 104015, 14804, 39660, 22371, 119013, 22371, 119013], "isMain": false}, {"quality": "Less is better", "metricName": "L50", "values": [67, 67, 30, 26, 12, 11, 136, 136, 42, 32, 11, 11, 58, 17, 41, 10, 41, 10], "isMain": false}, {"quality": "Less is better", "metricName": "L75", "values": [137, 137, 64, 55, 21, 19, 291, 291, 83, 63, 20, 20, 115, 36, 79, 17, 79, 17], "isMain": false}, {"quality": "Equal", "metricName": "GC (%)", "values": ["68.77", "68.77", "69.06", "69.06", "68.90", "68.90", "69.03", "69.03", "68.83", "68.83", "68.76", "68.76", "68.77", "68.77", "68.83", "68.83", "68.83", "68.83"], "isMain": false}]], ["Misassemblies", [{"quality": "Less is better", "metricName": "# misassemblies", "values": [2, 2, 6, 6, 5, 5, 0, 0, 2, 2, 12, 12, 3, 16, 2, 6, 2, 6], "isMain": true}, {"quality": "Less is better", "metricName": "    # relocations", "values": [1, 1, 3, 3, 2, 3, 0, 0, 0, 0, 1, 1, 2, 10, 1, 2, 1, 2], "isMain": false}, {"quality": "Less is better", "metricName": "    # translocations", "values": [1, 1, 3, 3, 3, 2, 0, 0, 2, 2, 11, 11, 1, 6, 1, 4, 1, 4], "isMain": false}, {"quality": "Less is better", "metricName": "    # inversions", "values": [0, 0, 0, 0, 0, 0, 0, 0, 0, 0, 0, 0, 0, 0, 0, 0, 0, 0], "isMain": false}, {"quality": "Less is better", "metricName": "# misassembled contigs", "values": [1, 1, 5, 5, 5, 4, 0, 0, 2, 2, 7, 7, 2, 11, 1, 4, 1, 4], "isMain": false}, {"quality": "Less is better", "metricName": "Misassembled contigs length", "values": [24651, 24651, 119320, 135726, 41134, 40523, 0, 0, 18416, 18416, 461715, 461715, 92376, 564277, 29656, 356206, 29656, 356206], "isMain": true}, {"quality": "Less is better", "metricName": "# local misassemblies", "values": [2, 2, 2, 6, 4, 7, 1, 1, 160, 215, 8, 8, 8, 188, 2, 163, 2, 163], "isMain": false}]], ["Unaligned", [{"quality": "Less is better", "metricName": "# fully unaligned contigs", "values": [0, 0, 0, 0, 0, 0, 0, 0, 0, 0, 0, 0, 1, 0, 0, 0, 0, 0], "isMain": false}, {"quality": "Less is better", "metricName": "Fully unaligned length", "values": [0, 0, 0, 0, 0, 0, 0, 0, 0, 0, 0, 0, 688, 0, 0, 0, 0, 0], "isMain": false}, {"quality": "Less is better", "metricName": "# partially unaligned contigs", "values": [2, 2, 1, 1, 1, 1, 0, 0, 0, 0, 0, 0, 0, 0, 0, 0, 0, 0], "isMain": false}, {"quality": "Less is better", "metricName": "    # with misassembly", "values": [0, 0, 0, 0, 0, 0, 0, 0, 0, 0, 0, 0, 0, 0, 0, 0, 0, 0], "isMain": false}, {"quality": "Less is better", "metricName": "    # both parts are significant", "values": [0, 0, 0, 0, 0, 0, 0, 0, 0, 0, 0, 0, 0, 0, 0, 0, 0, 0], "isMain": false}, {"quality": "Less is better", "metricName": "Partially unaligned length", "values": [96, 96, 78, 78, 23, 23, 0, 0, 0, 0, 0, 0, 0, 0, 0, 0, 0, 0], "isMain": false}]], ["Mismatches", [{"quality": "Less is better", "metricName": "# mismatches", "values": [152, 152, 280, 285, 409, 407, 10, 10, 142, 142, 350, 346, 471, 483, 49, 52, 49, 52], "isMain": false}, {"quality": "Less is better", "metricName": "# indels", "values": [11, 11, 18, 187, 33, 103, 15, 15, 35, 35, 159, 174, 29, 233, 17, 24, 17, 24], "isMain": false}, {"quality": "Less is better", "metricName": "Indels length", "values": [45, 45, 26, 274, 49, 167, 71, 71, 62, 62, 493, 508, 147, 464, 58, 113, 58, 113], "isMain": false}, {"quality": "Less is better", "metricName": "# mismatches per 100 kbp", "values": ["3.38", "3.38", "7.11", "7.23", "9.66", "9.62", "0.25", "0.25", "3.14", "3.14", "7.64", "7.55", "10.50", "10.75", "1.08", "1.14", "1.08", "1.14"], "isMain": true}, {"quality": "Less is better", "metricName": "# indels per 100 kbp", "values": ["0.24", "0.24", "0.46", "4.75", "0.78", "2.43", "0.37", "0.37", "0.77", "0.77", "3.47", "3.80", "0.65", "5.19", "0.37", "0.53", "0.37", "0.53"], "isMain": true}, {"quality": "Less is better", "metricName": "    # short indels (<= 5 bp)", "values": [9, 9, 17, 180, 32, 100, 10, 10, 31, 31, 142, 157, 25, 221, 13, 18, 13, 18], "isMain": false}, {"quality": "Less is better", "metricName": "    # long indels (> 5 bp)", "values": [2, 2, 1, 7, 1, 3, 5, 5, 4, 4, 17, 17, 4, 12, 4, 6, 4, 6], "isMain": false}, {"quality": "Less is better", "metricName": "# N's", "values": [0, 0, 4, 821, 0, 205, 0, 0, 161, 6334, 485, 515, 0, 33457, 0, 107702, 0, 107702], "isMain": false}, {"quality": "Less is better", "metricName": "# N's per 100 kbp", "values": ["0.00", "0.00", "0.10", "20.77", "0.00", "4.83", "0.00", "0.00", "3.54", "139.23", "10.43", "11.08", "0.00", "739.09", "0.00", "2313.47", "0.00", "2313.47"], "isMain": true}]], ["Genome statistics", [{"quality": "More is better", "metricName": "Genome fraction (%)", "values": ["97.762", "97.762", "85.599", "85.611", "91.960", "91.940", "88.235", "88.235", "98.160", "98.191", "99.496", "99.496", "97.422", "97.568", "98.714", "98.881", "98.714", "98.881"], "isMain": true}, {"quality": "Less is better", "metricName": "Duplication ratio", "values": ["1.003", "1.003", "1.009", "1.024", "1.004", "1.010", "1.007", "1.007", "1.010", "1.011", "1.017", "1.017", "1.000", "1.008", "1.005", "1.029", "1.005", "1.029"], "isMain": true}, {"quality": "More is better", "metricName": "# genes", "values": ["4120 + 275 part", "4120 + 275 part", "3738 + 140 part", "3751 + 128 part", "4110 + 45 part", "4114 + 39 part", "3435 + 590 part", "3435 + 590 part", "4133 + 309 part", "4133 + 309 part", "4406 + 49 part", "4407 + 48 part", "4135 + 276 part", "4152 + 267 part", "4257 + 184 part", "4264 + 184 part", "4257 + 184 part", "4264 + 184 part"], "isMain": true}, {"quality": "More is better", "metricName": "Largest alignment", "values": [71578, 71578, 127843, 177098, 241348, 241348, 44874, 44874, 115051, 204215, 425067, 425067, 71713, 234789, 127547, 423056, 127547, 423056], "isMain": false}, {"quality": "More is better", "metricName": "NG50", "values": [21441, 21441, 31540, 40287, 130714, 144812, 7971, 7971, 36444, 45133, 151794, 151794, 24248, 85272, 36952, 207147, 36952, 207147], "isMain": false}, {"quality": "More is better", "metricName": "NG75", "values": [11021, 11021, 15957, 16846, 64787, 77487, 3567, 3567, 19348, 26996, 104015, 114243, 13982, 37869, 21501, 119013, 21501, 119013], "isMain": false}, {"quality": "More is better", "metricName": "NA50", "values": [22050, 22050, 41176, 42489, 142742, 165131, 9086, 9086, 36443, 45022, 151794, 151794, 24300, 84960, 36952, 173868, 36952, 173868], "isMain": false}, {"quality": "More is better", "metricName": "NA75", "values": [11706, 11706, 22361, 24136, 102371, 104435, 4930, 4930, 20041, 27902, 103998, 104015, 14804, 37869, 22125, 117909, 22125, 117909], "isMain": false}, {"quality": "More is better", "metricName": "NGA50", "values": [21441, 21441, 30364, 36097, 130714, 144812, 7971, 7971, 36443, 45022, 151794, 151794, 24205, 84960, 36722, 173868, 36722, 173868], "isMain": true}, {"quality": "More is better", "metricName": "NGA75", "values": [11021, 11021, 15957, 16846, 64787, 77487, 3567, 3567, 18759, 26839, 104015, 112545, 13982, 33962, 21501, 117909, 21501, 117909], "isMain": false}, {"quality": "Less is better", "metricName": "LG50", "values": [70, 70, 39, 33, 13, 12, 166, 166, 43, 32, 11, 11, 60, 18, 41, 9, 41, 9], "isMain": false}, {"quality": "Less is better", "metricName": "LG75", "values": [144, 144, 89, 79, 24, 22, 381, 381, 86, 65, 19, 19, 121, 37, 81, 17, 81, 17], "isMain": false}, {"quality": "Less is better", "metricName": "LA50", "values": [67, 67, 31, 27, 12, 11, 136, 136, 43, 32, 11, 11, 59, 18, 41, 10, 41, 10], "isMain": false}, {"quality": "Less is better", "metricName": "LA75", "values": [138, 138, 66, 58, 21, 19, 291, 291, 83, 63, 20, 20, 116, 37, 79, 18, 79, 18], "isMain": false}, {"quality": "Less is better", "metricName": "LGA50", "values": [70, 70, 41, 35, 13, 12, 166, 166, 43, 32, 11, 11, 61, 18, 42, 10, 42, 10], "isMain": false}, {"quality": "Less is better", "metricName": "LGA75", "values": [144, 144, 91, 81, 24, 22, 381, 381, 86, 65, 19, 19, 122, 39, 81, 18, 81, 18], "isMain": false}]], ["Predicted genes", []], ["Reference statistics", [{"quality": "Equal", "metricName": "Reference length", "values": [4602977, 4602977, 4602977, 4602977, 4602977, 4602977, 4602977, 4602977, 4602977, 4602977, 4602977, 4602977, 4602977, 4602977, 4602977, 4602977, 4602977, 4602977], "isMain": false}, {"quality": "Equal", "metricName": "Reference GC (%)", "values": ["68.79", "68.79", "68.79", "68.79", "68.79", "68.79", "68.79", "68.79", "68.79", "68.79", "68.79", "68.79", "68.79", "68.79", "68.79", "68.79", "68.79", "68.79"], "isMain": false}, {"quality": "Equal", "metricName": "Reference genes", "values": [4474, 4474, 4474, 4474, 4474, 4474, 4474, 4474, 4474, 4474, 4474, 4474, 4474, 4474, 4474, 4474, 4474, 4474], "isMain": false}, {"quality": "Equal", "metricName": "Reference operons", "values": [0, 0, 0, 0, 0, 0, 0, 0, 0, 0, 0, 0, 0, 0, 0, 0, 0, 0], "isMain": false}]]], "minContig": 500, "assembliesNames": ["1_RS-M-Abyss-Scaffold broken", "1_RS-M-Abyss-Scaffold", "1_RS-M-Cabog-Scaffold broken", "1_RS-M-Cabog-Scaffold", "1_RS-M-Msrca-Scaffold broken", "1_RS-M-Msrca-Scaffold", "1_RS-M-Sga-Scaffold broken", "1_RS-M-Sga-Scaffold", "1_RS-M-Soap-Scaffold broken", "1_RS-M-Soap-Scaffold", "1_RS-M-Spades-Scaffold broken", "1_RS-M-Spades-Scaffold", "1_RS-M-Velvet-Scaffold broken", "1_RS-M-Velvet-Scaffold", "2_R.S.-M-Newbler_raw_scf broken", "2_R.S.-M-Newbler_raw_scf", "3_R.S.-M-Newbler2.8_raw_scf broken", "3_R.S.-M-Newbler2.8_raw_scf"]}