{"date": "29 April 2014, Tuesday, 00:58:50", "report": [["Statistics without reference", [{"quality": "Less is better", "metricName": "# contigs", "values": [53, 87], "isMain": true}, {"quality": "Less is better", "metricName": "# contigs (>= 0 bp)", "values": [103, 617], "isMain": false}, {"quality": "Less is better", "metricName": "# contigs (>= 1000 bp)", "values": [51, 82], "isMain": false}, {"quality": "More is better", "metricName": "Largest contig", "values": [526254, 430487], "isMain": true}, {"quality": "More is better", "metricName": "Total length", "values": [4886581, 5380960], "isMain": true}, {"quality": "More is better", "metricName": "Total length (>= 0 bp)", "values": [4895627, 5431491], "isMain": false}, {"quality": "More is better", "metricName": "Total length (>= 1000 bp)", "values": [4884654, 5376981], "isMain": false}, {"quality": "More is better", "metricName": "N50", "values": [180361, 130570], "isMain": true}, {"quality": "More is better", "metricName": "N75", "values": [93861, 69698], "isMain": false}, {"quality": "Less is better", "metricName": "L50", "values": [9, 12], "isMain": false}, {"quality": "Less is better", "metricName": "L75", "values": [18, 26], "isMain": false}, {"quality": "Equal", "metricName": "GC (%)", "values": ["61.61", "35.30"], "isMain": false}]], ["Misassemblies", []], ["Unaligned", []], ["Mismatches", [{"quality": "Less is better", "metricName": "# N's", "values": [0, 5511], "isMain": false}, {"quality": "Less is better", "metricName": "# N's per 100 kbp", "values": ["0.00", "102.42"], "isMain": true}]], ["Genome statistics", []], ["Predicted genes", []], ["Reference statistics", []]], "minContig": 500, "assembliesNames": ["650_dataset_488.dat", "697_dataset_497.dat"]}