{"date":"04 May 2014, Sunday, 15:33:07","report":[["Statistics without reference",[{"values":[94,37,48,45],"quality":"Less is better","isMain":true,"metricName":"# contigs"},{"values":[113,37,167,158],"quality":"Less is better","isMain":false,"metricName":"# contigs (>= 0 bp)"},{"values":[81,37,47,43],"quality":"Less is better","isMain":false,"metricName":"# contigs (>= 1000 bp)"},{"values":[710684,712801,654090,654090],"quality":"More is better","isMain":true,"metricName":"Largest contig"},{"values":[5004541,5010956,4967765,4969781],"quality":"More is better","isMain":true,"metricName":"Total length"},{"values":[5009370,5010956,4983575,4984065],"quality":"More is better","isMain":false,"metricName":"Total length (>= 0 bp)"},{"values":[4994206,5010956,4966849,4968254],"quality":"More is better","isMain":false,"metricName":"Total length (>= 1000 bp)"},{"values":[278382,278382,237457,268392],"quality":"More is better","isMain":true,"metricName":"N50"},{"values":[133236,189722,122207,137136],"quality":"More is better","isMain":false,"metricName":"N75"},{"values":[6,6,7,6],"quality":"Less is better","isMain":false,"metricName":"L50"},{"values":[12,11,15,13],"quality":"Less is better","isMain":false,"metricName":"L75"},{"values":["61.60","61.60","61.54","61.53"],"quality":"Equal","isMain":false,"metricName":"GC (%)"}]],["Misassemblies",[{"values":[2,2,0,1],"quality":"Less is better","isMain":true,"metricName":"# misassemblies"},{"values":[2,2,0,1],"quality":"Less is better","isMain":false,"metricName":"    # relocations"},{"values":[0,0,0,0],"quality":"Less is better","isMain":false,"metricName":"    # translocations"},{"values":[0,0,0,0],"quality":"Less is better","isMain":false,"metricName":"    # inversions"},{"values":[2,2,0,1],"quality":"Less is better","isMain":false,"metricName":"# misassembled contigs"},{"values":[28456,28456,0,2772],"quality":"Less is better","isMain":true,"metricName":"Misassembled contigs length"},{"values":[1,1,0,0],"quality":"Less is better","isMain":false,"metricName":"# local misassemblies"}]],["Unaligned",[{"values":[40,10,9,9],"quality":"Less is better","isMain":false,"metricName":"# fully unaligned contigs"},{"values":[349640,216953,149288,118023],"quality":"Less is better","isMain":false,"metricName":"Fully unaligned length"},{"values":[32,25,31,28],"quality":"Less is better","isMain":false,"metricName":"# partially unaligned contigs"},{"values":[20,20,23,21],"quality":"Less is better","isMain":false,"metricName":"    # with misassembly"},{"values":[24,22,28,26],"quality":"Less is better","isMain":false,"metricName":"    # both parts are significant"},{"values":[3915649,4091281,4083435,4122327],"quality":"Less is better","isMain":false,"metricName":"Partially unaligned length"}]],["Mismatches",[{"values":[5044,2084,1253,1060],"quality":"Less is better","isMain":false,"metricName":"# mismatches"},{"values":[186,104,50,46],"quality":"Less is better","isMain":false,"metricName":"# indels"},{"values":[275,150,63,61],"quality":"Less is better","isMain":false,"metricName":"Indels length"},{"values":["3837.64","4041.34","2894.83","2698.92"],"quality":"Less is better","isMain":true,"metricName":"# mismatches per 100 kbp"},{"values":["141.51","201.68","115.52","117.12"],"quality":"Less is better","isMain":true,"metricName":"# indels per 100 kbp"},{"values":[181,102,49,45],"quality":"Less is better","isMain":false,"metricName":"    # short indels (<= 5 bp)"},{"values":[5,2,1,1],"quality":"Less is better","isMain":false,"metricName":"    # long indels (> 5 bp)"},{"values":[0,1586,1,491],"quality":"Less is better","isMain":false,"metricName":"# N's"},{"values":["0.00","31.65","0.02","9.88"],"quality":"Less is better","isMain":true,"metricName":"# N's per 100 kbp"}]],["Genome statistics",[{"values":["14.751","14.450","15.006","14.876"],"quality":"More is better","isMain":true,"metricName":"Genome fraction (%)"},{"values":["1.056","1.025","1.032","1.033"],"quality":"Less is better","isMain":true,"metricName":"Duplication ratio"},{"values":["598 + 73 part","592 + 67 part","606 + 66 part","603 + 65 part"],"quality":"More is better","isMain":true,"metricName":"# genes"},{"values":[52397,52397,52419,52419],"quality":"More is better","isMain":false,"metricName":"Largest alignment"},{"values":[278382,278382,244971,268392],"quality":"More is better","isMain":false,"metricName":"NG50"},{"values":[156215,207147,128961,137898],"quality":"More is better","isMain":false,"metricName":"NG75"},{"values":[6,6,6,6],"quality":"Less is better","isMain":false,"metricName":"LG50"},{"values":[11,10,14,12],"quality":"Less is better","isMain":false,"metricName":"LG75"}]],["Predicted genes",[]],["Reference statistics",[{"values":[4744448,4744448,4744448,4744448],"quality":"Equal","isMain":false,"metricName":"Reference length"},{"values":["61.55","61.55","61.55","61.55"],"quality":"Equal","isMain":false,"metricName":"Reference GC (%)"},{"values":[4284,4284,4284,4284],"quality":"Equal","isMain":false,"metricName":"Reference genes"},{"values":[0,0,0,0],"quality":"Equal","isMain":false,"metricName":"Reference operons"}]]],"minContig":500,"assembliesNames":["cabog broken","cabog","abyss broken","abyss"]}