{"date":"04 May 2014, Sunday, 23:20:39","report":[["Statistics without reference",[{"values":[48,45],"quality":"Less is better","isMain":true,"metricName":"# contigs"},{"values":[167,158],"quality":"Less is better","isMain":false,"metricName":"# contigs (>= 0 bp)"},{"values":[47,43],"quality":"Less is better","isMain":false,"metricName":"# contigs (>= 1000 bp)"},{"values":[654090,654090],"quality":"More is better","isMain":true,"metricName":"Largest contig"},{"values":[4967765,4969781],"quality":"More is better","isMain":true,"metricName":"Total length"},{"values":[4983575,4984065],"quality":"More is better","isMain":false,"metricName":"Total length (>= 0 bp)"},{"values":[4966849,4968254],"quality":"More is better","isMain":false,"metricName":"Total length (>= 1000 bp)"},{"values":[237457,268392],"quality":"More is better","isMain":true,"metricName":"N50"},{"values":[122207,137136],"quality":"More is better","isMain":false,"metricName":"N75"},{"values":[7,6],"quality":"Less is better","isMain":false,"metricName":"L50"},{"values":[15,13],"quality":"Less is better","isMain":false,"metricName":"L75"},{"values":["61.54","61.53"],"quality":"Equal","isMain":false,"metricName":"GC (%)"}]],["Misassemblies",[]],["Unaligned",[{"values":[48,45],"quality":"Less is better","isMain":false,"metricName":"# fully unaligned contigs"},{"values":[4967765,4969781],"quality":"Less is better","isMain":false,"metricName":"Fully unaligned length"}]],["Mismatches",[{"values":[1,491],"quality":"Less is better","isMain":false,"metricName":"# N's"},{"values":["0.02","9.88"],"quality":"Less is better","isMain":true,"metricName":"# N's per 100 kbp"}]],["Genome statistics",[{"values":[168818,244971],"quality":"More is better","isMain":false,"metricName":"NG50"},{"values":[108167,122207],"quality":"More is better","isMain":false,"metricName":"NG75"},{"values":[8,7],"quality":"Less is better","isMain":false,"metricName":"LG50"},{"values":[18,16],"quality":"Less is better","isMain":false,"metricName":"LG75"}]],["Predicted genes",[]],["Reference statistics",[{"values":[5432652,5432652],"quality":"Equal","isMain":false,"metricName":"Reference length"},{"values":["35.50","35.50"],"quality":"Equal","isMain":false,"metricName":"Reference GC (%)"}]]],"minContig":500,"assembliesNames":["cabog broken","cabog"]}