gi|77404693|ref|NC_007489.1|_Rhodobacter_sphaeroides_2.4.1_plasmid_C__complete_sequence	jcf7180000000305_1	jcf7180000000279_1
gi|552530953|ref|NC_007490.2|_Rhodobacter_sphaeroides_2.4.1_plasmid_D__complete_sequence	jcf7180000000306_1	jcf7180000000280_1	jcf7180000000281_1	jcf7180000000281_1	jcf7180000000313_1	jcf7180000000278_1
gi|552536492|ref|NC_007494.2|_Rhodobacter_sphaeroides_2.4.1_chromosome_2__complete_sequence	jcf7180000000309_1	jcf7180000000309_1	jcf7180000000308_1	jcf7180000000288_2	jcf7180000000288_1	jcf7180000000319_1	jcf7180000000323_1	jcf7180000000327_1	jcf7180000000327_1	jcf7180000000297_1	jcf7180000000328_1	jcf7180000000310_1	jcf7180000000318_1	jcf7180000000318_1
gi|552530711|ref|NC_007488.2|_Rhodobacter_sphaeroides_2.4.1_plasmid_B__complete_sequence	jcf7180000000332_2
gi|552535527|ref|NC_007493.2|_Rhodobacter_sphaeroides_2.4.1_chromosome_1__complete_sequence	jcf7180000000290_1	jcf7180000000290_2	jcf7180000000301_1	jcf7180000000332_1	jcf7180000000293_1	jcf7180000000300_1	jcf7180000000295_1	jcf7180000000292_1	jcf7180000000316_1	jcf7180000000294_1	jcf7180000000330_1	jcf7180000000330_1	jcf7180000000321_1	jcf7180000000331_1	jcf7180000000303_1	jcf7180000000286_1	jcf7180000000289_1	jcf7180000000302_1	jcf7180000000299_1	jcf7180000000312_1	jcf7180000000317_1	jcf7180000000298_1	jcf7180000000298_2	jcf7180000000325_1	jcf7180000000322_1	jcf7180000000324_1	jcf7180000000285_1	jcf7180000000315_1	jcf7180000000315_1	jcf7180000000329_1	jcf7180000000326_1	jcf7180000000297_1	jcf7180000000296_2	jcf7180000000296_1	jcf7180000000320_1	jcf7180000000291_1	jcf7180000000291_2	jcf7180000000311_1
gi|125654605|ref|NC_009007.1|_Rhodobacter_sphaeroides_2.4.1_plasmid_A__partial_sequence	jcf7180000000332_2	jcf7180000000281_1	jcf7180000000287_1	jcf7180000000282_1	jcf7180000000283_1
gi|125654693|ref|NC_009008.1|_Rhodobacter_sphaeroides_2.4.1_plasmid_E__partial_sequence	jcf7180000000307_1
