{"date": "15 June 2014, Sunday, 19:20:16", "report": [["Statistics without reference", [{"quality": "Less is better", "metricName": "# contigs", "values": [153, 306, 306, 153, 306, 102], "isMain": true}, {"quality": "Less is better", "metricName": "# contigs (>= 0 bp)", "values": [338, 1115, 1115, 338, 1115, 249], "isMain": false}, {"quality": "Less is better", "metricName": "# contigs (>= 1000 bp)", "values": [121, 247, 247, 121, 247, 87], "isMain": false}, {"quality": "More is better", "metricName": "Largest contig", "values": [280277, 145939, 145939, 280277, 145939, 523887], "isMain": true}, {"quality": "More is better", "metricName": "Total length", "values": [4086478, 3895189, 3895189, 4086478, 3895189, 4109111], "isMain": true}, {"quality": "More is better", "metricName": "Total length (>= 0 bp)", "values": [4115424, 3980506, 3980506, 4115424, 3980506, 4126440], "isMain": false}, {"quality": "More is better", "metricName": "Total length (>= 1000 bp)", "values": [4065299, 3855718, 3855718, 4065299, 3855718, 4099616], "isMain": false}, {"quality": "More is better", "metricName": "N50", "values": [94508, 25689, 25689, 94508, 25689, 217596], "isMain": true}, {"quality": "More is better", "metricName": "N75", "values": [58395, 15919, 15919, 58395, 15919, 80568], "isMain": false}, {"quality": "Less is better", "metricName": "L50", "values": [13, 44, 44, 13, 44, 6], "isMain": false}, {"quality": "Less is better", "metricName": "L75", "values": [27, 93, 93, 27, 93, 15], "isMain": false}, {"quality": "Equal", "metricName": "GC (%)", "values": ["47.57", "47.52", "47.52", "47.57", "47.52", "47.57"], "isMain": false}]], ["Misassemblies", [{"quality": "Less is better", "metricName": "# misassemblies", "values": [6, 2, 2, 6, 2, 16], "isMain": true}, {"quality": "Less is better", "metricName": "    # relocations", "values": [5, 2, 2, 5, 2, 14], "isMain": false}, {"quality": "Less is better", "metricName": "    # translocations", "values": [1, 0, 0, 1, 0, 2], "isMain": false}, {"quality": "Less is better", "metricName": "    # inversions", "values": [0, 0, 0, 0, 0, 0], "isMain": false}, {"quality": "Less is better", "metricName": "# misassembled contigs", "values": [5, 2, 2, 5, 2, 14], "isMain": false}, {"quality": "Less is better", "metricName": "Misassembled contigs length", "values": [376802, 9653, 9653, 376802, 9653, 924513], "isMain": true}, {"quality": "Less is better", "metricName": "# local misassemblies", "values": [17, 0, 0, 17, 0, 68], "isMain": false}]], ["Unaligned", [{"quality": "Less is better", "metricName": "# fully unaligned contigs", "values": [1, 1, 1, 1, 1, 1], "isMain": false}, {"quality": "Less is better", "metricName": "Fully unaligned length", "values": [602, 602, 602, 602, 602, 602], "isMain": false}, {"quality": "Less is better", "metricName": "# partially unaligned contigs", "values": [0, 0, 0, 0, 0, 0], "isMain": false}, {"quality": "Less is better", "metricName": "    # with misassembly", "values": [0, 0, 0, 0, 0, 0], "isMain": false}, {"quality": "Less is better", "metricName": "    # both parts are significant", "values": [0, 0, 0, 0, 0, 0], "isMain": false}, {"quality": "Less is better", "metricName": "Partially unaligned length", "values": [0, 0, 0, 0, 0, 0], "isMain": false}]], ["Mismatches", [{"quality": "Less is better", "metricName": "# mismatches", "values": [208, 118, 118, 208, 118, 290], "isMain": false}, {"quality": "Less is better", "metricName": "# indels", "values": [225, 110, 110, 225, 110, 264], "isMain": false}, {"quality": "Less is better", "metricName": "Indels length", "values": [703, 119, 119, 703, 119, 730], "isMain": false}, {"quality": "Less is better", "metricName": "# mismatches per 100 kbp", "values": ["5.28", "3.03", "3.03", "5.28", "3.03", "7.34"], "isMain": true}, {"quality": "Less is better", "metricName": "# indels per 100 kbp", "values": ["5.71", "2.83", "2.83", "5.71", "2.83", "6.68"], "isMain": true}, {"quality": "Less is better", "metricName": "    # short indels (<= 5 bp)", "values": [189, 109, 109, 189, 109, 230], "isMain": false}, {"quality": "Less is better", "metricName": "    # long indels (> 5 bp)", "values": [36, 1, 1, 36, 1, 34], "isMain": false}, {"quality": "Less is better", "metricName": "# N's", "values": [4125, 0, 0, 4125, 0, 17436], "isMain": false}, {"quality": "Less is better", "metricName": "# N's per 100 kbp", "values": ["100.94", "0.00", "0.00", "100.94", "0.00", "424.33"], "isMain": true}]], ["Genome statistics", [{"quality": "More is better", "metricName": "Genome fraction (%)", "values": ["97.712", "96.495", "96.495", "97.712", "96.495", "98.010"], "isMain": true}, {"quality": "Less is better", "metricName": "Duplication ratio", "values": ["1.052", "1.001", "1.001", "1.052", "1.001", "1.055"], "isMain": true}, {"quality": "More is better", "metricName": "# genes", "values": ["3498 + 59 part", "3322 + 133 part", "3322 + 133 part", "3498 + 59 part", "3322 + 133 part", "3515 + 54 part"], "isMain": true}, {"quality": "More is better", "metricName": "Largest alignment", "values": [246076, 145939, 145939, 246076, 145939, 522201], "isMain": false}, {"quality": "More is better", "metricName": "NG50", "values": [94508, 25448, 25448, 94508, 25448, 217596], "isMain": false}, {"quality": "More is better", "metricName": "NG75", "values": [59821, 14801, 14801, 59821, 14801, 82716], "isMain": false}, {"quality": "More is better", "metricName": "NA50", "values": [92996, 25689, 25689, 92996, 25689, 156774], "isMain": false}, {"quality": "More is better", "metricName": "NA75", "values": [58395, 15919, 15919, 58395, 15919, 67355], "isMain": false}, {"quality": "More is better", "metricName": "NGA50", "values": [92996, 25448, 25448, 92996, 25448, 156774], "isMain": true}, {"quality": "More is better", "metricName": "NGA75", "values": [58395, 14801, 14801, 58395, 14801, 71310], "isMain": false}, {"quality": "Less is better", "metricName": "LG50", "values": [13, 47, 47, 13, 47, 6], "isMain": false}, {"quality": "Less is better", "metricName": "LG75", "values": [26, 100, 100, 26, 100, 14], "isMain": false}, {"quality": "Less is better", "metricName": "LA50", "values": [14, 44, 44, 14, 44, 7], "isMain": false}, {"quality": "Less is better", "metricName": "LA75", "values": [28, 93, 93, 28, 93, 18], "isMain": false}, {"quality": "Less is better", "metricName": "LGA50", "values": [14, 47, 47, 14, 47, 7], "isMain": false}, {"quality": "Less is better", "metricName": "LGA75", "values": [28, 100, 100, 28, 100, 17], "isMain": false}]], ["Predicted genes", []], ["Reference statistics", [{"quality": "Equal", "metricName": "Reference length", "values": [4033464, 4033464, 4033464, 4033464, 4033464, 4033464], "isMain": false}, {"quality": "Equal", "metricName": "Reference GC (%)", "values": ["47.49", "47.49", "47.49", "47.49", "47.49", "47.49"], "isMain": false}, {"quality": "Equal", "metricName": "Reference genes", "values": [3693, 3693, 3693, 3693, 3693, 3693], "isMain": false}, {"quality": "Equal", "metricName": "Reference operons", "values": [0, 0, 0, 0, 0, 0], "isMain": false}]]], "minContig": 500, "assembliesNames": ["1_GAGE-B", "1_abyss_134", "1_abyss_136", "2_GAGE-B", "2_abyss_136", "2_abyss_scf"]}