{"date":"02 May 2014, Friday, 23:38:48","report":[["Statistics without reference",[{"values":[341],"quality":"Less is better","isMain":true,"metricName":"# contigs"},{"values":[822],"quality":"Less is better","isMain":false,"metricName":"# contigs (>= 0 bp)"},{"values":[302],"quality":"Less is better","isMain":false,"metricName":"# contigs (>= 1000 bp)"},{"values":[257581],"quality":"More is better","isMain":true,"metricName":"Largest contig"},{"values":[5810521],"quality":"More is better","isMain":true,"metricName":"Total length"},{"values":[5875896],"quality":"More is better","isMain":false,"metricName":"Total length (>= 0 bp)"},{"values":[5784758],"quality":"More is better","isMain":false,"metricName":"Total length (>= 1000 bp)"},{"values":[48439],"quality":"More is better","isMain":true,"metricName":"N50"},{"values":[20272],"quality":"More is better","isMain":false,"metricName":"N75"},{"values":[32],"quality":"Less is better","isMain":false,"metricName":"L50"},{"values":[81],"quality":"Less is better","isMain":false,"metricName":"L75"},{"values":["35.21"],"quality":"Equal","isMain":false,"metricName":"GC (%)"}]],["Misassemblies",[{"values":[5],"quality":"Less is better","isMain":true,"metricName":"# misassemblies"},{"values":[5],"quality":"Less is better","isMain":false,"metricName":"    # relocations"},{"values":[0],"quality":"Less is better","isMain":false,"metricName":"    # translocations"},{"values":[0],"quality":"Less is better","isMain":false,"metricName":"    # inversions"},{"values":[5],"quality":"Less is better","isMain":false,"metricName":"# misassembled contigs"},{"values":[4676],"quality":"Less is better","isMain":true,"metricName":"Misassembled contigs length"},{"values":[1],"quality":"Less is better","isMain":false,"metricName":"# local misassemblies"}]],["Unaligned",[{"values":[288],"quality":"Less is better","isMain":false,"metricName":"# fully unaligned contigs"},{"values":[3947164],"quality":"Less is better","isMain":false,"metricName":"Fully unaligned length"},{"values":[41],"quality":"Less is better","isMain":false,"metricName":"# partially unaligned contigs"},{"values":[12],"quality":"Less is better","isMain":false,"metricName":"    # with misassembly"},{"values":[12],"quality":"Less is better","isMain":false,"metricName":"    # both parts are significant"},{"values":[1813032],"quality":"Less is better","isMain":false,"metricName":"Partially unaligned length"}]],["Mismatches",[{"values":[673],"quality":"Less is better","isMain":false,"metricName":"# mismatches"},{"values":[36],"quality":"Less is better","isMain":false,"metricName":"# indels"},{"values":[48],"quality":"Less is better","isMain":false,"metricName":"Indels length"},{"values":["3224.88"],"quality":"Less is better","isMain":true,"metricName":"# mismatches per 100 kbp"},{"values":["172.50"],"quality":"Less is better","isMain":true,"metricName":"# indels per 100 kbp"},{"values":[35],"quality":"Less is better","isMain":false,"metricName":"    # short indels (<= 5 bp)"},{"values":[1],"quality":"Less is better","isMain":false,"metricName":"    # long indels (> 5 bp)"},{"values":[1950],"quality":"Less is better","isMain":false,"metricName":"# N's"},{"values":["33.56"],"quality":"Less is better","isMain":true,"metricName":"# N's per 100 kbp"}]],["Genome statistics",[{"values":["0.822"],"quality":"More is better","isMain":true,"metricName":"Genome fraction (%)"},{"values":["1.133"],"quality":"Less is better","isMain":true,"metricName":"Duplication ratio"},{"values":[9186],"quality":"More is better","isMain":false,"metricName":"Largest alignment"},{"values":[51322],"quality":"More is better","isMain":false,"metricName":"NG50"},{"values":[22540],"quality":"More is better","isMain":false,"metricName":"NG75"},{"values":[28],"quality":"Less is better","isMain":false,"metricName":"LG50"},{"values":[67],"quality":"Less is better","isMain":false,"metricName":"LG75"}]],["Predicted genes",[]],["Reference statistics",[{"values":[5432652],"quality":"Equal","isMain":false,"metricName":"Reference length"},{"values":["35.50"],"quality":"Equal","isMain":false,"metricName":"Reference GC (%)"},{"values":[0],"quality":"Equal","isMain":false,"metricName":"Reference genes"},{"values":[0],"quality":"Equal","isMain":false,"metricName":"Reference operons"}]]],"minContig":500,"assembliesNames":["dataset_592.dat"]}