{"date":"08 July 2014, Tuesday, 09:51:39","report":[["Statistics without reference",[{"values":[89,83,56,53,39,38,117,97,50,50,44,44,60,52],"quality":"Less is better","isMain":true,"metricName":"# contigs"},{"values":[89,83,56,53,39,38,117,97,50,50,44,44,60,52],"quality":"Less is better","isMain":false,"metricName":"# contigs (>= 500 bp)"},{"values":[86,81,56,53,35,34,108,88,46,46,40,40,57,49],"quality":"Less is better","isMain":false,"metricName":"# contigs (>= 1000 bp)"},{"values":[261535,261535,285328,402739,449789,449789,173362,208354,364183,364183,350174,350174,336190,336190],"quality":"More is better","isMain":true,"metricName":"Largest contig"},{"values":[3033542,3035469,2796508,2796568,2892444,2892464,2738034,2741445,2823357,2823357,2881488,2881488,2824718,2825625],"quality":"More is better","isMain":true,"metricName":"Total length"},{"values":[3033542,3035469,2796508,2796568,2892444,2892464,2738034,2741445,2823357,2823357,2881488,2881488,2824718,2825625],"quality":"More is better","isMain":false,"metricName":"Total length (>= 500 bp)"},{"values":[3031144,3033883,2796508,2796568,2889489,2889509,2731617,2735028,2820756,2820756,2878771,2878771,2822704,2823611],"quality":"More is better","isMain":false,"metricName":"Total length (>= 1000 bp)"},{"values":[64963,73887,111165,153356,221821,221821,40622,51537,146332,146332,187080,187080,122507,165713],"quality":"More is better","isMain":true,"metricName":"N50"},{"values":[38351,38856,56580,62375,123428,123428,30315,34718,92436,92436,105739,105739,52580,92503],"quality":"More is better","isMain":false,"metricName":"N75"},{"values":[12,12,7,6,5,5,20,15,7,7,6,6,7,6],"quality":"Less is better","isMain":false,"metricName":"L50"},{"values":[28,27,16,13,9,9,39,31,13,13,11,11,15,12],"quality":"Less is better","isMain":false,"metricName":"L75"},{"values":["32.93","32.93","32.73","32.73","32.85","32.85","32.68","32.68","32.70","32.70","32.72","32.72","32.73","32.73"],"quality":"Equal","isMain":false,"metricName":"GC (%)"}]],["Misassemblies",[{"values":[65,67,78,81,75,76,34,35,65,65,67,67,66,68],"quality":"Less is better","isMain":true,"metricName":"# misassemblies"},{"values":[64,66,78,81,74,75,34,35,64,64,66,66,64,65],"quality":"Less is better","isMain":false,"metricName":"    # relocations"},{"values":[1,1,0,0,0,0,0,0,0,0,0,0,1,1],"quality":"Less is better","isMain":false,"metricName":"    # translocations"},{"values":[0,0,0,0,1,1,0,0,1,1,1,1,1,2],"quality":"Less is better","isMain":false,"metricName":"    # inversions"},{"values":[37,36,27,25,21,22,27,24,25,25,19,19,29,26],"quality":"Less is better","isMain":false,"metricName":"# misassembled contigs"},{"values":[2043663,2112468,2395546,2449074,2708175,2710331,1123641,1285671,2465736,2465736,2666808,2666808,2360697,2567653],"quality":"Less is better","isMain":true,"metricName":"Misassembled contigs length"},{"values":[69,77,63,64,78,78,45,50,80,80,83,83,78,80],"quality":"Less is better","isMain":false,"metricName":"# local misassemblies"}]],["Unaligned",[{"values":[7,7,5,5,3,3,12,11,8,8,7,7,11,9],"quality":"Less is better","isMain":false,"metricName":"# fully unaligned contigs"},{"values":[65279,65279,14828,14828,11408,11408,25649,23176,43122,43122,19345,19345,48510,43840],"quality":"Less is better","isMain":false,"metricName":"Fully unaligned length"},{"values":[16,17,14,14,8,8,27,20,10,10,8,8,9,8],"quality":"Less is better","isMain":false,"metricName":"# partially unaligned contigs"},{"values":[5,5,5,5,3,3,6,6,4,4,4,4,4,4],"quality":"Less is better","isMain":false,"metricName":"    # with misassembly"},{"values":[11,10,10,10,4,4,12,9,5,5,5,5,6,5],"quality":"Less is better","isMain":false,"metricName":"    # both parts are significant"},{"values":[107453,105140,47644,47644,98951,98951,77533,73510,47365,47365,80771,80771,46778,47002],"quality":"Less is better","isMain":false,"metricName":"Partially unaligned length"}]],["Mismatches",[{"values":[22512,22520,22099,22102,23308,23306,21081,21000,22338,22338,22485,22485,22661,22660],"quality":"Less is better","isMain":false,"metricName":"# mismatches"},{"values":[1493,1497,1878,1877,1553,1553,1026,1240,1408,1408,1364,1364,1548,1624],"quality":"Less is better","isMain":false,"metricName":"# indels"},{"values":[2848,2875,3735,3734,3083,3091,2366,2870,2952,2952,3031,3031,2901,2977],"quality":"Less is better","isMain":false,"metricName":"Indels length"},{"values":["858.46","858.63","852.24","852.36","889.85","889.77","823.16","823.91","858.71","858.71","862.89","862.89","867.44","867.23"],"quality":"Less is better","isMain":true,"metricName":"# mismatches per 100 kbp"},{"values":["56.93","57.08","72.42","72.39","59.29","59.29","40.06","48.65","54.13","54.13","52.35","52.35","59.26","62.15"],"quality":"Less is better","isMain":true,"metricName":"# indels per 100 kbp"},{"values":[1419,1422,1781,1780,1473,1473,965,1165,1332,1332,1281,1281,1478,1554],"quality":"Less is better","isMain":false,"metricName":"    # short indels (<= 5 bp)"},{"values":[74,75,97,97,80,80,61,75,76,76,83,83,70,70],"quality":"Less is better","isMain":false,"metricName":"    # long indels (> 5 bp)"},{"values":[0,805,0,60,0,20,0,750,4,4,57,57,0,371],"quality":"Less is better","isMain":false,"metricName":"# N's"},{"values":["0.00","26.52","0.00","2.15","0.00","0.69","0.00","27.36","0.14","0.14","1.98","1.98","0.00","13.13"],"quality":"Less is better","isMain":true,"metricName":"# N's per 100 kbp"}]],["Genome statistics",[{"values":["91.026","91.040","89.895","89.895","90.420","90.420","88.924","89.031","90.062","90.062","90.647","90.647","90.395","90.413"],"quality":"More is better","isMain":true,"metricName":"Genome fraction (%)"},{"values":["1.084","1.086","1.049","1.049","1.062","1.062","1.021","1.024","1.047","1.047","1.059","1.059","1.041","1.043"],"quality":"Less is better","isMain":true,"metricName":"Duplication ratio"},{"values":["2474 + 63 part","2474 + 63 part","2454 + 57 part","2454 + 57 part","2473 + 56 part","2473 + 56 part","2377 + 71 part","2385 + 65 part","2447 + 56 part","2447 + 56 part","2477 + 54 part","2477 + 54 part","2463 + 61 part","2468 + 60 part"],"quality":"More is better","isMain":true,"metricName":"# genes"},{"values":[187397,187397,172651,172651,187458,187458,137866,172760,187397,187397,187456,187456,187397,187397],"quality":"More is better","isMain":false,"metricName":"Largest alignment"},{"values":[73887,80142,102839,153356,221821,221821,39698,51135,146332,146332,187080,187080,122507,146342],"quality":"More is better","isMain":false,"metricName":"NG50"},{"values":[39976,43231,53749,56580,123428,123428,27943,32186,92436,92436,105739,105739,49888,83204],"quality":"More is better","isMain":false,"metricName":"NG75"},{"values":[42776,49061,45901,45901,70865,70865,34831,40069,79978,79978,70865,70865,64058,80074],"quality":"More is better","isMain":false,"metricName":"NA50"},{"values":[22162,24162,26603,26603,37339,37339,19164,20048,33715,33715,34865,34865,33895,34865],"quality":"More is better","isMain":false,"metricName":"NA75"},{"values":[49061,50757,45835,45835,70865,70865,32592,36704,79978,79978,70865,70865,57767,70807],"quality":"More is better","isMain":true,"metricName":"NGA50"},{"values":[27300,29333,23299,23299,34865,34865,16567,17410,31543,31543,34865,34865,32712,32712],"quality":"More is better","isMain":false,"metricName":"NGA75"},{"values":[11,11,8,6,5,5,22,17,7,7,6,6,7,7],"quality":"Less is better","isMain":false,"metricName":"LG50"},{"values":[25,24,17,15,9,9,43,35,13,13,11,11,17,13],"quality":"Less is better","isMain":false,"metricName":"LG75"},{"values":[19,18,17,17,13,13,25,20,13,13,13,13,14,13],"quality":"Less is better","isMain":false,"metricName":"LA50"},{"values":[42,40,35,35,27,27,49,43,27,27,28,28,30,28],"quality":"Less is better","isMain":false,"metricName":"LA75"},{"values":[18,17,18,18,13,13,28,23,13,13,13,13,15,14],"quality":"Less is better","isMain":false,"metricName":"LGA50"},{"values":[38,36,38,38,28,28,57,49,29,29,28,28,32,30],"quality":"Less is better","isMain":false,"metricName":"LGA75"}]],["Predicted genes",[]],["Reference statistics",[{"values":[2903081,2903081,2903081,2903081,2903081,2903081,2903081,2903081,2903081,2903081,2903081,2903081,2903081,2903081],"quality":"Equal","isMain":false,"metricName":"Reference length"},{"values":["32.73","32.73","32.73","32.73","32.73","32.73","32.73","32.73","32.73","32.73","32.73","32.73","32.73","32.73"],"quality":"Equal","isMain":false,"metricName":"Reference GC (%)"},{"values":[2844,2844,2844,2844,2844,2844,2844,2844,2844,2844,2844,2844,2844,2844],"quality":"Equal","isMain":false,"metricName":"Reference genes"},{"values":[0,0,0,0,0,0,0,0,0,0,0,0,0,0],"quality":"Equal","isMain":false,"metricName":"Reference operons"}]]],"minContig":500,"assembliesNames":["SA-H-Abyss-Scaffold broken","SA-H-Abyss-Scaffold","SA-H-Cabog-Scaffold broken","SA-H-Cabog-Scaffold","SA-H-Msrca-Scaffold broken","SA-H-Msrca-Scaffold","SA-H-Sga-Scaffold broken","SA-H-Sga-Scaffold","SA-H-Soap-Scaffold broken","SA-H-Soap-Scaffold","SA-H-Spades-Scaffold broken","SA-H-Spades-Scaffold","SA-H-Velvet-Scaffold broken","SA-H-Velvet-Scaffold"]}