gi|77404693|ref|NC_007489.1|_Rhodobacter_sphaeroides_2.4.1_plasmid_C__complete_sequence	NODE_38_length_26467_cov_42.9859_ID_1603069_1	NODE_65_length_1530_cov_47.8485_ID_1603063_1	NODE_63_length_1752_cov_65.8174_ID_1603101_1	NODE_19_length_114243_cov_35.8042_ID_1600259_1	NODE_62_length_1752_cov_55.8542_ID_1603099_1	NODE_22_length_77278_cov_43.1411_ID_1603097_1
gi|552530953|ref|NC_007490.2|_Rhodobacter_sphaeroides_2.4.1_plasmid_D__complete_sequence	NODE_52_length_6052_cov_36.778_ID_1603205_1	NODE_34_length_30601_cov_46.3365_ID_1603105_1	NODE_71_length_712_cov_22.1978_ID_1603143_1	NODE_66_length_1530_cov_46.071_ID_1603065_1	NODE_58_length_2600_cov_51.5751_ID_1603207_1	NODE_28_length_38181_cov_85.6986_ID_1603203_1	NODE_25_length_55589_cov_69.9461_ID_1603067_1
gi|552536492|ref|NC_007494.2|_Rhodobacter_sphaeroides_2.4.1_chromosome_2__complete_sequence	NODE_16_length_131101_cov_20.5217_ID_1603039_1	NODE_30_length_35503_cov_20.1481_ID_1603095_1	NODE_55_length_3549_cov_20.8152_ID_1603019_1	NODE_21_length_93962_cov_20.0775_ID_1600459_1	NODE_47_length_15478_cov_23.2002_ID_1603231_1	NODE_41_length_21626_cov_20.8891_ID_1603103_1	NODE_35_length_30047_cov_23.4809_ID_1603211_1	NODE_6_length_202907_cov_19.4926_ID_1600143_1	NODE_72_length_686_cov_28.8148_ID_1603229_1	NODE_63_length_1752_cov_65.8174_ID_1603101_1	NODE_19_length_114243_cov_35.8042_ID_1600259_1	NODE_4_length_217724_cov_22.0872_ID_1603027_1	NODE_4_length_217724_cov_22.0872_ID_1603027_1	NODE_62_length_1752_cov_55.8542_ID_1603099_1	NODE_12_length_145992_cov_21.6108_ID_1603295_1	NODE_36_length_29977_cov_23.5771_ID_1602483_1	NODE_56_length_3534_cov_19.0208_ID_1603015_1	NODE_64_length_1579_cov_23.0773_ID_1603017_1	NODE_37_length_28226_cov_21.8296_ID_1603031_1	NODE_48_length_11851_cov_21.0409_ID_1603033_1
gi|552530711|ref|NC_007488.2|_Rhodobacter_sphaeroides_2.4.1_plasmid_B__complete_sequence	NODE_19_length_114243_cov_35.8042_ID_1600259_1
gi|552535527|ref|NC_007493.2|_Rhodobacter_sphaeroides_2.4.1_chromosome_1__complete_sequence	NODE_3_length_235542_cov_20.461_ID_1603091_1	NODE_1_length_425067_cov_20.625_ID_1603247_1	NODE_1_length_425067_cov_20.625_ID_1603247_1	NODE_1_length_425067_cov_20.625_ID_1603247_1	NODE_1_length_425067_cov_20.625_ID_1603247_1	NODE_2_length_279591_cov_20.4824_ID_1600539_1	NODE_9_length_174459_cov_20.7446_ID_1603045_1	NODE_31_length_34878_cov_21.527_ID_1603241_1	NODE_53_length_5300_cov_21.8451_ID_1603009_1	NODE_68_length_1120_cov_33.909_ID_1603049_1	NODE_40_length_23089_cov_19.7187_ID_1603053_1	NODE_13_length_144061_cov_20.2026_ID_1603109_1	NODE_7_length_202404_cov_21.4522_ID_1603291_1	NODE_7_length_202404_cov_21.4522_ID_1603291_1	NODE_18_length_115057_cov_20.0634_ID_1600521_3	NODE_18_length_115057_cov_20.0634_ID_1600521_3	NODE_18_length_115057_cov_20.0634_ID_1600521_2	NODE_29_length_37257_cov_21.813_ID_1603077_1	NODE_73_length_528_cov_39.1469_ID_1601103_1	NODE_8_length_178062_cov_20.4861_ID_1603043_1	NODE_39_length_26109_cov_21.2221_ID_1600299_1	NODE_32_length_33003_cov_21.1967_ID_1603235_1	NODE_17_length_120555_cov_21.3545_ID_1603217_1	NODE_44_length_19079_cov_21.005_ID_1599253_1	NODE_61_length_2003_cov_23.5841_ID_1594101_1	NODE_46_length_16531_cov_21.1577_ID_1603223_1	NODE_49_length_7193_cov_18.56_ID_1590777_1	NODE_33_length_32975_cov_19.006_ID_1601495_1	NODE_5_length_204120_cov_21.2499_ID_1599821_1	NODE_42_length_19551_cov_20.7005_ID_1603047_1	NODE_4_length_217724_cov_22.0872_ID_1603027_1	NODE_20_length_104015_cov_20.986_ID_1602513_1	NODE_20_length_104015_cov_20.986_ID_1602513_1	NODE_26_length_53312_cov_22.2556_ID_1603021_1	NODE_36_length_29977_cov_23.5771_ID_1602483_1	NODE_23_length_64791_cov_19.9087_ID_1603289_1	NODE_11_length_151794_cov_21.1518_ID_1530647_1	NODE_11_length_151794_cov_21.1518_ID_1530647_1	NODE_14_length_142764_cov_20.8575_ID_1599695_1	NODE_15_length_139439_cov_21.8176_ID_1600455_1	NODE_10_length_158921_cov_19.6424_ID_1603243_1	NODE_45_length_18742_cov_24.4771_ID_1603219_1
gi|125654605|ref|NC_009007.1|_Rhodobacter_sphaeroides_2.4.1_plasmid_A__partial_sequence	NODE_54_length_4870_cov_47.1867_ID_1603123_1	NODE_24_length_58086_cov_65.9683_ID_1603083_1	NODE_50_length_6892_cov_102.782_ID_1603087_1	NODE_27_length_39718_cov_53.9668_ID_1603209_1	NODE_60_length_2347_cov_49.5333_ID_1599301_1	NODE_57_length_2839_cov_54.3742_ID_1603079_1	NODE_70_length_951_cov_44.1151_ID_1601573_1	NODE_67_length_1215_cov_56.1226_ID_1603161_1	NODE_51_length_6156_cov_47.4259_ID_1603249_1	NODE_43_length_19590_cov_62.8335_ID_1600163_1	NODE_28_length_38181_cov_85.6986_ID_1603203_1	NODE_59_length_2434_cov_58.4306_ID_1602393_1	NODE_69_length_1111_cov_7.22753_ID_1602443_1
gi|125654693|ref|NC_009008.1|_Rhodobacter_sphaeroides_2.4.1_plasmid_E__partial_sequence	NODE_24_length_58086_cov_65.9683_ID_1603083_1	NODE_24_length_58086_cov_65.9683_ID_1603083_1	NODE_63_length_1752_cov_65.8174_ID_1603101_1	NODE_19_length_114243_cov_35.8042_ID_1600259_1	NODE_62_length_1752_cov_55.8542_ID_1603099_1
