{"date":"08 July 2014, Tuesday, 10:03:55","report":[["Statistics without reference",[{"values":[520,534,640,106,577,720,163,586],"quality":"Less is better","isMain":true,"metricName":"# contigs"},{"values":[604,537,1228,130,862,859,298,696],"quality":"Less is better","isMain":false,"metricName":"# contigs (>= 200 bp)"},{"values":[464,531,446,89,511,613,134,513],"quality":"Less is better","isMain":false,"metricName":"# contigs (>= 1000 bp)"},{"values":[66408,41321,110511,358962,75323,45522,291333,59062],"quality":"More is better","isMain":true,"metricName":"Largest contig"},{"values":[4542138,4214745,4494266,4479673,4211737,4440636,4628908,4475470],"quality":"More is better","isMain":true,"metricName":"Total length"},{"values":[4569531,4215836,4675875,4489204,4291843,4487957,4664700,4510543],"quality":"More is better","isMain":false,"metricName":"Total length (>= 200 bp)"},{"values":[4501467,4212622,4355336,4468382,4164683,4360313,4607692,4422515],"quality":"More is better","isMain":false,"metricName":"Total length (>= 1000 bp)"},{"values":[13523,12421,18568,176783,12872,11128,74486,13807],"quality":"More is better","isMain":true,"metricName":"N50"},{"values":[8662,7179,9191,102004,6960,5955,47310,7500],"quality":"More is better","isMain":false,"metricName":"N75"},{"values":[98,111,69,10,96,121,19,98],"quality":"Less is better","isMain":false,"metricName":"L50"},{"values":[205,222,154,18,204,259,38,207],"quality":"Less is better","isMain":false,"metricName":"L75"},{"values":["68.72","68.94","68.89","68.87","68.70","68.88","68.83","68.76"],"quality":"Equal","isMain":false,"metricName":"GC (%)"}]],["Misassemblies",[{"values":[8,4,9,4,1,3,8,3],"quality":"Less is better","isMain":true,"metricName":"# misassemblies"},{"values":[2,1,1,2,0,2,4,2],"quality":"Less is better","isMain":false,"metricName":"    # relocations"},{"values":[6,3,8,2,1,1,4,1],"quality":"Less is better","isMain":false,"metricName":"    # translocations"},{"values":[0,0,0,0,0,0,0,0],"quality":"Less is better","isMain":false,"metricName":"    # inversions"},{"values":[6,4,7,4,1,2,6,2],"quality":"Less is better","isMain":false,"metricName":"# misassembled contigs"},{"values":[82256,37614,53750,35324,8334,13073,185752,23057],"quality":"Less is better","isMain":true,"metricName":"Misassembled contigs length"},{"values":[1,3,4,4,1,9,4,4],"quality":"Less is better","isMain":false,"metricName":"# local misassemblies"}]],["Unaligned",[{"values":[1,0,0,0,0,1,0,0],"quality":"Less is better","isMain":false,"metricName":"# fully unaligned contigs"},{"values":[634,0,0,0,0,937,0,0],"quality":"Less is better","isMain":false,"metricName":"Fully unaligned length"},{"values":[1,10,4,1,2,10,0,4],"quality":"Less is better","isMain":false,"metricName":"# partially unaligned contigs"},{"values":[0,0,0,0,0,0,0,0],"quality":"Less is better","isMain":false,"metricName":"    # with misassembly"},{"values":[0,0,1,0,0,0,0,0],"quality":"Less is better","isMain":false,"metricName":"    # both parts are significant"},{"values":[27,360,758,29,83,176,0,179],"quality":"Less is better","isMain":false,"metricName":"Partially unaligned length"}]],["Mismatches",[{"values":[389,839,922,3220,47,1113,265,426],"quality":"Less is better","isMain":false,"metricName":"# mismatches"},{"values":[38,72,121,53,9,337,39,14],"quality":"Less is better","isMain":false,"metricName":"# indels"},{"values":[77,190,237,168,10,917,79,56],"quality":"Less is better","isMain":false,"metricName":"Indels length"},{"values":["8.64","20.07","20.63","72.10","1.12","25.12","5.80","9.52"],"quality":"Less is better","isMain":true,"metricName":"# mismatches per 100 kbp"},{"values":["0.84","1.72","2.71","1.19","0.21","7.61","0.85","0.31"],"quality":"Less is better","isMain":true,"metricName":"# indels per 100 kbp"},{"values":[37,65,115,47,9,310,37,12],"quality":"Less is better","isMain":false,"metricName":"    # short indels (<= 5 bp)"},{"values":[1,7,6,6,0,27,2,2],"quality":"Less is better","isMain":false,"metricName":"    # long indels (> 5 bp)"},{"values":[8,0,241,0,0,0,691,0],"quality":"Less is better","isMain":false,"metricName":"# N's"},{"values":["0.18","0.00","5.36","0.00","0.00","0.00","14.93","0.00"],"quality":"Less is better","isMain":true,"metricName":"# N's per 100 kbp"}]],["Genome statistics",[{"values":["97.818","90.818","97.109","97.028","91.376","96.251","99.272","97.182"],"quality":"More is better","isMain":true,"metricName":"Genome fraction (%)"},{"values":["1.010","1.013","1.006","1.004","1.001","1.003","1.018","1.001"],"quality":"Less is better","isMain":true,"metricName":"Duplication ratio"},{"values":["4029 + 361 part","3619 + 514 part","3908 + 503 part","4297 + 59 part","3677 + 592 part","3751 + 652 part","4349 + 104 part","3904 + 516 part"],"quality":"More is better","isMain":true,"metricName":"# genes"},{"values":[66408,41321,110511,358962,75323,45511,291332,59056],"quality":"More is better","isMain":false,"metricName":"Largest alignment"},{"values":[13319,11358,17743,176783,12057,10600,83463,13087],"quality":"More is better","isMain":false,"metricName":"NG50"},{"values":[8354,5447,8354,69776,5330,5310,47313,6852],"quality":"More is better","isMain":false,"metricName":"NG75"},{"values":[13475,12360,18527,176783,12872,11091,74016,13807],"quality":"More is better","isMain":false,"metricName":"NA50"},{"values":[8502,7179,9183,102004,6960,5900,42417,7500],"quality":"More is better","isMain":false,"metricName":"NA75"},{"values":[13319,11217,17656,176783,12057,10512,83460,13087],"quality":"More is better","isMain":true,"metricName":"NGA50"},{"values":[8339,5447,8287,69769,5330,5304,42417,6851],"quality":"More is better","isMain":false,"metricName":"NGA75"},{"values":[101,127,72,10,111,128,18,103],"quality":"Less is better","isMain":false,"metricName":"LG50"},{"values":[211,269,163,20,252,281,37,220],"quality":"Less is better","isMain":false,"metricName":"LG75"},{"values":[99,112,69,10,96,121,19,98],"quality":"Less is better","isMain":false,"metricName":"LA50"},{"values":[206,223,154,18,204,260,38,207],"quality":"Less is better","isMain":false,"metricName":"LA75"},{"values":[101,128,72,10,111,128,18,103],"quality":"Less is better","isMain":false,"metricName":"LGA50"},{"values":[211,270,164,20,252,282,38,221],"quality":"Less is better","isMain":false,"metricName":"LGA75"}]],["Predicted genes",[]],["Reference statistics",[{"values":[4602977,4602977,4602977,4602977,4602977,4602977,4602977,4602977],"quality":"Equal","isMain":false,"metricName":"Reference length"},{"values":["68.79","68.79","68.79","68.79","68.79","68.79","68.79","68.79"],"quality":"Equal","isMain":false,"metricName":"Reference GC (%)"},{"values":[4474,4474,4474,4474,4474,4474,4474,4474],"quality":"Equal","isMain":false,"metricName":"Reference genes"},{"values":[0,0,0,0,0,0,0,0],"quality":"Equal","isMain":false,"metricName":"Reference operons"}]]],"minContig":500,"assembliesNames":["RS-H-Abyss-Contig","RS-H-Cabog-Contig","RS-H-Mira-Contig","RS-H-Msrca-Contig","RS-H-Sga-Contig","RS-H-Soap-Contig","RS-H-Spades-Contig","RS-H-Velvet-Contig"]}