{"date": "21 April 2014, Monday, 05:32:29", "report": [["Statistics without reference", [{"quality": "Less is better", "metricName": "# contigs", "values": [53, 87, 87, 53], "isMain": true}, {"quality": "Less is better", "metricName": "# contigs (>= 0 bp)", "values": [103, 617, 617, 103], "isMain": false}, {"quality": "Less is better", "metricName": "# contigs (>= 1000 bp)", "values": [51, 82, 82, 51], "isMain": false}, {"quality": "More is better", "metricName": "Largest contig", "values": [526254, 430487, 430487, 526254], "isMain": true}, {"quality": "More is better", "metricName": "Total length", "values": [4886581, 5380960, 5380960, 4886581], "isMain": true}, {"quality": "More is better", "metricName": "Total length (>= 0 bp)", "values": [4895627, 5431491, 5431491, 4895627], "isMain": false}, {"quality": "More is better", "metricName": "Total length (>= 1000 bp)", "values": [4884654, 5376981, 5376981, 4884654], "isMain": false}, {"quality": "More is better", "metricName": "N50", "values": [180361, 130570, 130570, 180361], "isMain": true}, {"quality": "More is better", "metricName": "N75", "values": [93861, 69698, 69698, 93861], "isMain": false}, {"quality": "Less is better", "metricName": "L50", "values": [9, 12, 12, 9], "isMain": false}, {"quality": "Less is better", "metricName": "L75", "values": [18, 26, 26, 18], "isMain": false}, {"quality": "Equal", "metricName": "GC (%)", "values": ["61.61", "35.30", "35.30", "61.61"], "isMain": false}]], ["Misassemblies", [{"quality": "Less is better", "metricName": "# misassemblies", "values": ["", 2, "", 0], "isMain": true}, {"quality": "Less is better", "metricName": "    # relocations", "values": ["", 1, "", 0], "isMain": false}, {"quality": "Less is better", "metricName": "    # translocations", "values": ["", 1, "", 0], "isMain": false}, {"quality": "Less is better", "metricName": "    # inversions", "values": ["", 0, "", 0], "isMain": false}, {"quality": "Less is better", "metricName": "# misassembled contigs", "values": ["", 2, "", 0], "isMain": false}, {"quality": "Less is better", "metricName": "Misassembled contigs length", "values": ["", 52909, "", 0], "isMain": true}, {"quality": "Less is better", "metricName": "# local misassemblies", "values": ["", 25, "", 0], "isMain": false}]], ["Unaligned", [{"quality": "Less is better", "metricName": "# fully unaligned contigs", "values": ["", 0, 87, 10], "isMain": false}, {"quality": "Less is better", "metricName": "Fully unaligned length", "values": ["", 0, 5380960, 159840], "isMain": false}, {"quality": "Less is better", "metricName": "# partially unaligned contigs", "values": ["", 1, "", 39], "isMain": false}, {"quality": "Less is better", "metricName": "    # with misassembly", "values": ["", 1, "", 27], "isMain": false}, {"quality": "Less is better", "metricName": "    # both parts are significant", "values": ["", 1, "", 34], "isMain": false}, {"quality": "Less is better", "metricName": "Partially unaligned length", "values": ["", 2338, "", 4023562], "isMain": false}]], ["Mismatches", [{"quality": "Less is better", "metricName": "# mismatches", "values": ["", 351, "", 2248], "isMain": false}, {"quality": "Less is better", "metricName": "# indels", "values": ["", 428, "", 74], "isMain": false}, {"quality": "Less is better", "metricName": "Indels length", "values": ["", 2800, "", 108], "isMain": false}, {"quality": "Less is better", "metricName": "# mismatches per 100 kbp", "values": ["", "6.56", "", "3648.52"], "isMain": true}, {"quality": "Less is better", "metricName": "# indels per 100 kbp", "values": ["", "8.00", "", "120.10"], "isMain": true}, {"quality": "Less is better", "metricName": "    # short indels (<= 5 bp)", "values": ["", 337, "", 73], "isMain": false}, {"quality": "Less is better", "metricName": "    # long indels (> 5 bp)", "values": ["", 91, "", 1], "isMain": false}, {"quality": "Less is better", "metricName": "# N's", "values": [0, 5511, 5511, 0], "isMain": false}, {"quality": "Less is better", "metricName": "# N's per 100 kbp", "values": ["0.00", "102.42", "102.42", "0.00"], "isMain": true}]], ["Genome statistics", [{"quality": "More is better", "metricName": "Genome fraction (%)", "values": ["", "98.451", "", "14.808"], "isMain": true}, {"quality": "Less is better", "metricName": "Duplication ratio", "values": ["", "1.010", "", "1.001"], "isMain": true}, {"quality": "More is better", "metricName": "# genes", "values": ["", "5813 + 73 part", "", "606 + 61 part"], "isMain": true}, {"quality": "More is better", "metricName": "Largest alignment", "values": ["", 430487, "", 52419], "isMain": false}, {"quality": "More is better", "metricName": "NG50", "values": ["", 130570, 130570, 184389], "isMain": false}, {"quality": "More is better", "metricName": "NG75", "values": ["", 65667, 69698, 104748], "isMain": false}, {"quality": "More is better", "metricName": "NA50", "values": ["", 130570, "", ""], "isMain": false}, {"quality": "More is better", "metricName": "NA75", "values": ["", 69698, "", ""], "isMain": false}, {"quality": "More is better", "metricName": "NGA50", "values": ["", 130570, "", ""], "isMain": true}, {"quality": "More is better", "metricName": "NGA75", "values": ["", 65667, "", ""], "isMain": false}, {"quality": "Less is better", "metricName": "LG50", "values": ["", 12, 12, 8], "isMain": false}, {"quality": "Less is better", "metricName": "LG75", "values": ["", 27, 26, 17], "isMain": false}, {"quality": "Less is better", "metricName": "LA50", "values": ["", 12, "", ""], "isMain": false}, {"quality": "Less is better", "metricName": "LA75", "values": ["", 26, "", ""], "isMain": false}, {"quality": "Less is better", "metricName": "LGA50", "values": ["", 12, "", ""], "isMain": false}, {"quality": "Less is better", "metricName": "LGA75", "values": ["", 27, "", ""], "isMain": false}]], ["Predicted genes", []], ["Reference statistics", [{"quality": "Equal", "metricName": "Reference length", "values": ["", 5432652, 5373121, 4744448], "isMain": false}, {"quality": "Equal", "metricName": "Reference GC (%)", "values": ["", "35.50", "43.42", "61.55"], "isMain": false}, {"quality": "Equal", "metricName": "Reference genes", "values": ["", 6014, "", 4284], "isMain": false}, {"quality": "Equal", "metricName": "Reference operons", "values": ["", 0, "", 0], "isMain": false}]]], "minContig": 500, "assembliesNames": ["549_dataset_488.dat", "527_B_cereus_ATCC_1098", "527_B_fragilis_638R", "644_AH"]}