{"date":"04 May 2014, Sunday, 22:59:41","report":[["Statistics without reference",[{"values":[48,45],"quality":"Less is better","isMain":true,"metricName":"# contigs"},{"values":[167,158],"quality":"Less is better","isMain":false,"metricName":"# contigs (>= 0 bp)"},{"values":[47,43],"quality":"Less is better","isMain":false,"metricName":"# contigs (>= 1000 bp)"},{"values":[654090,654090],"quality":"More is better","isMain":true,"metricName":"Largest contig"},{"values":[4967765,4969781],"quality":"More is better","isMain":true,"metricName":"Total length"},{"values":[4983575,4984065],"quality":"More is better","isMain":false,"metricName":"Total length (>= 0 bp)"},{"values":[4966849,4968254],"quality":"More is better","isMain":false,"metricName":"Total length (>= 1000 bp)"},{"values":[237457,268392],"quality":"More is better","isMain":true,"metricName":"N50"},{"values":[122207,137136],"quality":"More is better","isMain":false,"metricName":"N75"},{"values":[7,6],"quality":"Less is better","isMain":false,"metricName":"L50"},{"values":[15,13],"quality":"Less is better","isMain":false,"metricName":"L75"},{"values":["61.54","61.53"],"quality":"Equal","isMain":false,"metricName":"GC (%)"}]],["Misassemblies",[{"values":[0,0],"quality":"Less is better","isMain":true,"metricName":"# misassemblies"},{"values":[0,0],"quality":"Less is better","isMain":false,"metricName":"    # relocations"},{"values":[0,0],"quality":"Less is better","isMain":false,"metricName":"    # translocations"},{"values":[0,0],"quality":"Less is better","isMain":false,"metricName":"    # inversions"},{"values":[0,0],"quality":"Less is better","isMain":false,"metricName":"# misassembled contigs"},{"values":[0,0],"quality":"Less is better","isMain":true,"metricName":"Misassembled contigs length"},{"values":[0,0],"quality":"Less is better","isMain":false,"metricName":"# local misassemblies"}]],["Unaligned",[{"values":[47,44],"quality":"Less is better","isMain":false,"metricName":"# fully unaligned contigs"},{"values":[4852878,4854894],"quality":"Less is better","isMain":false,"metricName":"Fully unaligned length"},{"values":[1,1],"quality":"Less is better","isMain":false,"metricName":"# partially unaligned contigs"},{"values":[0,0],"quality":"Less is better","isMain":false,"metricName":"    # with misassembly"},{"values":[1,1],"quality":"Less is better","isMain":false,"metricName":"    # both parts are significant"},{"values":[113369,113369],"quality":"Less is better","isMain":false,"metricName":"Partially unaligned length"}]],["Mismatches",[{"values":[66,66],"quality":"Less is better","isMain":false,"metricName":"# mismatches"},{"values":[0,0],"quality":"Less is better","isMain":false,"metricName":"# indels"},{"values":[0,0],"quality":"Less is better","isMain":false,"metricName":"Indels length"},{"values":["4347.83","4347.83"],"quality":"Less is better","isMain":true,"metricName":"# mismatches per 100 kbp"},{"values":["0.00","0.00"],"quality":"Less is better","isMain":true,"metricName":"# indels per 100 kbp"},{"values":[0,0],"quality":"Less is better","isMain":false,"metricName":"    # short indels (<= 5 bp)"},{"values":[0,0],"quality":"Less is better","isMain":false,"metricName":"    # long indels (> 5 bp)"},{"values":[1,491],"quality":"Less is better","isMain":false,"metricName":"# N's"},{"values":["0.02","9.88"],"quality":"Less is better","isMain":true,"metricName":"# N's per 100 kbp"}]],["Genome statistics",[{"values":["0.721","0.721"],"quality":"More is better","isMain":true,"metricName":"Genome fraction (%)"},{"values":["1.000","1.000"],"quality":"Less is better","isMain":true,"metricName":"Duplication ratio"},{"values":[1518,1518],"quality":"More is better","isMain":false,"metricName":"Largest alignment"},{"values":[654090,654090],"quality":"More is better","isMain":false,"metricName":"NG50"},{"values":[654090,654090],"quality":"More is better","isMain":false,"metricName":"NG75"},{"values":[1,1],"quality":"Less is better","isMain":false,"metricName":"LG50"},{"values":[1,1],"quality":"Less is better","isMain":false,"metricName":"LG75"}]],["Predicted genes",[]],["Reference statistics",[{"values":[210423,210423],"quality":"Equal","isMain":false,"metricName":"Reference length"},{"values":["33.69","33.69"],"quality":"Equal","isMain":false,"metricName":"Reference GC (%)"},{"values":[0,0],"quality":"Equal","isMain":false,"metricName":"Reference genes"},{"values":[0,0],"quality":"Equal","isMain":false,"metricName":"Reference operons"}]]],"minContig":500,"assembliesNames":["cabog broken","cabog"]}