Assembly	dataset_592.dat broken	dataset_592.dat
# contigs (>= 0 bp)	864	822
# contigs (>= 1000 bp)	312	302
Total length (>= 0 bp)	5873796	5875896
Total length (>= 1000 bp)	5774294	5784758
# contigs	353	341
Total length	5801552	5810521
Largest contig	257581	257581
Reference length	4744448	4744448
GC (%)	35.20	35.21
Reference GC (%)	61.55	61.55
N50	47088	48439
NG50	58375	59856
N75	20272	20272
NG75	30554	33009
L50	37	32
LG50	26	22
L75	87	81
LG75	55	48
# unaligned contigs	353 + 0 part	341 + 0 part
Unaligned contigs length	5801552	5810521
# N's per 100 kbp	0.00	33.56
