{"date": "21 May 2014, Wednesday, 21:46:07", "report": [["Statistics without reference", [{"quality": "Less is better", "metricName": "# contigs", "values": [30, 30], "isMain": true}, {"quality": "Less is better", "metricName": "# contigs (>= 0 bp)", "values": [78, 78], "isMain": false}, {"quality": "Less is better", "metricName": "# contigs (>= 1000 bp)", "values": [28, 28], "isMain": false}, {"quality": "More is better", "metricName": "Largest contig", "values": [803895, 803895], "isMain": true}, {"quality": "More is better", "metricName": "Total length", "values": [4888113, 4888113], "isMain": true}, {"quality": "More is better", "metricName": "Total length (>= 0 bp)", "values": [4896755, 4896755], "isMain": false}, {"quality": "More is better", "metricName": "Total length (>= 1000 bp)", "values": [4886186, 4886186], "isMain": false}, {"quality": "More is better", "metricName": "N50", "values": [301388, 301388], "isMain": true}, {"quality": "More is better", "metricName": "N75", "values": [229873, 229873], "isMain": false}, {"quality": "Less is better", "metricName": "L50", "values": [5, 5], "isMain": false}, {"quality": "Less is better", "metricName": "L75", "values": [9, 9], "isMain": false}, {"quality": "Equal", "metricName": "GC (%)", "values": ["61.61", "61.61"], "isMain": false}]], ["Misassemblies", []], ["Unaligned", []], ["Mismatches", [{"quality": "Less is better", "metricName": "# N's", "values": [1128, 1128], "isMain": false}, {"quality": "Less is better", "metricName": "# N's per 100 kbp", "values": ["23.08", "23.08"], "isMain": true}]], ["Genome statistics", []], ["Predicted genes", []], ["Reference statistics", []]], "minContig": 500, "assembliesNames": ["1_ah_velvet", "2_ah_velvet"]}