{"ref_genes_number": 0, "genes_in_contigs": {"238_scaffold": [64, 80, 32, 22, 16, 32, 51, 29, 0, 22, 6, 7, 10, 33, 63, 32, 6, 46, 3, 13, 0, 1, 0, 0, 5, 6, 0, 0, 0, 17, 0, 0, 1, 0, 1, 1, 1, 0, 3, 0, 0, 0, 0, 0, 0], "238_contig": [64, 80, 16, 22, 32, 51, 29, 0, 22, 16, 10, 33, 63, 32, 3, 12, 6, 46, 3, 12, 7, 0, 1, 7, 0, 1, 0, 5, 6, 3, 0, 0, 0, 0, 0, 17, 0, 0, 0, 1, 0, 2, 1, 0, 0, 0, 3, 0, 1, 0, 0, 0, 0, 0], "239_contig": [64, 80, 16, 22, 32, 51, 29, 0, 22, 16, 10, 33, 63, 32, 3, 12, 6, 46, 3, 12, 7, 0, 1, 7, 0, 1, 0, 5, 6, 3, 0, 0, 0, 0, 0, 17, 0, 0, 0, 1, 0, 2, 1, 0, 0, 0, 3, 0, 1, 0, 0, 0, 0, 0], "239_scaffold": [64, 80, 32, 22, 16, 32, 51, 29, 0, 22, 6, 7, 10, 33, 63, 32, 6, 46, 3, 13, 0, 1, 0, 0, 5, 6, 0, 0, 0, 17, 0, 0, 1, 0, 1, 1, 1, 0, 3, 0, 0, 0, 0, 0, 0]}, "filenames": ["238_contig", "238_scaffold", "239_contig", "239_scaffold"]}