{"date": "04 May 2014, Sunday, 15:23:55", "report": [["Statistics without reference", [{"quality": "Less is better", "metricName": "# contigs", "values": [54, 45, 54, 45], "isMain": true}, {"quality": "Less is better", "metricName": "# contigs (>= 0 bp)", "values": [174, 158, 174, 158], "isMain": false}, {"quality": "Less is better", "metricName": "# contigs (>= 1000 bp)", "values": [52, 43, 52, 43], "isMain": false}, {"quality": "More is better", "metricName": "Largest contig", "values": [654090, 654090, 654090, 654090], "isMain": true}, {"quality": "More is better", "metricName": "Total length", "values": [4969260, 4969781, 4969260, 4969781], "isMain": true}, {"quality": "More is better", "metricName": "Total length (>= 0 bp)", "values": [4985428, 4984065, 4985428, 4984065], "isMain": false}, {"quality": "More is better", "metricName": "Total length (>= 1000 bp)", "values": [4967717, 4968254, 4967717, 4968254], "isMain": false}, {"quality": "More is better", "metricName": "N50", "values": [237457, 268392, 237457, 268392], "isMain": true}, {"quality": "More is better", "metricName": "N75", "values": [121603, 137136, 121603, 137136], "isMain": false}, {"quality": "Less is better", "metricName": "L50", "values": [7, 6, 7, 6], "isMain": false}, {"quality": "Less is better", "metricName": "L75", "values": [15, 13, 15, 13], "isMain": false}, {"quality": "Equal", "metricName": "GC (%)", "values": ["61.53", "61.53", "61.53", "61.53"], "isMain": false}]], ["Misassemblies", [{"quality": "Less is better", "metricName": "# misassemblies", "values": [0, 1, 0, 1], "isMain": true}, {"quality": "Less is better", "metricName": "    # relocations", "values": [0, 1, 0, 1], "isMain": false}, {"quality": "Less is better", "metricName": "    # translocations", "values": [0, 0, 0, 0], "isMain": false}, {"quality": "Less is better", "metricName": "    # inversions", "values": [0, 0, 0, 0], "isMain": false}, {"quality": "Less is better", "metricName": "# misassembled contigs", "values": [0, 1, 0, 1], "isMain": false}, {"quality": "Less is better", "metricName": "Misassembled contigs length", "values": [0, 2772, 0, 2772], "isMain": true}, {"quality": "Less is better", "metricName": "# local misassemblies", "values": [0, 0, 0, 0], "isMain": false}]], ["Unaligned", [{"quality": "Less is better", "metricName": "# fully unaligned contigs", "values": [12, 9, 12, 9], "isMain": false}, {"quality": "Less is better", "metricName": "Fully unaligned length", "values": [162641, 118023, 162641, 118023], "isMain": false}, {"quality": "Less is better", "metricName": "# partially unaligned contigs", "values": [34, 28, 34, 28], "isMain": false}, {"quality": "Less is better", "metricName": "    # with misassembly", "values": [25, 21, 25, 21], "isMain": false}, {"quality": "Less is better", "metricName": "    # both parts are significant", "values": [29, 26, 29, 26], "isMain": false}, {"quality": "Less is better", "metricName": "Partially unaligned length", "values": [4071442, 4122327, 4071442, 4122327], "isMain": false}]], ["Mismatches", [{"quality": "Less is better", "metricName": "# mismatches", "values": [1049, 1060, 1049, 1060], "isMain": false}, {"quality": "Less is better", "metricName": "# indels", "values": [44, 46, 44, 46], "isMain": false}, {"quality": "Less is better", "metricName": "Indels length", "values": [59, 61, 59, 61], "isMain": false}, {"quality": "Less is better", "metricName": "# mismatches per 100 kbp", "values": ["2686.51", "2698.92", "2686.51", "2698.92"], "isMain": true}, {"quality": "Less is better", "metricName": "# indels per 100 kbp", "values": ["112.68", "117.12", "112.68", "117.12"], "isMain": true}, {"quality": "Less is better", "metricName": "    # short indels (<= 5 bp)", "values": [43, 45, 43, 45], "isMain": false}, {"quality": "Less is better", "metricName": "    # long indels (> 5 bp)", "values": [1, 1, 1, 1], "isMain": false}, {"quality": "Less is better", "metricName": "# N's", "values": [91, 491, 91, 491], "isMain": false}, {"quality": "Less is better", "metricName": "# N's per 100 kbp", "values": ["1.83", "9.88", "1.83", "9.88"], "isMain": true}]], ["Genome statistics", [{"quality": "More is better", "metricName": "Genome fraction (%)", "values": ["15.010", "14.876", "15.010", "14.876"], "isMain": true}, {"quality": "Less is better", "metricName": "Duplication ratio", "values": ["1.032", "1.033", "1.032", "1.033"], "isMain": true}, {"quality": "More is better", "metricName": "# genes", "values": ["607 + 66 part", "603 + 65 part", "607 + 66 part", "603 + 65 part"], "isMain": true}, {"quality": "More is better", "metricName": "Largest alignment", "values": [52419, 52419, 52419, 52419], "isMain": false}, {"quality": "More is better", "metricName": "NG50", "values": [237457, 268392, 237457, 268392], "isMain": false}, {"quality": "More is better", "metricName": "NG75", "values": [122207, 137898, 122207, 137898], "isMain": false}, {"quality": "Less is better", "metricName": "LG50", "values": [7, 6, 7, 6], "isMain": false}, {"quality": "Less is better", "metricName": "LG75", "values": [14, 12, 14, 12], "isMain": false}]], ["Predicted genes", []], ["Reference statistics", [{"quality": "Equal", "metricName": "Reference length", "values": [4744448, 4744448, 4744448, 4744448], "isMain": false}, {"quality": "Equal", "metricName": "Reference GC (%)", "values": ["61.55", "61.55", "61.55", "61.55"], "isMain": false}, {"quality": "Equal", "metricName": "Reference genes", "values": [4284, 4284, 4284, 4284], "isMain": false}, {"quality": "Equal", "metricName": "Reference operons", "values": [0, 0, 0, 0], "isMain": false}]]], "minContig": 500, "assembliesNames": ["238_contig", "238_scaffold", "239_contig", "239_scaffold"]}