{"date": "05 May 2014, Monday, 00:27:24", "report": [["Statistics without reference", [{"quality": "Less is better", "metricName": "# contigs", "values": [374, 163, 610, 210, 567, 284, 252, 282, 87, 77, 132, 68, 361, 79, 113, 373], "isMain": true}, {"quality": "Less is better", "metricName": "# contigs (>= 0 bp)", "values": [894, 164, 687, 259, 30012, 3161, 1127, 527, 617, 78, 164, 90, 3344, 123, 50090, 444], "isMain": false}, {"quality": "Less is better", "metricName": "# contigs (>= 1000 bp)", "values": [325, 163, 437, 180, 463, 248, 179, 251, 82, 77, 96, 55, 320, 73, 99, 351], "isMain": false}, {"quality": "More is better", "metricName": "Largest contig", "values": [257581, 387299, 524448, 397830, 108975, 268115, 459337, 267159, 430487, 258489, 311769, 766822, 106317, 606530, 346945, 91844], "isMain": true}, {"quality": "More is better", "metricName": "Total length", "values": [5805336, 4796994, 5641826, 5624071, 5471145, 5599263, 5729752, 4966856, 5380960, 5419570, 5413818, 5432639, 5368062, 5341631, 5395402, 5310336], "isMain": true}, {"quality": "More is better", "metricName": "Total length (>= 0 bp)", "values": [5879341, 4797470, 5670388, 5640375, 8771094, 5991251, 5962659, 5016338, 5431491, 5419995, 5422635, 5440292, 6180355, 5352193, 17888992, 5325180], "isMain": false}, {"quality": "More is better", "metricName": "Total length (>= 1000 bp)", "values": [5771919, 4796994, 5517018, 5602907, 5397822, 5573897, 5678972, 4944132, 5376981, 5419570, 5389079, 5422846, 5340740, 5337776, 5385812, 5295268], "isMain": false}, {"quality": "More is better", "metricName": "N50", "values": [42572, 79405, 43373, 97165, 23397, 57780, 94312, 44126, 130570, 155352, 116480, 246697, 25767, 246346, 103691, 24786], "isMain": true}, {"quality": "More is better", "metricName": "N75", "values": [19054, 31477, 15003, 34913, 10868, 21257, 37419, 20909, 69698, 76333, 52231, 170659, 16197, 78462, 60216, 13917], "isMain": false}, {"quality": "Less is better", "metricName": "L50", "values": [38, 17, 28, 16, 69, 30, 15, 33, 12, 13, 14, 6, 64, 6, 17, 65], "isMain": false}, {"quality": "Less is better", "metricName": "L75", "values": [92, 43, 85, 40, 155, 74, 38, 74, 26, 26, 32, 13, 129, 16, 34, 136], "isMain": false}, {"quality": "Equal", "metricName": "GC (%)", "values": ["35.20", "34.96", "35.21", "35.21", "35.18", "35.19", "35.26", "35.48", "35.30", "35.41", "35.42", "35.39", "35.30", "35.28", "35.36", "35.29"], "isMain": false}]], ["Misassemblies", [{"quality": "Less is better", "metricName": "# misassemblies", "values": [5, 0, 1, 4, 0, 1, 5, 0, 2, 4, 8, 9, 1, 0, 5, 3], "isMain": true}, {"quality": "Less is better", "metricName": "    # relocations", "values": [5, 0, 1, 4, 0, 1, 5, 0, 1, 3, 6, 8, 1, 0, 4, 3], "isMain": false}, {"quality": "Less is better", "metricName": "    # translocations", "values": [0, 0, 0, 0, 0, 0, 0, 0, 1, 1, 2, 1, 0, 0, 1, 0], "isMain": false}, {"quality": "Less is better", "metricName": "    # inversions", "values": [0, 0, 0, 0, 0, 0, 0, 0, 0, 0, 0, 0, 0, 0, 0, 0], "isMain": false}, {"quality": "Less is better", "metricName": "# misassembled contigs", "values": [4, 0, 1, 3, 0, 1, 5, 0, 2, 4, 7, 9, 1, 0, 4, 3], "isMain": false}, {"quality": "Less is better", "metricName": "Misassembled contigs length", "values": [3003, 0, 995, 3269, 0, 503, 3725, 0, 52909, 541451, 532679, 289559, 508, 0, 105455, 72913], "isMain": true}, {"quality": "Less is better", "metricName": "# local misassemblies", "values": [2, 0, 0, 1, 0, 1, 0, 0, 25, 6, 14, 11, 1, 21, 14, 11], "isMain": false}]], ["Unaligned", [{"quality": "Less is better", "metricName": "# fully unaligned contigs", "values": [317, 122, 490, 152, 541, 250, 179, 250, 0, 0, 3, 0, 0, 1, 2, 1], "isMain": false}, {"quality": "Less is better", "metricName": "Fully unaligned length", "values": [4185249, 2848290, 3677450, 2963960, 4916800, 4086765, 2603093, 3773534, 0, 0, 1864, 0, 0, 2316, 1266, 2330], "isMain": false}, {"quality": "Less is better", "metricName": "# partially unaligned contigs", "values": [42, 41, 70, 50, 26, 31, 55, 27, 1, 1, 4, 1, 2, 0, 1, 3], "isMain": false}, {"quality": "Less is better", "metricName": "    # with misassembly", "values": [9, 10, 13, 17, 2, 7, 17, 4, 1, 1, 1, 1, 1, 0, 1, 0], "isMain": false}, {"quality": "Less is better", "metricName": "    # both parts are significant", "values": [13, 26, 21, 20, 11, 12, 28, 15, 1, 1, 1, 1, 0, 0, 0, 0], "isMain": false}, {"quality": "Less is better", "metricName": "Partially unaligned length", "values": [1570119, 1908957, 1873594, 2601854, 527612, 1475931, 3056794, 1151206, 2338, 2142, 3505, 2142, 2237, 0, 2140, 266], "isMain": false}]], ["Mismatches", [{"quality": "Less is better", "metricName": "# mismatches", "values": [971, 606, 2593, 645, 1041, 824, 722, 1027, 351, 259, 261, 489, 43, 478, 687, 328], "isMain": false}, {"quality": "Less is better", "metricName": "# indels", "values": [60, 53, 90, 46, 31, 30, 55, 35, 428, 130, 119, 193, 109, 159, 157, 166], "isMain": false}, {"quality": "Less is better", "metricName": "Indels length", "values": [75, 56, 103, 63, 33, 34, 62, 39, 2800, 274, 235, 334, 306, 427, 575, 418], "isMain": false}, {"quality": "Less is better", "metricName": "# mismatches per 100 kbp", "values": ["3383.28", "3550.71", "3381.23", "2881.27", "3977.69", "3904.84", "2353.02", "3487.03", "6.56", "4.80", "4.85", "9.08", "0.80", "8.96", "12.78", "6.18"], "isMain": true}, {"quality": "Less is better", "metricName": "# indels per 100 kbp", "values": ["209.06", "310.54", "117.36", "205.49", "118.45", "142.17", "179.25", "118.84", "8.00", "2.41", "2.21", "3.58", "2.04", "2.98", "2.92", "3.13"], "isMain": true}, {"quality": "Less is better", "metricName": "    # short indels (<= 5 bp)", "values": [59, 53, 90, 45, 31, 30, 55, 35, 337, 125, 115, 189, 102, 150, 142, 159], "isMain": false}, {"quality": "Less is better", "metricName": "    # long indels (> 5 bp)", "values": [1, 0, 0, 1, 0, 0, 0, 0, 91, 5, 4, 4, 7, 9, 15, 7], "isMain": false}, {"quality": "Less is better", "metricName": "# N's", "values": [0, 0, 256, 0, 0, 0, 919, 0, 5511, 0, 191, 0, 0, 0, 221, 0], "isMain": false}, {"quality": "Less is better", "metricName": "# N's per 100 kbp", "values": ["0.00", "0.00", "4.54", "0.00", "0.00", "0.00", "16.04", "0.00", "102.42", "0.00", "3.53", "0.00", "0.00", "0.00", "4.10", "0.00"], "isMain": true}]], ["Genome statistics", [{"quality": "More is better", "metricName": "Genome fraction (%)", "values": ["0.792", "0.588", "1.555", "0.897", "0.488", "0.656", "1.048", "0.759", "98.451", "99.323", "99.155", "99.160", "98.348", "98.226", "98.926", "97.661"], "isMain": true}, {"quality": "Less is better", "metricName": "Duplication ratio", "values": ["1.163", "1.244", "1.075", "1.198", "1.008", "1.026", "1.229", "1.022", "1.010", "1.006", "1.010", "1.011", "1.004", "1.003", "1.008", "1.003"], "isMain": true}, {"quality": "More is better", "metricName": "# genes", "values": ["95 + 11 part", "59 + 14 part", "119 + 77 part", "112 + 23 part", "22 + 6 part", "49 + 4 part", "88 + 24 part", "46 + 7 part", "5813 + 73 part", "5934 + 64 part", "5919 + 85 part", "5961 + 43 part", "5684 + 231 part", "5828 + 58 part", "5896 + 68 part", "5543 + 328 part"], "isMain": true}, {"quality": "More is better", "metricName": "Largest alignment", "values": [9186, 5194, 5197, 9186, 5197, 9186, 9186, 9186, 430487, 258489, 311769, 766822, 106317, 606357, 346882, 91844], "isMain": false}, {"quality": "More is better", "metricName": "NG50", "values": [48302, 61625, 47354, 103595, 23414, 57933, 97169, 38930, 130570, 155352, 116480, 246697, 25512, 246346, 103691, 24465], "isMain": false}, {"quality": "More is better", "metricName": "NG75", "values": [21996, 18467, 18696, 40080, 11069, 23414, 48782, 14779, 65667, 76333, 52231, 170659, 15678, 74856, 57869, 13213], "isMain": false}, {"quality": "More is better", "metricName": "NA50", "values": ["", "", "", "", "", "", "", "", 130570, 150479, 100038, 246697, 25767, 246346, 103691, 24577], "isMain": false}, {"quality": "More is better", "metricName": "NA75", "values": ["", "", "", "", "", "", "", "", 69698, 74529, 51519, 170659, 16197, 78462, 60216, 13814], "isMain": false}, {"quality": "More is better", "metricName": "NGA50", "values": ["", "", "", "", "", "", "", "", 130570, 150479, 100038, 246697, 25512, 246346, 103691, 24465], "isMain": true}, {"quality": "More is better", "metricName": "NGA75", "values": ["", "", "", "", "", "", "", "", 65667, 74529, 51519, 170659, 15678, 74856, 57817, 13213], "isMain": false}, {"quality": "Less is better", "metricName": "LG50", "values": [34, 22, 25, 15, 68, 29, 14, 39, 12, 13, 14, 6, 65, 6, 17, 68], "isMain": false}, {"quality": "Less is better", "metricName": "LG75", "values": [78, 63, 75, 36, 153, 68, 33, 94, 27, 26, 32, 13, 132, 17, 35, 143], "isMain": false}, {"quality": "Less is better", "metricName": "LA50", "values": ["", "", "", "", "", "", "", "", 12, 14, 15, 6, 64, 6, 17, 66], "isMain": false}, {"quality": "Less is better", "metricName": "LA75", "values": ["", "", "", "", "", "", "", "", 26, 27, 34, 13, 129, 16, 34, 137], "isMain": false}, {"quality": "Less is better", "metricName": "LGA50", "values": ["", "", "", "", "", "", "", "", 12, 14, 15, 6, 65, 6, 17, 68], "isMain": false}, {"quality": "Less is better", "metricName": "LGA75", "values": ["", "", "", "", "", "", "", "", 27, 27, 34, 13, 132, 17, 35, 143], "isMain": false}]], ["Predicted genes", []], ["Reference statistics", [{"quality": "Equal", "metricName": "Reference length", "values": [5432652, 5432652, 5432652, 5432652, 5432652, 5432652, 5432652, 5432652, 5432652, 5432652, 5432652, 5432652, 5432652, 5432652, 5432652, 5432652], "isMain": false}, {"quality": "Equal", "metricName": "Reference GC (%)", "values": ["35.50", "35.50", "35.50", "35.50", "35.50", "35.50", "35.50", "35.50", "35.50", "35.50", "35.50", "35.50", "35.50", "35.50", "35.50", "35.50"], "isMain": false}, {"quality": "Equal", "metricName": "Reference genes", "values": [6014, 6014, 6014, 6014, 6014, 6014, 6014, 6014, 6014, 6014, 6014, 6014, 6014, 6014, 6014, 6014], "isMain": false}, {"quality": "Equal", "metricName": "Reference operons", "values": [0, 0, 0, 0, 0, 0, 0, 0, 0, 0, 0, 0, 0, 0, 0, 0], "isMain": false}]]], "minContig": 500, "assembliesNames": ["202_BC-H-Abyss-Contig", "202_BC-H-Cabog-Contig", "202_BC-H-Mira-Contig", "202_BC-H-Msrca-Contig", "202_BC-H-Sga-Contig", "202_BC-H-Soap-Contig", "202_BC-H-Spades-Contig", "202_BC-H-Velvet-Contig", "204_BC-M-Abyss-Contig", "204_BC-M-Cabog-Contig", "204_BC-M-Mira-Contig", "204_BC-M-Msrca-Contig", "204_BC-M-Sga-Contig", "204_BC-M-Soap-Contig", "204_BC-M-Spades-Contig", "204_BC-M-Velvet-Contig"]}