{"date": "11 July 2014, Friday, 23:04:06", "report": [["Statistics without reference", [{"quality": "Less is better", "metricName": "# contigs", "values": [87, 77, 132, 68, 361, 79, 113, 373, 174, 74, 77, 33, 68, 61, 341, 341, 61, 56, 78, 73, 373, 78], "isMain": true}, {"quality": "Less is better", "metricName": "# contigs (>= 200 bp)", "values": [115, 78, 153, 90, 3335, 105, 49967, 404, "", "", "", "", "", "", "", "", "", "", "", "", "", ""], "isMain": false}, {"quality": "Less is better", "metricName": "# contigs (>= 1000 bp)", "values": [82, 77, 96, 55, 320, 73, 99, 351, 160, 71, 77, 33, 55, 48, 310, 310, 55, 51, 65, 60, 351, 70], "isMain": false}, {"quality": "More is better", "metricName": "Largest contig", "values": [430487, 258489, 311769, 766822, 106317, 606530, 346945, 91844, 254222, 430487, 258489, 1198056, 766822, 1197734, 106317, 106317, 700557, 1194879, 521048, 521048, 91844, 896381], "isMain": true}, {"quality": "More is better", "metricName": "Total length", "values": [5380960, 5419570, 5413818, 5432639, 5368062, 5341631, 5395402, 5310336, 5373450, 5380708, 5419570, 5420940, 5432639, 5433046, 5321914, 5321914, 5343675, 5344353, 5401195, 5401521, 5310336, 5356258], "isMain": true}, {"quality": "More is better", "metricName": "Total length (>= 200 bp)", "values": [5388694, 5419995, 5421518, 5440292, 6178704, 5349083, 17873366, 5319276, "", "", "", "", "", "", "", "", "", "", "", "", "", ""], "isMain": false}, {"quality": "More is better", "metricName": "Total length (>= 1000 bp)", "values": [5376981, 5419570, 5389079, 5422846, 5340740, 5337776, 5385812, 5295268, 5362509, 5378420, 5419570, 5420940, 5422846, 5423253, 5300702, 5300702, 5339870, 5341261, 5392088, 5392414, 5295268, 5351096], "isMain": false}, {"quality": "More is better", "metricName": "N50", "values": [130570, 155352, 116480, 246697, 25767, 246346, 103691, 24786, 57851, 135613, 155352, 431479, 246697, 337861, 25876, 25876, 380728, 456635, 191536, 212506, 24786, 247748], "isMain": true}, {"quality": "More is better", "metricName": "N75", "values": [69698, 76333, 52231, 170659, 16197, 78462, 60216, 13917, 32663, 74995, 76333, 211009, 170659, 209762, 16762, 16762, 99177, 128609, 103769, 120480, 13917, 88406], "isMain": false}, {"quality": "Less is better", "metricName": "L50", "values": [12, 13, 14, 6, 64, 6, 17, 65, 31, 11, 13, 4, 6, 4, 63, 63, 5, 4, 10, 8, 65, 6], "isMain": false}, {"quality": "Less is better", "metricName": "L75", "values": [26, 26, 32, 13, 129, 16, 34, 136, 62, 24, 26, 9, 13, 10, 126, 126, 13, 10, 19, 16, 136, 14], "isMain": false}, {"quality": "Equal", "metricName": "GC (%)", "values": ["35.30", "35.41", "35.42", "35.39", "35.30", "35.28", "35.36", "35.29", "35.30", "35.30", "35.41", "35.41", "35.39", "35.39", "35.27", "35.27", "35.29", "35.29", "35.37", "35.37", "35.29", "35.30"], "isMain": false}]], ["Misassemblies", [{"quality": "Less is better", "metricName": "# misassemblies", "values": [2, 4, 8, 9, 1, 0, 5, 3, 2, 3, 4, 10, 9, 12, 1, 1, 0, 0, 6, 6, 3, 7], "isMain": true}, {"quality": "Less is better", "metricName": "    # relocations", "values": [1, 3, 6, 8, 1, 0, 4, 3, 1, 2, 3, 9, 8, 10, 1, 1, 0, 0, 5, 5, 3, 7], "isMain": false}, {"quality": "Less is better", "metricName": "    # translocations", "values": [1, 1, 2, 1, 0, 0, 1, 0, 1, 1, 1, 1, 1, 2, 0, 0, 0, 0, 1, 1, 0, 0], "isMain": false}, {"quality": "Less is better", "metricName": "    # inversions", "values": [0, 0, 0, 0, 0, 0, 0, 0, 0, 0, 0, 0, 0, 0, 0, 0, 0, 0, 0, 0, 0, 0], "isMain": false}, {"quality": "Less is better", "metricName": "# misassembled contigs", "values": [2, 4, 7, 9, 1, 0, 4, 3, 2, 3, 4, 5, 9, 11, 1, 1, 0, 0, 5, 5, 3, 4], "isMain": false}, {"quality": "Less is better", "metricName": "Misassembled contigs length", "values": [52909, 541451, 532679, 289559, 508, 0, 105455, 72913, 30298, 126343, 541451, 1044142, 289559, 669110, 508, 508, 0, 0, 170879, 170879, 72913, 705370], "isMain": true}, {"quality": "Less is better", "metricName": "# local misassemblies", "values": [25, 6, 14, 11, 1, 21, 14, 11, 12, 29, 6, 12, 11, 13, 1, 1, 36, 41, 34, 38, 11, 263], "isMain": false}]], ["Unaligned", [{"quality": "Less is better", "metricName": "# fully unaligned contigs", "values": [0, 0, 3, 0, 0, 1, 2, 1, 0, 0, 0, 0, 0, 0, 0, 0, 1, 1, 1, 1, 1, 1], "isMain": false}, {"quality": "Less is better", "metricName": "Fully unaligned length", "values": [0, 0, 1864, 0, 0, 2316, 1266, 2330, 0, 0, 0, 0, 0, 0, 0, 0, 2316, 2316, 501, 501, 2330, 2330], "isMain": false}, {"quality": "Less is better", "metricName": "# partially unaligned contigs", "values": [1, 1, 4, 1, 2, 0, 1, 3, 1, 1, 1, 1, 1, 1, 1, 1, 0, 0, 1, 1, 3, 1], "isMain": false}, {"quality": "Less is better", "metricName": "    # with misassembly", "values": [1, 1, 1, 1, 1, 0, 1, 0, 0, 1, 1, 1, 1, 1, 1, 1, 0, 0, 1, 1, 0, 0], "isMain": false}, {"quality": "Less is better", "metricName": "    # both parts are significant", "values": [1, 1, 1, 1, 0, 0, 0, 0, 0, 1, 1, 1, 1, 1, 0, 0, 0, 0, 0, 0, 0, 0], "isMain": false}, {"quality": "Less is better", "metricName": "Partially unaligned length", "values": [2338, 2142, 3505, 2142, 2237, 0, 2140, 266, 2255, 2338, 2142, 2142, 2142, 2142, 2139, 2139, 0, 0, 2139, 2139, 266, 74], "isMain": false}]], ["Mismatches", [{"quality": "Less is better", "metricName": "# mismatches", "values": [351, 259, 261, 489, 43, 478, 687, 328, 350, 352, 259, 237, 489, 489, 36, 36, 468, 435, 710, 708, 328, 332], "isMain": false}, {"quality": "Less is better", "metricName": "# indels", "values": [428, 130, 119, 193, 109, 159, 157, 166, 176, 405, 130, 316, 193, 320, 109, 109, 280, 303, 307, 310, 166, 1604], "isMain": false}, {"quality": "Less is better", "metricName": "Indels length", "values": [2800, 274, 235, 334, 306, 427, 575, 418, 1898, 2870, 274, 895, 334, 461, 306, 306, 658, 707, 1068, 1173, 418, 2560], "isMain": false}, {"quality": "Less is better", "metricName": "# mismatches per 100 kbp", "values": ["6.56", "4.80", "4.85", "9.08", "0.80", "8.96", "12.78", "6.18", "6.55", "6.58", "4.80", "4.39", "9.08", "9.08", "0.68", "0.68", "8.77", "8.15", "13.20", "13.16", "6.18", "6.25"], "isMain": true}, {"quality": "Less is better", "metricName": "# indels per 100 kbp", "values": ["8.00", "2.41", "2.21", "3.58", "2.04", "2.98", "2.92", "3.13", "3.30", "7.57", "2.41", "5.86", "3.58", "5.94", "2.06", "2.06", "5.25", "5.68", "5.71", "5.76", "3.13", "30.20"], "isMain": true}, {"quality": "Less is better", "metricName": "    # short indels (<= 5 bp)", "values": [337, 125, 115, 189, 102, 150, 142, 159, 121, 310, 125, 286, 189, 316, 102, 102, 264, 285, 284, 284, 159, 1577], "isMain": false}, {"quality": "Less is better", "metricName": "    # long indels (> 5 bp)", "values": [91, 5, 4, 4, 7, 9, 15, 7, 55, 95, 5, 30, 4, 4, 7, 7, 16, 18, 23, 26, 7, 27], "isMain": false}, {"quality": "Less is better", "metricName": "# N's", "values": [5511, 0, 191, 0, 0, 0, 221, 0, 107, 6265, 0, 945, 0, 407, 0, 0, 28, 455, 229, 470, 0, 41988], "isMain": false}, {"quality": "Less is better", "metricName": "# N's per 100 kbp", "values": ["102.42", "0.00", "3.53", "0.00", "0.00", "0.00", "4.10", "0.00", "1.99", "116.43", "0.00", "17.43", "0.00", "7.49", "0.00", "0.00", "0.52", "8.51", "4.24", "8.70", "0.00", "783.91"], "isMain": true}]], ["Genome statistics", [{"quality": "More is better", "metricName": "Genome fraction (%)", "values": ["98.451", "99.323", "99.155", "99.160", "98.348", "98.226", "98.926", "97.661", "98.301", "98.444", "99.323", "99.334", "99.160", "99.160", "97.572", "97.572", "98.245", "98.258", "98.997", "98.997", "97.661", "97.755"], "isMain": true}, {"quality": "Less is better", "metricName": "Duplication ratio", "values": ["1.010", "1.006", "1.010", "1.011", "1.004", "1.003", "1.008", "1.003", "1.010", "1.010", "1.006", "1.017", "1.011", "1.011", "1.004", "1.004", "1.024", "1.029", "1.012", "1.012", "1.003", "1.010"], "isMain": true}, {"quality": "More is better", "metricName": "# genes", "values": ["5813 + 73 part", "5934 + 64 part", "5919 + 85 part", "5961 + 43 part", "5684 + 231 part", "5828 + 58 part", "5896 + 68 part", "5543 + 328 part", "5758 + 121 part", "5819 + 65 part", "5934 + 64 part", "5964 + 34 part", "5961 + 43 part", "5964 + 40 part", "5642 + 232 part", "5642 + 232 part", "5841 + 48 part", "5843 + 47 part", "5919 + 56 part", "5921 + 54 part", "5543 + 328 part", "5608 + 278 part"], "isMain": true}, {"quality": "More is better", "metricName": "Largest alignment", "values": [430487, 258489, 311769, 766822, 106317, 606357, 346882, 91844, 254222, 430487, 258489, 1197973, 766822, 1197581, 106317, 106317, 700554, 1194643, 520985, 520985, 91844, 890081], "isMain": false}, {"quality": "More is better", "metricName": "NG50", "values": [130570, 155352, 116480, 246697, 25512, 246346, 103691, 24465, 57574, 135613, 155352, 431479, 246697, 337861, 25512, 25512, 380728, 456635, 191536, 212506, 24465, 247748], "isMain": false}, {"quality": "More is better", "metricName": "NG75", "values": [65667, 76333, 52231, 170659, 15678, 74856, 57869, 13213, 31859, 74197, 76333, 211009, 170659, 209762, 15678, 15678, 97012, 116644, 103769, 120480, 13213, 88406], "isMain": false}, {"quality": "More is better", "metricName": "NA50", "values": [130570, 150479, 100038, 246697, 25767, 246346, 103691, 24577, 57851, 135296, 150479, 288228, 246697, 337861, 25876, 25876, 380728, 455989, 191536, 212506, 24577, 208398], "isMain": false}, {"quality": "More is better", "metricName": "NA75", "values": [69698, 74529, 51519, 170659, 16197, 78462, 60216, 13814, 32663, 74995, 74529, 131868, 170659, 184731, 16762, 16762, 99176, 128609, 103684, 120478, 13814, 87283], "isMain": false}, {"quality": "More is better", "metricName": "NGA50", "values": [130570, 150479, 100038, 246697, 25512, 246346, 103691, 24465, 57574, 135296, 150479, 288228, 246697, 337861, 25512, 25512, 380728, 455989, 191536, 212506, 24465, 208398], "isMain": true}, {"quality": "More is better", "metricName": "NGA75", "values": [65667, 74529, 51519, 170659, 15678, 74856, 57817, 13213, 31859, 73848, 74529, 131868, 170659, 184731, 15678, 15678, 97012, 116644, 103684, 120478, 13213, 80463], "isMain": false}, {"quality": "Less is better", "metricName": "LG50", "values": [12, 13, 14, 6, 65, 6, 17, 68, 32, 11, 13, 4, 6, 4, 65, 65, 5, 4, 10, 8, 68, 6], "isMain": false}, {"quality": "Less is better", "metricName": "LG75", "values": [27, 26, 32, 13, 132, 17, 35, 143, 63, 25, 26, 9, 13, 10, 132, 132, 14, 11, 19, 16, 143, 14], "isMain": false}, {"quality": "Less is better", "metricName": "LA50", "values": [12, 14, 15, 6, 64, 6, 17, 66, 31, 11, 14, 5, 6, 4, 63, 63, 5, 4, 10, 8, 66, 7], "isMain": false}, {"quality": "Less is better", "metricName": "LA75", "values": [26, 27, 34, 13, 129, 16, 34, 137, 62, 24, 27, 11, 13, 10, 126, 126, 13, 10, 19, 16, 137, 15], "isMain": false}, {"quality": "Less is better", "metricName": "LGA50", "values": [12, 14, 15, 6, 65, 6, 17, 68, 32, 11, 14, 5, 6, 4, 65, 65, 5, 4, 10, 8, 68, 7], "isMain": false}, {"quality": "Less is better", "metricName": "LGA75", "values": [27, 27, 34, 13, 132, 17, 35, 143, 63, 25, 27, 11, 13, 10, 132, 132, 14, 11, 19, 16, 143, 16], "isMain": false}]], ["Predicted genes", []], ["Reference statistics", [{"quality": "Equal", "metricName": "Reference length", "values": [5432652, 5432652, 5432652, 5432652, 5432652, 5432652, 5432652, 5432652, 5432652, 5432652, 5432652, 5432652, 5432652, 5432652, 5432652, 5432652, 5432652, 5432652, 5432652, 5432652, 5432652, 5432652], "isMain": false}, {"quality": "Equal", "metricName": "Reference GC (%)", "values": ["35.50", "35.50", "35.50", "35.50", "35.50", "35.50", "35.50", "35.50", "35.50", "35.50", "35.50", "35.50", "35.50", "35.50", "35.50", "35.50", "35.50", "35.50", "35.50", "35.50", "35.50", "35.50"], "isMain": false}, {"quality": "Equal", "metricName": "Reference genes", "values": [6014, 6014, 6014, 6014, 6014, 6014, 6014, 6014, 6014, 6014, 6014, 6014, 6014, 6014, 6014, 6014, 6014, 6014, 6014, 6014, 6014, 6014], "isMain": false}, {"quality": "Equal", "metricName": "Reference operons", "values": [0, 0, 0, 0, 0, 0, 0, 0, 0, 0, 0, 0, 0, 0, 0, 0, 0, 0, 0, 0, 0, 0], "isMain": false}]]], "minContig": 500, "assembliesNames": ["1_BC-M-Abyss-Contig", "1_BC-M-Cabog-Contig", "1_BC-M-Mira-Contig", "1_BC-M-Msrca-Contig", "1_BC-M-Sga-Contig", "1_BC-M-Soap-Contig", "1_BC-M-Spades-Contig", "1_BC-M-Velvet-Contig", "2_BC-M-Abyss-Scaffold broken", "2_BC-M-Abyss-Scaffold", "2_BC-M-Cabog-Scaffold broken", "2_BC-M-Cabog-Scaffold", "2_BC-M-Msrca-Scaffold broken", "2_BC-M-Msrca-Scaffold", "2_BC-M-Sga-Scaffold broken", "2_BC-M-Sga-Scaffold", "2_BC-M-Soap-Scaffold broken", "2_BC-M-Soap-Scaffold", "2_BC-M-Spades-Scaffold broken", "2_BC-M-Spades-Scaffold", "2_BC-M-Velvet-Scaffold broken", "2_BC-M-Velvet-Scaffold"]}