{"date": "02 May 2014, Friday, 21:56:09", "report": [["Statistics without reference", [{"quality": "Less is better", "metricName": "# contigs", "values": [96, 127, 82, 63, 304, 71, 74, 138, 149, 856, 532, 325, 666, 91, 73, 203], "isMain": true}, {"quality": "Less is better", "metricName": "# contigs (>= 0 bp)", "values": [147, 127, 16036, 66, 679, 143, 99, 189, 328, 857, 2167, 326, 1230, 197, 910, 286], "isMain": false}, {"quality": "Less is better", "metricName": "# contigs (>= 1000 bp)", "values": [87, 127, 59, 57, 281, 65, 60, 132, 131, 856, 103, 316, 612, 84, 53, 189], "isMain": false}, {"quality": "More is better", "metricName": "Largest contig", "values": [610290, 238341, 338337, 375149, 101254, 474277, 627055, 191465, 245660, 40668, 279306, 104386, 59847, 286460, 498363, 226629], "isMain": true}, {"quality": "More is better", "metricName": "Total length", "values": [5123560, 5116091, 5151058, 5144734, 5122631, 5136175, 5132082, 5126222, 5116522, 5116310, 5431987, 5418108, 5232350, 5133667, 5158616, 5136825], "isMain": true}, {"quality": "More is better", "metricName": "Total length (>= 0 bp)", "values": [5134453, 5116091, 7760947, 5146013, 5183701, 5150322, 5139836, 5136597, 5149082, 5116733, 5922392, 5418490, 5380709, 5152802, 5412372, 5161555], "isMain": false}, {"quality": "More is better", "metricName": "Total length (>= 1000 bp)", "values": [5116313, 5116091, 5136999, 5140375, 5107561, 5131712, 5122962, 5122117, 5104376, 5116310, 5167879, 5411756, 5193149, 5128622, 5146535, 5127654], "isMain": false}, {"quality": "More is better", "metricName": "N50", "values": [119446, 81416, 147272, 246830, 28734, 148639, 150258, 60955, 70424, 8655, 89612, 36211, 12890, 131561, 220161, 47327], "isMain": true}, {"quality": "More is better", "metricName": "N75", "values": [68977, 42966, 109542, 110872, 17153, 88169, 94999, 37038, 39013, 4755, 46469, 18405, 7614, 68567, 122266, 25959], "isMain": false}, {"quality": "Less is better", "metricName": "L50", "values": [15, 21, 12, 9, 55, 11, 10, 28, 24, 176, 15, 52, 126, 14, 8, 35], "isMain": false}, {"quality": "Less is better", "metricName": "L75", "values": [29, 43, 22, 17, 110, 22, 20, 54, 48, 378, 36, 104, 255, 29, 16, 71], "isMain": false}, {"quality": "Equal", "metricName": "GC (%)", "values": ["64.10", "64.10", "64.11", "64.13", "64.11", "64.09", "64.11", "64.11", "64.10", "64.08", "64.09", "64.10", "64.08", "64.09", "64.02", "64.07"], "isMain": false}]], ["Misassemblies", [{"quality": "Less is better", "metricName": "# misassemblies", "values": [4, 7, 22, 6, 3, 8, 4, 4, 2, 122, 1085, 70, 6, 5, 6, 72], "isMain": true}, {"quality": "Less is better", "metricName": "    # relocations", "values": [4, 7, 22, 6, 3, 8, 4, 4, 2, 122, 1085, 70, 6, 5, 6, 72], "isMain": false}, {"quality": "Less is better", "metricName": "    # translocations", "values": [0, 0, 0, 0, 0, 0, 0, 0, 0, 0, 0, 0, 0, 0, 0, 0], "isMain": false}, {"quality": "Less is better", "metricName": "    # inversions", "values": [0, 0, 0, 0, 0, 0, 0, 0, 0, 0, 0, 0, 0, 0, 0, 0], "isMain": false}, {"quality": "Less is better", "metricName": "# misassembled contigs", "values": [4, 7, 15, 6, 3, 7, 4, 4, 2, 115, 456, 69, 6, 5, 6, 54], "isMain": false}, {"quality": "Less is better", "metricName": "Misassembled contigs length", "values": [302822, 612517, 1331243, 1062986, 114888, 1261153, 551561, 215454, 92402, 617425, 2501821, 471137, 78397, 771028, 925594, 1569654], "isMain": true}, {"quality": "Less is better", "metricName": "# local misassemblies", "values": [8, 6, 6, 2, 1, 16, 5, 9, 2, 5, 18, 2, 1, 19, 4, 3], "isMain": false}]], ["Unaligned", [{"quality": "Less is better", "metricName": "# fully unaligned contigs", "values": [0, 0, 0, 0, 0, 1, 0, 0, 0, 5, 2, 1, 5, 1, 20, 1], "isMain": false}, {"quality": "Less is better", "metricName": "Fully unaligned length", "values": [0, 0, 0, 0, 0, 5385, 0, 0, 0, 38295, 7076, 11781, 38083, 5385, 16591, 5482], "isMain": false}, {"quality": "Less is better", "metricName": "# partially unaligned contigs", "values": [3, 6, 1, 0, 3, 1, 1, 2, 5, 14, 2, 14, 5, 1, 0, 7], "isMain": false}, {"quality": "Less is better", "metricName": "    # with misassembly", "values": [2, 2, 0, 0, 2, 1, 1, 2, 2, 0, 1, 0, 0, 1, 0, 2], "isMain": false}, {"quality": "Less is better", "metricName": "    # both parts are significant", "values": [2, 3, 0, 0, 2, 1, 1, 2, 4, 4, 1, 6, 3, 1, 0, 2], "isMain": false}, {"quality": "Less is better", "metricName": "Partially unaligned length", "values": [66194, 65602, 25, 0, 66157, 11899, 54213, 66112, 78075, 36751, 11929, 60407, 34625, 11899, 0, 41395], "isMain": false}]], ["Mismatches", [{"quality": "Less is better", "metricName": "# mismatches", "values": [196, 428, 288, 2511, 55, 86, 107, 152, 79, 203, 226, 146, 73, 105, 237, 125], "isMain": false}, {"quality": "Less is better", "metricName": "# indels", "values": [109, 292, 44, 330, 75, 63, 84, 46, 70, 36, 38, 83, 21, 66, 54, 35], "isMain": false}, {"quality": "Less is better", "metricName": "Indels length", "values": [657, 427, 141, 509, 176, 372, 215, 237, 203, 103, 83, 126, 175, 474, 127, 154], "isMain": false}, {"quality": "Less is better", "metricName": "# mismatches per 100 kbp", "values": ["3.93", "8.55", "5.69", "49.65", "1.10", "1.71", "2.14", "3.05", "1.59", "4.15", "4.47", "2.92", "1.45", "2.08", "4.68", "2.48"], "isMain": true}, {"quality": "Less is better", "metricName": "# indels per 100 kbp", "values": ["2.19", "5.83", "0.87", "6.53", "1.50", "1.25", "1.68", "0.92", "1.41", "0.74", "0.75", "1.66", "0.42", "1.31", "1.07", "0.70"], "isMain": true}, {"quality": "Less is better", "metricName": "    # short indels (<= 5 bp)", "values": [82, 287, 42, 326, 71, 51, 80, 40, 63, 34, 37, 81, 16, 53, 52, 32], "isMain": false}, {"quality": "Less is better", "metricName": "    # long indels (> 5 bp)", "values": [27, 5, 2, 4, 4, 12, 4, 6, 7, 2, 1, 2, 5, 13, 2, 3], "isMain": false}, {"quality": "Less is better", "metricName": "# N's", "values": [620, 36, 106, 0, 0, 0, 0, 0, 219, 0, 165, 0, 0, 0, 184, 0], "isMain": false}, {"quality": "Less is better", "metricName": "# N's per 100 kbp", "values": ["12.10", "0.70", "2.06", "0.00", "0.00", "0.00", "0.00", "0.00", "4.28", "0.00", "3.04", "0.00", "0.00", "0.00", "3.57", "0.00"], "isMain": true}]], ["Genome statistics", [{"quality": "More is better", "metricName": "Genome fraction (%)", "values": ["99.073", "98.890", "99.388", "99.341", "98.859", "99.196", "99.242", "99.146", "98.926", "96.186", "99.421", "98.380", "99.076", "99.139", "99.413", "98.965"], "isMain": true}, {"quality": "Less is better", "metricName": "Duplication ratio", "values": ["1.019", "1.004", "1.027", "1.018", "1.005", "1.022", "1.013", "1.019", "1.004", "1.030", "1.075", "1.068", "1.023", "1.028", "1.020", "1.018"], "isMain": true}, {"quality": "More is better", "metricName": "# genes", "values": ["4874 + 85 part", "4827 + 136 part", "4902 + 65 part", "4910 + 56 part", "4711 + 246 part", "4888 + 74 part", "4897 + 65 part", "4822 + 135 part", "4829 + 126 part", "4148 + 740 part", "4869 + 98 part", "4790 + 139 part", "4465 + 499 part", "4877 + 82 part", "4913 + 54 part", "4746 + 214 part"], "isMain": true}, {"quality": "More is better", "metricName": "Largest alignment", "values": [610150, 238341, 313312, 309535, 101254, 474277, 627055, 191465, 245660, 40668, 257874, 104372, 59847, 261142, 498363, 130350], "isMain": false}, {"quality": "More is better", "metricName": "NG50", "values": [119446, 81416, 147272, 246830, 28781, 148639, 150258, 61615, 70424, 8716, 114083, 38240, 13299, 131561, 220161, 48155], "isMain": false}, {"quality": "More is better", "metricName": "NG75", "values": [68977, 42966, 109542, 110872, 17362, 88169, 107346, 37038, 39233, 4805, 51245, 21642, 8066, 68982, 122266, 26101], "isMain": false}, {"quality": "More is better", "metricName": "NA50", "values": [111763, 78165, 129075, 187809, 27712, 147199, 147871, 58337, 67488, 8265, 69002, 35496, 12516, 113272, 209894, 40129], "isMain": false}, {"quality": "More is better", "metricName": "NA75", "values": [63561, 38766, 88214, 88132, 15475, 75472, 80282, 34078, 35186, 4459, 33655, 17197, 6950, 63022, 89745, 20444], "isMain": false}, {"quality": "More is better", "metricName": "NGA50", "values": [115738, 78165, 129075, 187809, 27760, 147199, 147871, 58337, 68549, 8293, 74997, 37156, 12834, 113272, 209894, 41485], "isMain": true}, {"quality": "More is better", "metricName": "NGA75", "values": [63561, 40137, 88214, 88132, 15983, 75472, 80282, 35836, 35186, 4497, 42893, 20039, 7623, 63420, 89745, 20620], "isMain": false}, {"quality": "Less is better", "metricName": "LG50", "values": [15, 21, 12, 9, 54, 11, 10, 27, 24, 174, 13, 48, 121, 14, 8, 34], "isMain": false}, {"quality": "Less is better", "metricName": "LG75", "values": [29, 43, 22, 17, 109, 22, 19, 54, 47, 374, 31, 92, 242, 28, 16, 70], "isMain": false}, {"quality": "Less is better", "metricName": "LA50", "values": [16, 23, 15, 10, 57, 12, 10, 29, 25, 182, 23, 53, 130, 15, 9, 40], "isMain": false}, {"quality": "Less is better", "metricName": "LA75", "values": [31, 47, 26, 19, 116, 24, 21, 57, 50, 395, 50, 109, 265, 32, 18, 83], "isMain": false}, {"quality": "Less is better", "metricName": "LGA50", "values": [15, 23, 15, 10, 56, 12, 10, 29, 24, 181, 20, 49, 125, 15, 9, 39], "isMain": false}, {"quality": "Less is better", "metricName": "LGA75", "values": [31, 46, 26, 19, 114, 24, 21, 56, 50, 390, 43, 95, 251, 31, 18, 81], "isMain": false}]], ["Predicted genes", []], ["Reference statistics", [{"quality": "Equal", "metricName": "Reference length", "values": [5090491, 5090491, 5090491, 5090491, 5090491, 5090491, 5090491, 5090491, 5090491, 5090491, 5090491, 5090491, 5090491, 5090491, 5090491, 5090491], "isMain": false}, {"quality": "Equal", "metricName": "Reference GC (%)", "values": ["64.15", "64.15", "64.15", "64.15", "64.15", "64.15", "64.15", "64.15", "64.15", "64.15", "64.15", "64.15", "64.15", "64.15", "64.15", "64.15"], "isMain": false}, {"quality": "Equal", "metricName": "Reference genes", "values": [4992, 4992, 4992, 4992, 4992, 4992, 4992, 4992, 4992, 4992, 4992, 4992, 4992, 4992, 4992, 4992], "isMain": false}, {"quality": "Equal", "metricName": "Reference operons", "values": [0, 0, 0, 0, 0, 0, 0, 0, 0, 0, 0, 0, 0, 0, 0, 0], "isMain": false}]]], "minContig": 500, "assembliesNames": ["208_MA-H-Abyss-Contig", "208_MA-H-Cabog-Contig", "208_MA-H-Mira-Contig", "208_MA-H-Msrca-Contig", "208_MA-H-Sga-Contig", "208_MA-H-Soap-Contig", "208_MA-H-Spades-Contig", "208_MA-H-Velvet-Contig", "210_MA-M-Abyss-Contig", "210_MA-M-Cabog-Contig", "210_MA-M-Mira-Contig", "210_MA-M-Msrca-Contig", "210_MA-M-Sga-Contig", "210_MA-M-Soap-Contig", "210_MA-M-Spades-Contig", "210_MA-M-Velvet-Contig"]}