{"date":"16 June 2014, Monday, 01:41:27","report":[["Statistics without reference",[{"values":[156,135,135],"quality":"Less is better","isMain":true,"metricName":"# contigs"},{"values":[201,179,179],"quality":"Less is better","isMain":false,"metricName":"# contigs (>= 200 bp)"},{"values":[124,108,108],"quality":"Less is better","isMain":false,"metricName":"# contigs (>= 1000 bp)"},{"values":[246346,246346,246346],"quality":"More is better","isMain":true,"metricName":"Largest contig"},{"values":[3944260,3891789,3891789],"quality":"More is better","isMain":true,"metricName":"Total length"},{"values":[3958933,3905232,3905232],"quality":"More is better","isMain":false,"metricName":"Total length (>= 200 bp)"},{"values":[3921645,3872950,3872950],"quality":"More is better","isMain":false,"metricName":"Total length (>= 1000 bp)"},{"values":[92036,105176,105176],"quality":"More is better","isMain":true,"metricName":"N50"},{"values":[43442,43442,43442],"quality":"More is better","isMain":false,"metricName":"N75"},{"values":[15,12,12],"quality":"Less is better","isMain":false,"metricName":"L50"},{"values":[31,26,26],"quality":"Less is better","isMain":false,"metricName":"L75"},{"values":["47.52","47.69","47.69"],"quality":"Equal","isMain":false,"metricName":"GC (%)"}]],["Misassemblies",[{"values":[14,5,5],"quality":"Less is better","isMain":true,"metricName":"# misassemblies"},{"values":[12,5,5],"quality":"Less is better","isMain":false,"metricName":"    # relocations"},{"values":[2,0,0],"quality":"Less is better","isMain":false,"metricName":"    # translocations"},{"values":[0,0,0],"quality":"Less is better","isMain":false,"metricName":"    # inversions"},{"values":[14,5,5],"quality":"Less is better","isMain":false,"metricName":"# misassembled contigs"},{"values":[749414,28731,28731],"quality":"Less is better","isMain":true,"metricName":"Misassembled contigs length"},{"values":[2,3,3],"quality":"Less is better","isMain":false,"metricName":"# local misassemblies"}]],["Unaligned",[{"values":[1,1,1],"quality":"Less is better","isMain":false,"metricName":"# fully unaligned contigs"},{"values":[5482,5482,5482],"quality":"Less is better","isMain":false,"metricName":"Fully unaligned length"},{"values":[5,2,2],"quality":"Less is better","isMain":false,"metricName":"# partially unaligned contigs"},{"values":[1,1,1],"quality":"Less is better","isMain":false,"metricName":"    # with misassembly"},{"values":[0,0,0],"quality":"Less is better","isMain":false,"metricName":"    # both parts are significant"},{"values":[1221,815,815],"quality":"Less is better","isMain":false,"metricName":"Partially unaligned length"}]],["Mismatches",[{"values":[161,164,164],"quality":"Less is better","isMain":false,"metricName":"# mismatches"},{"values":[110,102,102],"quality":"Less is better","isMain":false,"metricName":"# indels"},{"values":[168,137,137],"quality":"Less is better","isMain":false,"metricName":"Indels length"},{"values":["4.09","4.23","4.23"],"quality":"Less is better","isMain":true,"metricName":"# mismatches per 100 kbp"},{"values":["2.80","2.63","2.63"],"quality":"Less is better","isMain":true,"metricName":"# indels per 100 kbp"},{"values":[104,98,98],"quality":"Less is better","isMain":false,"metricName":"    # short indels (<= 5 bp)"},{"values":[6,4,4],"quality":"Less is better","isMain":false,"metricName":"    # long indels (> 5 bp)"},{"values":[0,0,0],"quality":"Less is better","isMain":false,"metricName":"# N's"},{"values":["0.00","0.00","0.00"],"quality":"Less is better","isMain":true,"metricName":"# N's per 100 kbp"}]],["Genome statistics",[{"values":["97.563","96.234","96.234"],"quality":"More is better","isMain":true,"metricName":"Genome fraction (%)"},{"values":["1.007","1.007","1.007"],"quality":"Less is better","isMain":true,"metricName":"Duplication ratio"},{"values":["3491 + 79 part","3460 + 70 part","3460 + 70 part"],"quality":"More is better","isMain":true,"metricName":"# genes"},{"values":[246346,246346,246346],"quality":"More is better","isMain":false,"metricName":"Largest alignment"},{"values":[92036,105176,105176],"quality":"More is better","isMain":false,"metricName":"NG50"},{"values":[39974,39408,39408],"quality":"More is better","isMain":false,"metricName":"NG75"},{"values":[67096,105176,105176],"quality":"More is better","isMain":false,"metricName":"NA50"},{"values":[40333,43442,43442],"quality":"More is better","isMain":false,"metricName":"NA75"},{"values":[63574,105176,105176],"quality":"More is better","isMain":true,"metricName":"NGA50"},{"values":[39408,39408,39408],"quality":"More is better","isMain":false,"metricName":"NGA75"},{"values":[15,12,12],"quality":"Less is better","isMain":false,"metricName":"LG50"},{"values":[33,28,28],"quality":"Less is better","isMain":false,"metricName":"LG75"},{"values":[16,12,12],"quality":"Less is better","isMain":false,"metricName":"LA50"},{"values":[35,26,26],"quality":"Less is better","isMain":false,"metricName":"LA75"},{"values":[17,12,12],"quality":"Less is better","isMain":false,"metricName":"LGA50"},{"values":[37,28,28],"quality":"Less is better","isMain":false,"metricName":"LGA75"}]],["Predicted genes",[]],["Reference statistics",[{"values":[4033464,4033464,4033464],"quality":"Equal","isMain":false,"metricName":"Reference length"},{"values":["47.49","47.49","47.49"],"quality":"Equal","isMain":false,"metricName":"Reference GC (%)"},{"values":[3693,3693,3693],"quality":"Equal","isMain":false,"metricName":"Reference genes"},{"values":[0,0,0],"quality":"Equal","isMain":false,"metricName":"Reference operons"}]]],"minContig":500,"assembliesNames":["GAGE-B","Velvet_1.2.08","Velvet_1.2.10"]}