{"date": "08 July 2014, Tuesday, 09:30:28", "report": [["Statistics without reference", [{"quality": "Less is better", "metricName": "# contigs", "values": [153, 127, 152, 91, 351, 100, 162, 213, 196, 241, 154, 163, 326, 186, 146, 156], "isMain": true}, {"quality": "Less is better", "metricName": "# contigs (>= 200 bp)", "values": [206, 127, 733, 105, 485, 139, 205, 261, 267, 241, 431, 173, 1726, 244, 1475, 201], "isMain": false}, {"quality": "Less is better", "metricName": "# contigs (>= 1000 bp)", "values": [121, 127, 115, 80, 285, 81, 121, 183, 149, 241, 96, 142, 247, 147, 73, 124], "isMain": false}, {"quality": "More is better", "metricName": "Largest contig", "values": [280277, 256726, 316666, 555664, 108154, 425556, 214711, 157783, 178118, 140691, 450326, 255146, 105420, 246179, 741022, 246346], "isMain": true}, {"quality": "More is better", "metricName": "Total length", "values": [4086478, 3855600, 3957629, 3989162, 3890290, 3932751, 3939988, 3914915, 3904784, 3953298, 4011692, 4030761, 3931012, 3924635, 4035776, 3944260], "isMain": true}, {"quality": "More is better", "metricName": "Total length (>= 200 bp)", "values": [4104510, 3855600, 4113459, 3994617, 3932738, 3945991, 3954925, 3931494, 3928430, 3953298, 4100278, 4034988, 4327390, 3944735, 4449438, 3958933], "isMain": false}, {"quality": "More is better", "metricName": "Total length (>= 1000 bp)", "values": [4065299, 3855600, 3932194, 3980159, 3844703, 3919085, 3912505, 3894214, 3872255, 3953298, 3971344, 4014349, 3875237, 3895651, 3990044, 3921645], "isMain": false}, {"quality": "More is better", "metricName": "N50", "values": [94508, 61249, 92000, 241604, 23808, 135118, 83518, 40877, 60973, 33710, 112926, 76131, 27573, 71357, 262160, 92036], "isMain": true}, {"quality": "More is better", "metricName": "N75", "values": [58395, 29636, 56477, 85155, 12382, 65780, 46841, 22754, 27970, 17245, 59711, 45736, 15449, 37218, 136216, 43442], "isMain": false}, {"quality": "Less is better", "metricName": "L50", "values": [13, 19, 14, 6, 49, 10, 16, 30, 21, 34, 9, 16, 45, 15, 5, 15], "isMain": false}, {"quality": "Less is better", "metricName": "L75", "values": [27, 43, 27, 13, 103, 21, 32, 62, 44, 74, 20, 33, 94, 34, 11, 31], "isMain": false}, {"quality": "Equal", "metricName": "GC (%)", "values": ["47.57", "47.53", "47.50", "47.50", "47.54", "47.52", "47.51", "47.50", "47.56", "47.52", "47.48", "47.47", "47.53", "47.56", "47.37", "47.52"], "isMain": false}]], ["Misassemblies", [{"quality": "Less is better", "metricName": "# misassemblies", "values": [6, 20, 24, 8, 3, 15, 4, 4, 2, 17, 49, 19, 2, 12, 5, 14], "isMain": true}, {"quality": "Less is better", "metricName": "    # relocations", "values": [5, 17, 22, 7, 2, 13, 4, 4, 2, 11, 43, 14, 2, 11, 5, 12], "isMain": false}, {"quality": "Less is better", "metricName": "    # translocations", "values": [1, 3, 2, 1, 1, 2, 0, 0, 0, 6, 6, 5, 0, 1, 0, 2], "isMain": false}, {"quality": "Less is better", "metricName": "    # inversions", "values": [0, 0, 0, 0, 0, 0, 0, 0, 0, 0, 0, 0, 0, 0, 0, 0], "isMain": false}, {"quality": "Less is better", "metricName": "# misassembled contigs", "values": [5, 14, 20, 7, 3, 13, 4, 4, 2, 17, 36, 19, 2, 12, 5, 14], "isMain": false}, {"quality": "Less is better", "metricName": "Misassembled contigs length", "values": [376802, 385832, 558799, 708761, 17831, 1155029, 75745, 55189, 70441, 128064, 1093737, 216881, 18041, 408395, 386647, 749414], "isMain": true}, {"quality": "Less is better", "metricName": "# local misassemblies", "values": [17, 11, 9, 5, 0, 50, 2, 8, 0, 7, 7, 3, 0, 44, 4, 2], "isMain": false}]], ["Unaligned", [{"quality": "Less is better", "metricName": "# fully unaligned contigs", "values": [1, 0, 0, 0, 1, 1, 1, 1, 1, 1, 5, 0, 1, 2, 57, 1], "isMain": false}, {"quality": "Less is better", "metricName": "Fully unaligned length", "values": [602, 0, 0, 0, 551, 551, 808, 549, 619, 5125, 11864, 0, 5632, 5991, 40190, 5482], "isMain": false}, {"quality": "Less is better", "metricName": "# partially unaligned contigs", "values": [0, 0, 2, 2, 0, 1, 1, 1, 0, 2, 10, 3, 2, 3, 3, 5], "isMain": false}, {"quality": "Less is better", "metricName": "    # with misassembly", "values": [0, 0, 0, 0, 0, 0, 1, 0, 0, 0, 1, 1, 1, 0, 0, 1], "isMain": false}, {"quality": "Less is better", "metricName": "    # both parts are significant", "values": [0, 0, 0, 0, 0, 0, 0, 0, 0, 0, 0, 1, 0, 0, 0, 0], "isMain": false}, {"quality": "Less is better", "metricName": "Partially unaligned length", "values": [0, 0, 173, 399, 0, 52, 453, 27, 0, 124, 2087, 811, 727, 489, 1178, 1221], "isMain": false}]], ["Mismatches", [{"quality": "Less is better", "metricName": "# mismatches", "values": [208, 656, 410, 2716, 123, 550, 204, 175, 129, 319, 352, 247, 112, 319, 194, 161], "isMain": false}, {"quality": "Less is better", "metricName": "# indels", "values": [225, 283, 152, 273, 101, 219, 115, 190, 103, 142, 161, 125, 107, 171, 129, 110], "isMain": false}, {"quality": "Less is better", "metricName": "Indels length", "values": [703, 328, 188, 345, 114, 335, 156, 262, 121, 188, 271, 167, 121, 223, 181, 168], "isMain": false}, {"quality": "Less is better", "metricName": "# mismatches per 100 kbp", "values": ["5.28", "17.01", "10.38", "68.61", "3.17", "14.02", "5.19", "4.47", "3.31", "8.16", "8.88", "6.27", "2.88", "8.16", "4.88", "4.09"], "isMain": true}, {"quality": "Less is better", "metricName": "# indels per 100 kbp", "values": ["5.71", "7.34", "3.85", "6.90", "2.60", "5.58", "2.93", "4.85", "2.64", "3.63", "4.06", "3.17", "2.75", "4.37", "3.24", "2.80"], "isMain": true}, {"quality": "Less is better", "metricName": "    # short indels (<= 5 bp)", "values": [189, 280, 148, 267, 100, 207, 110, 181, 101, 136, 152, 120, 105, 165, 124, 104], "isMain": false}, {"quality": "Less is better", "metricName": "    # long indels (> 5 bp)", "values": [36, 3, 4, 6, 1, 12, 5, 9, 2, 6, 9, 5, 2, 6, 5, 6], "isMain": false}, {"quality": "Less is better", "metricName": "# N's", "values": [4125, 0, 198, 0, 0, 0, 0, 0, 0, 0, 70, 0, 0, 0, 209, 0], "isMain": false}, {"quality": "Less is better", "metricName": "# N's per 100 kbp", "values": ["100.94", "0.00", "5.00", "0.00", "0.00", "0.00", "0.00", "0.00", "0.00", "0.00", "1.74", "0.00", "0.00", "0.00", "5.18", "0.00"], "isMain": true}]], ["Genome statistics", [{"quality": "More is better", "metricName": "Genome fraction (%)", "values": ["97.712", "95.623", "97.925", "98.147", "96.276", "97.295", "97.439", "97.038", "96.699", "96.968", "98.311", "97.670", "96.574", "96.940", "98.643", "97.563"], "isMain": true}, {"quality": "Less is better", "metricName": "Duplication ratio", "values": ["1.052", "1.007", "1.016", "1.013", "1.002", "1.009", "1.007", "1.011", "1.001", "1.016", "1.016", "1.023", "1.008", "1.003", "1.004", "1.007"], "isMain": true}, {"quality": "More is better", "metricName": "# genes", "values": ["3498 + 59 part", "3374 + 123 part", "3516 + 65 part", "3573 + 46 part", "3296 + 166 part", "3479 + 50 part", "3483 + 46 part", "3386 + 132 part", "3413 + 55 part", "3401 + 144 part", "3559 + 64 part", "3534 + 66 part", "3355 + 134 part", "3442 + 85 part", "3598 + 28 part", "3491 + 79 part"], "isMain": true}, {"quality": "More is better", "metricName": "Largest alignment", "values": [246076, 256726, 211909, 555664, 108154, 425699, 214707, 157783, 178118, 140691, 450326, 255146, 105420, 246179, 741022, 246346], "isMain": false}, {"quality": "More is better", "metricName": "NG50", "values": [94508, 57883, 92000, 241604, 23429, 125939, 77074, 40085, 60473, 32790, 112926, 76131, 27303, 71357, 262160, 92036], "isMain": false}, {"quality": "More is better", "metricName": "NG75", "values": [59821, 26097, 55736, 79323, 10978, 62739, 44636, 20673, 24934, 16374, 56632, 45736, 14804, 34893, 136216, 39974], "isMain": false}, {"quality": "More is better", "metricName": "NA50", "values": [92996, 57813, 89505, 236373, 23808, 112904, 83518, 40877, 60473, 33710, 108689, 76131, 27573, 71357, 262160, 67096], "isMain": false}, {"quality": "More is better", "metricName": "NA75", "values": [58395, 28288, 52881, 76901, 12382, 62739, 46841, 22753, 27970, 17241, 52144, 45141, 15449, 37218, 106531, 40333], "isMain": false}, {"quality": "More is better", "metricName": "NGA50", "values": [92996, 53007, 89505, 236373, 23429, 112904, 77065, 39468, 60272, 32784, 108689, 76131, 27303, 68152, 262160, 63574], "isMain": true}, {"quality": "More is better", "metricName": "NGA75", "values": [58395, 25832, 51186, 76901, 10978, 62256, 44636, 20673, 24934, 16374, 52144, 45141, 14804, 32753, 106531, 39408], "isMain": false}, {"quality": "Less is better", "metricName": "LG50", "values": [13, 21, 14, 6, 52, 11, 17, 31, 22, 35, 9, 16, 47, 15, 5, 15], "isMain": false}, {"quality": "Less is better", "metricName": "LG75", "values": [26, 48, 28, 14, 113, 22, 34, 66, 48, 77, 21, 33, 99, 36, 11, 33], "isMain": false}, {"quality": "Less is better", "metricName": "LA50", "values": [14, 21, 15, 6, 49, 11, 16, 30, 21, 34, 9, 16, 45, 15, 5, 16], "isMain": false}, {"quality": "Less is better", "metricName": "LA75", "values": [28, 46, 29, 15, 103, 22, 32, 62, 44, 74, 22, 34, 94, 34, 12, 35], "isMain": false}, {"quality": "Less is better", "metricName": "LGA50", "values": [14, 22, 15, 6, 52, 11, 17, 31, 22, 35, 9, 16, 47, 16, 5, 17], "isMain": false}, {"quality": "Less is better", "metricName": "LGA75", "values": [28, 51, 30, 15, 113, 23, 34, 66, 48, 77, 22, 34, 99, 37, 12, 37], "isMain": false}]], ["Predicted genes", []], ["Reference statistics", [{"quality": "Equal", "metricName": "Reference length", "values": [4033464, 4033464, 4033464, 4033464, 4033464, 4033464, 4033464, 4033464, 4033464, 4033464, 4033464, 4033464, 4033464, 4033464, 4033464, 4033464], "isMain": false}, {"quality": "Equal", "metricName": "Reference GC (%)", "values": ["47.49", "47.49", "47.49", "47.49", "47.49", "47.49", "47.49", "47.49", "47.49", "47.49", "47.49", "47.49", "47.49", "47.49", "47.49", "47.49"], "isMain": false}, {"quality": "Equal", "metricName": "Reference genes", "values": [3693, 3693, 3693, 3693, 3693, 3693, 3693, 3693, 3693, 3693, 3693, 3693, 3693, 3693, 3693, 3693], "isMain": false}, {"quality": "Equal", "metricName": "Reference operons", "values": [0, 0, 0, 0, 0, 0, 0, 0, 0, 0, 0, 0, 0, 0, 0, 0], "isMain": false}]]], "minContig": 500, "assembliesNames": ["1_VC-H-Abyss-Contig", "1_VC-H-Cabog-Contig", "1_VC-H-Mira-Contig", "1_VC-H-Msrca-Contig", "1_VC-H-Sga-Contig", "1_VC-H-Soap-Contig", "1_VC-H-Spades-Contig", "1_VC-H-Velvet-Contig", "2_VC-M-Abyss-Contig", "2_VC-M-Cabog-Contig", "2_VC-M-Mira-Contig", "2_VC-M-Msrca-Contig", "2_VC-M-Sga-Contig", "2_VC-M-Soap-Contig", "2_VC-M-Spades-Contig", "2_VC-M-Velvet-Contig"]}