{"date":"06 May 2014, Tuesday, 14:03:44","report":[["Statistics without reference",[{"values":[28],"quality":"Less is better","isMain":true,"metricName":"# contigs"},{"values":[32],"quality":"Less is better","isMain":false,"metricName":"# contigs (>= 0 bp)"},{"values":[25],"quality":"Less is better","isMain":false,"metricName":"# contigs (>= 1000 bp)"},{"values":[1124684],"quality":"More is better","isMain":true,"metricName":"Largest contig"},{"values":[4914380],"quality":"More is better","isMain":true,"metricName":"Total length"},{"values":[4915618],"quality":"More is better","isMain":false,"metricName":"Total length (>= 0 bp)"},{"values":[4912397],"quality":"More is better","isMain":false,"metricName":"Total length (>= 1000 bp)"},{"values":[828647],"quality":"More is better","isMain":true,"metricName":"N50"},{"values":[235264],"quality":"More is better","isMain":false,"metricName":"N75"},{"values":[3],"quality":"Less is better","isMain":false,"metricName":"L50"},{"values":[7],"quality":"Less is better","isMain":false,"metricName":"L75"},{"values":["61.61"],"quality":"Equal","isMain":false,"metricName":"GC (%)"}]],["Misassemblies",[{"values":[2],"quality":"Less is better","isMain":true,"metricName":"# misassemblies"},{"values":[2],"quality":"Less is better","isMain":false,"metricName":"    # relocations"},{"values":[0],"quality":"Less is better","isMain":false,"metricName":"    # translocations"},{"values":[0],"quality":"Less is better","isMain":false,"metricName":"    # inversions"},{"values":[2],"quality":"Less is better","isMain":false,"metricName":"# misassembled contigs"},{"values":[3104],"quality":"Less is better","isMain":true,"metricName":"Misassembled contigs length"},{"values":[0],"quality":"Less is better","isMain":false,"metricName":"# local misassemblies"}]],["Unaligned",[{"values":[2],"quality":"Less is better","isMain":false,"metricName":"# fully unaligned contigs"},{"values":[3606],"quality":"Less is better","isMain":false,"metricName":"Fully unaligned length"},{"values":[21],"quality":"Less is better","isMain":false,"metricName":"# partially unaligned contigs"},{"values":[14],"quality":"Less is better","isMain":false,"metricName":"    # with misassembly"},{"values":[18],"quality":"Less is better","isMain":false,"metricName":"    # both parts are significant"},{"values":[4252760],"quality":"Less is better","isMain":false,"metricName":"Partially unaligned length"}]],["Mismatches",[{"values":[1575],"quality":"Less is better","isMain":false,"metricName":"# mismatches"},{"values":[61],"quality":"Less is better","isMain":false,"metricName":"# indels"},{"values":[88],"quality":"Less is better","isMain":false,"metricName":"Indels length"},{"values":["3634.39"],"quality":"Less is better","isMain":true,"metricName":"# mismatches per 100 kbp"},{"values":["140.76"],"quality":"Less is better","isMain":true,"metricName":"# indels per 100 kbp"},{"values":[60],"quality":"Less is better","isMain":false,"metricName":"    # short indels (<= 5 bp)"},{"values":[1],"quality":"Less is better","isMain":false,"metricName":"    # long indels (> 5 bp)"},{"values":[0],"quality":"Less is better","isMain":false,"metricName":"# N's"},{"values":["0.00"],"quality":"Less is better","isMain":true,"metricName":"# N's per 100 kbp"}]],["Genome statistics",[{"values":["13.728"],"quality":"More is better","isMain":true,"metricName":"Genome fraction (%)"},{"values":["1.010"],"quality":"Less is better","isMain":true,"metricName":"Duplication ratio"},{"values":["565 + 66 part"],"quality":"More is better","isMain":true,"metricName":"# genes"},{"values":[52419],"quality":"More is better","isMain":false,"metricName":"Largest alignment"},{"values":[828647],"quality":"More is better","isMain":false,"metricName":"NG50"},{"values":[245339],"quality":"More is better","isMain":false,"metricName":"NG75"},{"values":[3],"quality":"Less is better","isMain":false,"metricName":"LG50"},{"values":[6],"quality":"Less is better","isMain":false,"metricName":"LG75"}]],["Predicted genes",[]],["Reference statistics",[{"values":[4744448],"quality":"Equal","isMain":false,"metricName":"Reference length"},{"values":["61.55"],"quality":"Equal","isMain":false,"metricName":"Reference GC (%)"},{"values":[4284],"quality":"Equal","isMain":false,"metricName":"Reference genes"},{"values":[0],"quality":"Equal","isMain":false,"metricName":"Reference operons"}]]],"minContig":500,"assembliesNames":["AH-H-Msrca-Contig"]}