{"date":"08 July 2014, Tuesday, 16:54:52","report":[["Statistics without reference",[{"values":[54,94,118,28,144,41,47,53],"quality":"Less is better","isMain":true,"metricName":"# contigs"},{"values":[75,105,1049,32,207,62,312,65],"quality":"Less is better","isMain":false,"metricName":"# contigs (>= 200 bp)"},{"values":[52,81,58,25,132,36,38,51],"quality":"Less is better","isMain":false,"metricName":"# contigs (>= 1000 bp)"},{"values":[654090,710684,290325,1124684,199964,455879,592124,526254],"quality":"More is better","isMain":true,"metricName":"Largest contig"},{"values":[4969260,5004541,4958807,4914380,4869935,4888841,4929385,4886581],"quality":"More is better","isMain":true,"metricName":"Total length"},{"values":[4975699,5008564,5236877,4915618,4887335,4894757,5008089,4889792],"quality":"More is better","isMain":false,"metricName":"Total length (>= 200 bp)"},{"values":[4967717,4994206,4921055,4912397,4862122,4885465,4923079,4884654],"quality":"More is better","isMain":false,"metricName":"Total length (>= 1000 bp)"},{"values":[237457,278382,244066,828647,67129,243851,379681,180361],"quality":"More is better","isMain":true,"metricName":"N50"},{"values":[121603,133236,137773,235264,38026,136903,129901,93861],"quality":"More is better","isMain":false,"metricName":"N75"},{"values":[7,6,10,3,25,8,5,9],"quality":"Less is better","isMain":false,"metricName":"L50"},{"values":[15,12,16,7,50,15,12,18],"quality":"Less is better","isMain":false,"metricName":"L75"},{"values":["61.53","61.60","61.57","61.61","61.62","61.61","61.54","61.61"],"quality":"Equal","isMain":false,"metricName":"GC (%)"}]],["Misassemblies",[{"values":[0,2,1,2,3,0,1,0],"quality":"Less is better","isMain":true,"metricName":"# misassemblies"},{"values":[0,2,1,2,3,0,1,0],"quality":"Less is better","isMain":false,"metricName":"    # relocations"},{"values":[0,0,0,0,0,0,0,0],"quality":"Less is better","isMain":false,"metricName":"    # translocations"},{"values":[0,0,0,0,0,0,0,0],"quality":"Less is better","isMain":false,"metricName":"    # inversions"},{"values":[0,2,1,2,3,0,1,0],"quality":"Less is better","isMain":false,"metricName":"# misassembled contigs"},{"values":[0,28456,19737,3104,131784,0,579,0],"quality":"Less is better","isMain":true,"metricName":"Misassembled contigs length"},{"values":[0,1,3,0,9,0,0,0],"quality":"Less is better","isMain":false,"metricName":"# local misassemblies"}]],["Unaligned",[{"values":[12,40,72,2,68,6,13,10],"quality":"Less is better","isMain":false,"metricName":"# fully unaligned contigs"},{"values":[162641,349640,282923,3606,1237798,112057,46999,159840],"quality":"Less is better","isMain":false,"metricName":"Fully unaligned length"},{"values":[34,32,36,21,61,28,26,39],"quality":"Less is better","isMain":false,"metricName":"# partially unaligned contigs"},{"values":[25,20,25,14,25,23,20,27],"quality":"Less is better","isMain":false,"metricName":"    # with misassembly"},{"values":[29,24,27,18,45,25,25,34],"quality":"Less is better","isMain":false,"metricName":"    # both parts are significant"},{"values":[4071442,3915649,3943747,4252760,2821686,4070139,4145432,4023562],"quality":"Less is better","isMain":false,"metricName":"Partially unaligned length"}]],["Mismatches",[{"values":[1049,5044,2164,1575,17253,2592,2011,2248],"quality":"Less is better","isMain":false,"metricName":"# mismatches"},{"values":[44,186,95,61,694,92,75,74],"quality":"Less is better","isMain":false,"metricName":"# indels"},{"values":[59,275,139,88,1084,127,107,108],"quality":"Less is better","isMain":false,"metricName":"Indels length"},{"values":["2686.51","3837.64","3566.60","3634.39","4131.45","3967.49","3611.13","3648.52"],"quality":"Less is better","isMain":true,"metricName":"# mismatches per 100 kbp"},{"values":["112.68","141.51","156.57","140.76","166.19","140.82","134.68","120.10"],"quality":"Less is better","isMain":true,"metricName":"# indels per 100 kbp"},{"values":[43,181,92,60,666,90,73,73],"quality":"Less is better","isMain":false,"metricName":"    # short indels (<= 5 bp)"},{"values":[1,5,3,1,28,2,2,1],"quality":"Less is better","isMain":false,"metricName":"    # long indels (> 5 bp)"},{"values":[91,0,209,0,0,0,63,0],"quality":"Less is better","isMain":false,"metricName":"# N's"},{"values":["1.83","0.00","4.21","0.00","0.00","0.00","1.28","0.00"],"quality":"Less is better","isMain":true,"metricName":"# N's per 100 kbp"}]],["Genome statistics",[{"values":["15.010","14.751","15.145","13.728","15.852","14.870","15.166","14.808"],"quality":"More is better","isMain":true,"metricName":"Genome fraction (%)"},{"values":["1.032","1.056","1.021","1.010","1.078","1.002","1.024","1.001"],"quality":"Less is better","isMain":true,"metricName":"Duplication ratio"},{"values":["607 + 66 part","598 + 73 part","633 + 64 part","565 + 66 part","623 + 77 part","603 + 67 part","617 + 62 part","606 + 61 part"],"quality":"More is better","isMain":true,"metricName":"# genes"},{"values":[52419,52397,52419,52419,52419,52419,52419,52419],"quality":"More is better","isMain":false,"metricName":"Largest alignment"},{"values":[237457,278382,246249,828647,68839,243851,379681,184389],"quality":"More is better","isMain":false,"metricName":"NG50"},{"values":[122207,156215,140806,245339,40005,165019,137987,104748],"quality":"More is better","isMain":false,"metricName":"NG75"},{"values":[7,6,9,3,24,8,5,8],"quality":"Less is better","isMain":false,"metricName":"LG50"},{"values":[14,11,15,6,47,14,11,17],"quality":"Less is better","isMain":false,"metricName":"LG75"}]],["Predicted genes",[]],["Reference statistics",[{"values":[4744448,4744448,4744448,4744448,4744448,4744448,4744448,4744448],"quality":"Equal","isMain":false,"metricName":"Reference length"},{"values":["61.55","61.55","61.55","61.55","61.55","61.55","61.55","61.55"],"quality":"Equal","isMain":false,"metricName":"Reference GC (%)"},{"values":[4284,4284,4284,4284,4284,4284,4284,4284],"quality":"Equal","isMain":false,"metricName":"Reference genes"},{"values":[0,0,0,0,0,0,0,0],"quality":"Equal","isMain":false,"metricName":"Reference operons"}]]],"minContig":500,"assembliesNames":["AH-H-Abyss-Contig","AH-H-Cabog-Contig","AH-H-Mira-Contig","AH-H-Msrca-Contig","AH-H-Sga-Contig","AH-H-Soap-Contig","AH-H-Spades-Contig","AH-H-Velvet-Contig"]}