{"date": "04 May 2014, Sunday, 16:48:52", "report": [["Statistics without reference", [{"quality": "Less is better", "metricName": "# contigs", "values": [94, 37, 48, 45, 54, 45], "isMain": true}, {"quality": "Less is better", "metricName": "# contigs (>= 0 bp)", "values": [113, 37, 167, 158, 174, 158], "isMain": false}, {"quality": "Less is better", "metricName": "# contigs (>= 1000 bp)", "values": [81, 37, 47, 43, 52, 43], "isMain": false}, {"quality": "More is better", "metricName": "Largest contig", "values": [710684, 712801, 654090, 654090, 654090, 654090], "isMain": true}, {"quality": "More is better", "metricName": "Total length", "values": [5004541, 5010956, 4967765, 4969781, 4969260, 4969781], "isMain": true}, {"quality": "More is better", "metricName": "Total length (>= 0 bp)", "values": [5009370, 5010956, 4983575, 4984065, 4985428, 4984065], "isMain": false}, {"quality": "More is better", "metricName": "Total length (>= 1000 bp)", "values": [4994206, 5010956, 4966849, 4968254, 4967717, 4968254], "isMain": false}, {"quality": "More is better", "metricName": "N50", "values": [278382, 278382, 237457, 268392, 237457, 268392], "isMain": true}, {"quality": "More is better", "metricName": "N75", "values": [133236, 189722, 122207, 137136, 121603, 137136], "isMain": false}, {"quality": "Less is better", "metricName": "L50", "values": [6, 6, 7, 6, 7, 6], "isMain": false}, {"quality": "Less is better", "metricName": "L75", "values": [12, 11, 15, 13, 15, 13], "isMain": false}, {"quality": "Equal", "metricName": "GC (%)", "values": ["61.60", "61.60", "61.54", "61.53", "61.53", "61.53"], "isMain": false}]], ["Misassemblies", [{"quality": "Less is better", "metricName": "# misassemblies", "values": [2, 2, 0, 1, 0, 1], "isMain": true}, {"quality": "Less is better", "metricName": "    # relocations", "values": [2, 2, 0, 1, 0, 1], "isMain": false}, {"quality": "Less is better", "metricName": "    # translocations", "values": [0, 0, 0, 0, 0, 0], "isMain": false}, {"quality": "Less is better", "metricName": "    # inversions", "values": [0, 0, 0, 0, 0, 0], "isMain": false}, {"quality": "Less is better", "metricName": "# misassembled contigs", "values": [2, 2, 0, 1, 0, 1], "isMain": false}, {"quality": "Less is better", "metricName": "Misassembled contigs length", "values": [28456, 28456, 0, 2772, 0, 2772], "isMain": true}, {"quality": "Less is better", "metricName": "# local misassemblies", "values": [1, 1, 0, 0, 0, 0], "isMain": false}]], ["Unaligned", [{"quality": "Less is better", "metricName": "# fully unaligned contigs", "values": [40, 10, 9, 9, 12, 9], "isMain": false}, {"quality": "Less is better", "metricName": "Fully unaligned length", "values": [349640, 216953, 149288, 118023, 162641, 118023], "isMain": false}, {"quality": "Less is better", "metricName": "# partially unaligned contigs", "values": [32, 25, 31, 28, 34, 28], "isMain": false}, {"quality": "Less is better", "metricName": "    # with misassembly", "values": [20, 20, 23, 21, 25, 21], "isMain": false}, {"quality": "Less is better", "metricName": "    # both parts are significant", "values": [24, 22, 28, 26, 29, 26], "isMain": false}, {"quality": "Less is better", "metricName": "Partially unaligned length", "values": [3915649, 4091281, 4083435, 4122327, 4071442, 4122327], "isMain": false}]], ["Mismatches", [{"quality": "Less is better", "metricName": "# mismatches", "values": [5044, 2084, 1253, 1060, 1049, 1060], "isMain": false}, {"quality": "Less is better", "metricName": "# indels", "values": [186, 104, 50, 46, 44, 46], "isMain": false}, {"quality": "Less is better", "metricName": "Indels length", "values": [275, 150, 63, 61, 59, 61], "isMain": false}, {"quality": "Less is better", "metricName": "# mismatches per 100 kbp", "values": ["3837.64", "4041.34", "2894.83", "2698.92", "2686.51", "2698.92"], "isMain": true}, {"quality": "Less is better", "metricName": "# indels per 100 kbp", "values": ["141.51", "201.68", "115.52", "117.12", "112.68", "117.12"], "isMain": true}, {"quality": "Less is better", "metricName": "    # short indels (<= 5 bp)", "values": [181, 102, 49, 45, 43, 45], "isMain": false}, {"quality": "Less is better", "metricName": "    # long indels (> 5 bp)", "values": [5, 2, 1, 1, 1, 1], "isMain": false}, {"quality": "Less is better", "metricName": "# N's", "values": [0, 1586, 1, 491, 91, 491], "isMain": false}, {"quality": "Less is better", "metricName": "# N's per 100 kbp", "values": ["0.00", "31.65", "0.02", "9.88", "1.83", "9.88"], "isMain": true}]], ["Genome statistics", [{"quality": "More is better", "metricName": "Genome fraction (%)", "values": ["14.751", "14.450", "15.006", "14.876", "15.010", "14.876"], "isMain": true}, {"quality": "Less is better", "metricName": "Duplication ratio", "values": ["1.056", "1.025", "1.032", "1.033", "1.032", "1.033"], "isMain": true}, {"quality": "More is better", "metricName": "# genes", "values": ["598 + 73 part", "592 + 67 part", "606 + 66 part", "603 + 65 part", "", ""], "isMain": true}, {"quality": "More is better", "metricName": "Largest alignment", "values": [52397, 52397, 52419, 52419, 52419, 52419], "isMain": false}, {"quality": "More is better", "metricName": "NG50", "values": [278382, 278382, 244971, 268392, 237457, 268392], "isMain": false}, {"quality": "More is better", "metricName": "NG75", "values": [156215, 207147, 128961, 137898, 122207, 137898], "isMain": false}, {"quality": "Less is better", "metricName": "LG50", "values": [6, 6, 6, 6, 7, 6], "isMain": false}, {"quality": "Less is better", "metricName": "LG75", "values": [11, 10, 14, 12, 14, 12], "isMain": false}]], ["Predicted genes", []], ["Reference statistics", [{"quality": "Equal", "metricName": "Reference length", "values": [4744448, 4744448, 4744448, 4744448, 4744448, 4744448], "isMain": false}, {"quality": "Equal", "metricName": "Reference GC (%)", "values": ["61.55", "61.55", "61.55", "61.55", "61.55", "61.55"], "isMain": false}, {"quality": "Equal", "metricName": "Reference genes", "values": [4284, 4284, 4284, 4284, 0, 0], "isMain": false}, {"quality": "Equal", "metricName": "Reference operons", "values": [0, 0, 0, 0, 0, 0], "isMain": false}]]], "minContig": 500, "assembliesNames": ["242_cabog broken", "242_cabog", "242_abyss broken", "242_abyss", "245_cabog", "245_abyss"]}