gi|77404693|ref|NC_007489.1|_Rhodobacter_sphaeroides_2.4.1_plasmid_C__complete_sequence	mira_c503	mira_c502	mira_c38	mira_c263	mira_c199	mira_c291	mira_c408	mira_rep_c1114	mira_c225	mira_c456	mira_c454	mira_c313	mira_c314	mira_c256	mira_c602	mira_c90	mira_c98	mira_c172	mira_c179	mira_c20	mira_c352	mira_c56	mira_c281	mira_c288	mira_rep_c1103	mira_c422	mira_c136	mira_c919	mira_c141	mira_c146	mira_c17	mira_c369	mira_c400	mira_c403	mira_rep_c1133	mira_c727	mira_c45	mira_c330	mira_c336	mira_rep_c1171	mira_c530	mira_c536	mira_c380	mira_c153	mira_c375	mira_c370	mira_c427	mira_c478	mira_c475	mira_c579	mira_c111	mira_c442	mira_c3	mira_c5	mira_c237	mira_c234	mira_c238	mira_c1112	mira_c358	mira_c420	mira_rep_c1083
gi|552530953|ref|NC_007490.2|_Rhodobacter_sphaeroides_2.4.1_plasmid_D__complete_sequence	mira_rep_c1118	mira_rep_c1058	mira_c569	mira_c453	mira_c487	mira_c606	mira_rep_c963	mira_rep_c962	mira_rep_c960	mira_rep_c984	mira_rep_c987	mira_rep_c982	mira_rep_c1071	mira_c219	mira_c210	mira_c856	mira_c526	mira_c523	mira_c364	mira_c404	mira_rep_c1021	mira_rep_c970	mira_rep_c971	mira_rep_c973	mira_rep_c976	mira_rep_c995	mira_c1094	mira_c47	mira_c334	mira_rep_c1455	mira_c537	mira_c435	mira_c386	mira_c381	mira_c655	mira_c159	mira_c151	mira_c379	mira_c783	mira_c572	mira_c470	mira_rep_c1128	mira_c73	mira_c309	mira_c1110	mira_c490	mira_rep_c958	mira_rep_c959
gi|552536492|ref|NC_007494.2|_Rhodobacter_sphaeroides_2.4.1_chromosome_2__complete_sequence	mira_c33	mira_c30	mira_c31	mira_c36	mira_c39	mira_c347	mira_c345	mira_c344	mira_c260	mira_c196	mira_c194	mira_c460	mira_c749	mira_c436	mira_c561	mira_c129	mira_c120	mira_c516	mira_c517	mira_rep_c1200	mira_c407	mira_c630	mira_c452	mira_c220	mira_c221	mira_c223	mira_c228	mira_c68	mira_c64	mira_c67	mira_c66	mira_c319	mira_c252	mira_c481	mira_c419	mira_c746	mira_c349	mira_c348	mira_c170	mira_c177	mira_rep_c981	mira_rep_c981	mira_c21	mira_c217	mira_c211	mira_c53	mira_c58	mira_c321	mira_c323	mira_c327	mira_c287	mira_c18	mira_c19	mira_c14	mira_c362	mira_c242	mira_c248	mira_c81	mira_c88	mira_c668	mira_c105	mira_c106	mira_c102	mira_rep_c1054	mira_c209	mira_c205	mira_c202	mira_c201	mira_c41	mira_c41	mira_c40	mira_c331	mira_c335	mira_c538	mira_c534	mira_c431	mira_c849	mira_c388	mira_c385	mira_c158	mira_c653	mira_c156	mira_c378	mira_c377	mira_c275	mira_c274	mira_c272	mira_c421	mira_c185	mira_c187	mira_c186	mira_c182	mira_c477	mira_c472	mira_c599	mira_c693	mira_c699	mira_c112	mira_c445	mira_c440	mira_c9	mira_c6	mira_c4	mira_c233	mira_c76	mira_c308	mira_c497	mira_c494	mira_c493	mira_c429	mira_c166	mira_c162	mira_c161
gi|552530711|ref|NC_007488.2|_Rhodobacter_sphaeroides_2.4.1_plasmid_B__complete_sequence	mira_c268	mira_c193	mira_c465	mira_c292	mira_c439	mira_c565	mira_c226	mira_c227	mira_c311	mira_c316	mira_c251	mira_c480	mira_c343	mira_c415	mira_c27	mira_c322	mira_c284	mira_c289	mira_c522	mira_c520	mira_c625	mira_c143	mira_c147	mira_c365	mira_c361	mira_c363	mira_c243	mira_c241	mira_c246	mira_c247	mira_c244	mira_c402	mira_c618	mira_c610	mira_c333	mira_c337	mira_c376	mira_c276	mira_c181	mira_c446	mira_c2	mira_c306	mira_c303	mira_c350	mira_c496	mira_c541	mira_c393	mira_c426	mira_c425	mira_c399	mira_c164
gi|552535527|ref|NC_007493.2|_Rhodobacter_sphaeroides_2.4.1_chromosome_1__complete_sequence	mira_c32	mira_c37	mira_c34	mira_c35	mira_c269	mira_c341	mira_c346	mira_c261	mira_c262	mira_c266	mira_c267	mira_c198	mira_c197	mira_c195	mira_c192	mira_c190	mira_c191	mira_c466	mira_c464	mira_c461	mira_c294	mira_c296	mira_c290	mira_c293	mira_c298	mira_c437	mira_c438	mira_c566	mira_c128	mira_c123	mira_c122	mira_c121	mira_c127	mira_c126	mira_c125	mira_c124	mira_c510	mira_c511	mira_c638	mira_c634	mira_c451	mira_c224	mira_c229	mira_c455	mira_c69	mira_c61	mira_c60	mira_c63	mira_c62	mira_c65	mira_c318	mira_c310	mira_c312	mira_c315	mira_c315	mira_c317	mira_c250	mira_c253	mira_c254	mira_c257	mira_c259	mira_c258	mira_c482	mira_c485	mira_c486	mira_c701	mira_c706	mira_c94	mira_c96	mira_c97	mira_c91	mira_c92	mira_c93	mira_c556	mira_c704	mira_c99	mira_c413	mira_c799	mira_c411	mira_c410	mira_c418	mira_c170	mira_c171	mira_c173	mira_c174	mira_c175	mira_c176	mira_c178	mira_c25	mira_c24	mira_c26	mira_c23	mira_c22	mira_c29	mira_c28	mira_c354	mira_c356	mira_c357	mira_c218	mira_c215	mira_c214	mira_c216	mira_c213	mira_c212	mira_c50	mira_c51	mira_c52	mira_c54	mira_c55	mira_c57	mira_c59	mira_c320	mira_c325	mira_c324	mira_c326	mira_c328	mira_c286	mira_c285	mira_c282	mira_c283	mira_c280	mira_c138	mira_c139	mira_c134	mira_c135	mira_c137	mira_c130	mira_c131	mira_c132	mira_c133	mira_c423	mira_c95	mira_c559	mira_c149	mira_c148	mira_c140	mira_c142	mira_c145	mira_c144	mira_c15	mira_c16	mira_c10	mira_c11	mira_c12	mira_c13	mira_c795	mira_c360	mira_c240	mira_c245	mira_c249	mira_c792	mira_c87	mira_c85	mira_c84	mira_c83	mira_c82	mira_c80	mira_c401	mira_c89	mira_c769	mira_c717	mira_c583	mira_c738	mira_c663	mira_c104	mira_c107	mira_c101	mira_c100	mira_c103	mira_c711	mira_c109	mira_c108	mira_c612	mira_c615	mira_c614	mira_c208	mira_c206	mira_c207	mira_c204	mira_c203	mira_c200	mira_c780	mira_c43	mira_c42	mira_c46	mira_c44	mira_c49	mira_c48	mira_c332	mira_c338	mira_c339	mira_c448	mira_c681	mira_c539	mira_c838	mira_c531	mira_c533	mira_c535	mira_c389	mira_c387	mira_c384	mira_c382	mira_rep_c1007	mira_c650	mira_c152	mira_c150	mira_c157	mira_c154	mira_c155	mira_c371	mira_c273	mira_c271	mira_c270	mira_c279	mira_c278	mira_c827	mira_c189	mira_c188	mira_c184	mira_c180	mira_c183	mira_c577	mira_c474	mira_c802	mira_c778	mira_rep_c1049	mira_c597	mira_c116	mira_c117	mira_c114	mira_c115	mira_c113	mira_c110	mira_c508	mira_c118	mira_c119	mira_c444	mira_c441	mira_c443	mira_c8	mira_c9	mira_c1	mira_c7	mira_c232	mira_c231	mira_c230	mira_c236	mira_c235	mira_c239	mira_c715	mira_c77	mira_c74	mira_c75	mira_c72	mira_c70	mira_c78	mira_c79	mira_c307	mira_c302	mira_c301	mira_c300	mira_c732	mira_c495	mira_c548	mira_c540	mira_c543	mira_c359	mira_c390	mira_c391	mira_c424	mira_c398	mira_c641	mira_rep_c958	mira_c168	mira_c167	mira_c165	mira_c163	mira_c160
gi|125654605|ref|NC_009007.1|_Rhodobacter_sphaeroides_2.4.1_plasmid_A__partial_sequence	mira_c500	mira_c505	mira_c340	mira_c264	mira_c864	mira_c467	mira_c463	mira_c518	mira_c519	mira_rep_c1136	mira_c484	mira_c603	mira_c554	mira_c542	mira_c825	mira_rep_c1020	mira_rep_c1022	mira_rep_c1023	mira_rep_c965	mira_rep_c969	mira_rep_c968	mira_rep_c988	mira_rep_c986	mira_rep_c983	mira_rep_c983	mira_rep_c974	mira_c659	mira_c329	mira_c459	mira_c755	mira_c528	mira_c558	mira_c366	mira_c86	mira_c765	mira_rep_c1035	mira_rep_c1034	mira_rep_c1031	mira_c585	mira_rep_c970	mira_rep_c977	mira_rep_c978	mira_rep_c979	mira_rep_c998	mira_rep_c996	mira_rep_c997	mira_rep_c992	mira_rep_c993	mira_rep_c990	mira_rep_c991	mira_rep_c1175	mira_c532	mira_c432	mira_c434	mira_rep_c1008	mira_rep_c1009	mira_rep_c1009	mira_rep_c1006	mira_rep_c1004	mira_rep_c1005	mira_rep_c1002	mira_rep_c1003	mira_rep_c1001	mira_c876	mira_c570	mira_rep_c1041	mira_c71	mira_c546	mira_c395	mira_rep_c1018	mira_rep_c1014	mira_rep_c1017	mira_rep_c1011	mira_rep_c1010	mira_rep_c1013	mira_rep_c1012	mira_rep_c958	mira_rep_c1066	mira_c647	mira_c169
gi|125654693|ref|NC_009008.1|_Rhodobacter_sphaeroides_2.4.1_plasmid_E__partial_sequence	mira_c299	mira_c567	mira_rep_c1024	mira_rep_c1026	mira_rep_c967	mira_rep_c966	mira_rep_c989	mira_rep_c985	mira_rep_c984	mira_rep_c980	mira_c581	mira_rep_c972	mira_rep_c999	mira_rep_c994	mira_rep_c993	mira_rep_c964	mira_rep_c1000	mira_c373	mira_c304	mira_rep_c1019	mira_rep_c1019	mira_rep_c1015	mira_rep_c958
