gi|77404693|ref|NC_007489.1|_Rhodobacter_sphaeroides_2.4.1_plasmid_C__complete_sequence	contig36	contig32	contig559	contig4	contig89	contig63	contig472	contig93
gi|552530953|ref|NC_007490.2|_Rhodobacter_sphaeroides_2.4.1_plasmid_D__complete_sequence	contig37	contig147	contig297	contig51	contig56	contig3	contig7	contig9	contig667	contig162	contig163	contig236	contig235	contig194	contig584	contig21	contig26	contig96	contig204	contig240
gi|552536492|ref|NC_007494.2|_Rhodobacter_sphaeroides_2.4.1_chromosome_2__complete_sequence	contig595	contig43	contig45	contig46	contig287	contig285	contig284	contig328	contig281	contig327	contig454	contig455	contig379	contig370	contig52	contig686	contig103	contig171	contig170	contig175	contig598	contig429	contig428	contig427	contig426	contig425	contig424	contig558	contig496	contig223	contig557	contig226	contig55	contig1	contig547	contig597	contig343	contig347	contig599	contig468	contig463	contig462	contig467	contig466	contig465	contig464	contig15	contig13	contig12	contig283	contig390	contig161	contig169	contig626	contig629	contig302	contig308	contig430	contig431	contig432	contig433	contig433	contig435	contig436	contig530	contig602	contig233	contig453	contig519	contig510	contig68	contig67	contig648	contig193	contig197	contig196	contig195	contig582	contig583	contig274	contig273	contig377	contig372	contig371	contig608	contig470	contig471	contig601	contig607	contig27	contig27	contig24	contig388	contig389	contig386	contig380	contig98	contig97	contig632	contig633	contig630	contig631	contig445	contig447	contig447	contig446	contig522	contig448	contig528	contig529	contig119	contig118	contig392	contig526	contig527	contig70	contig73	contig72	contig74	contig188	contig189	contig186	contig187	contig183	contig647	contig646	contig645	contig644	contig643	contig363	contig364	contig367	contig368	contig369	contig416	contig417	contig414	contig415
gi|552530711|ref|NC_007488.2|_Rhodobacter_sphaeroides_2.4.1_plasmid_B__complete_sequence	contig539	contig538	contig174	contig53	contig5	contig395	contig397	contig396	contig393	contig438	contig537	contig536	contig121	contig25	contig441	contig440	contig442
gi|552535527|ref|NC_007493.2|_Rhodobacter_sphaeroides_2.4.1_chromosome_1__complete_sequence	contig789	contig551	contig39	contig35	contig34	contig31	contig30	contig33	contig148	contig149	contig140	contig141	contig142	contig143	contig144	contig593	contig49	contig47	contig282	contig289	contig288	contig737	contig736	contig734	contig733	contig732	contig731	contig739	contig738	contig456	contig457	contig450	contig518	contig517	contig516	contig515	contig514	contig513	contig512	contig458	contig459	contig210	contig211	contig213	contig214	contig215	contig217	contig218	contig219	contig353	contig354	contig605	contig290	contig618	contig292	contig50	contig294	contig295	contig712	contig715	contig714	contig728	contig729	contig716	contig104	contig105	contig107	contig100	contig101	contig109	contig689	contig688	contig777	contig177	contig179	contig178	contig650	contig652	contig653	contig654	contig790	contig793	contig792	contig795	contig794	contig796	contig258	contig259	contig254	contig255	contig256	contig257	contig250	contig251	contig252	contig253	contig253	contig315	contig314	contig317	contig316	contig311	contig313	contig312	contig319	contig318	contig669	contig611	contig423	contig422	contig421	contig420	contig229	contig228	contig491	contig495	contig221	contig220	contig499	contig227	contig651	contig139	contig138	contig135	contig134	contig137	contig136	contig131	contig130	contig133	contig132	contig299	contig59	contig58	contig291	contig291	contig293	contig57	contig54	contig2	contig721	contig724	contig725	contig726	contig727	contig500	contig501	contig503	contig504	contig505	contig661	contig660	contig663	contig664	contig348	contig265	contig264	contig267	contig349	contig261	contig260	contig263	contig262	contig340	contig617	contig269	contig592	contig591	contig590	contig615	contig616	contig610	contig268	contig461	contig460	contig17	contig11	contig10	contig329	contig764	contig762	contig763	contig768	contig769	contig160	contig84	contig85	contig168	contig81	contig788	contig782	contig783	contig780	contig781	contig787	contig710	contig304	contig305	contig303	contig300	contig301	contig718	contig434	contig534	contig266	contig232	contig230	contig231	contig234	contig786	contig18	contig511	contig129	contig127	contig124	contig122	contig123	contig120	contig69	contig66	contig64	contig65	contig62	contig60	contig61	contig492	contig696	contig690	contig649	contig692	contig693	contig754	contig753	contig577	contig679	contig571	contig151	contig572	contig672	contig673	contig150	contig676	contig677	contig674	contig675	contig641	contig640	contig498	contig276	contig275	contig270	contig271	contig376	contig375	contig374	contig373	contig409	contig408	contig671	contig403	contig402	contig405	contig404	contig407	contig406	contig358	contig798	contig478	contig479	contig475	contig476	contig477	contig351	contig350	contig352	contig606	contig23	contig20	contig384	contig382	contig383	contig381	contig157	contig156	contig152	contig99	contig95	contig94	contig91	contig90	contig636	contig637	contig634	contig635	contig638	contig639	contig339	contig338	contig332	contig331	contig330	contig337	contig336	contig335	contig706	contig707	contig708	contig159	contig444	contig443	contig520	contig449	contig158	contig209	contig208	contig207	contig206	contig205	contig200	contig695	contig691	contig709	contig756	contig113	contig112	contig111	contig110	contig116	contig115	contig114	contig75	contig77	contig76	contig78	contig746	contig744	contig745	contig742	contig743	contig740	contig741	contig184	contig185	contig180	contig181	contig182	contig566	contig567	contig565	contig562	contig563	contig560	contig561	contig568	contig569	contig570	contig249	contig242	contig241	contig247	contig246	contig245	contig362	contig366	contig418	contig419	contig410	contig411	contig87	contig481	contig480	contig483	contig482	contig485	contig484	contig487	contig486	contig668
gi|125654605|ref|NC_009007.1|_Rhodobacter_sphaeroides_2.4.1_plasmid_A__partial_sequence	contig48	contig40	contig42	contig44	contig355	contig106	contig108	contig88	contig80	contig322	contig126	contig125	contig199	contig198	contig279	contig401	contig28	contig29	contig153	contig92	contig117	contig19	contig71	contig79	contig86
gi|125654693|ref|NC_009008.1|_Rhodobacter_sphaeroides_2.4.1_plasmid_E__partial_sequence	contig102	contig176	contig6	contig8	contig192	contig28	contig28
