{"date":"17 June 2014, Tuesday, 20:01:39","report":[["Statistics without reference",[{"values":[213,205,156,135],"quality":"Less is better","isMain":true,"metricName":"# contigs"},{"values":[261,246,201,179],"quality":"Less is better","isMain":false,"metricName":"# contigs (>= 200 bp)"},{"values":[183,177,124,108],"quality":"Less is better","isMain":false,"metricName":"# contigs (>= 1000 bp)"},{"values":[157783,157831,246346,246346],"quality":"More is better","isMain":true,"metricName":"Largest contig"},{"values":[3914915,3889783,3944260,3891789],"quality":"More is better","isMain":true,"metricName":"Total length"},{"values":[3931494,3903763,3958933,3905232],"quality":"More is better","isMain":false,"metricName":"Total length (>= 200 bp)"},{"values":[3894214,3870711,3921645,3872950],"quality":"More is better","isMain":false,"metricName":"Total length (>= 1000 bp)"},{"values":[40877,46346,92036,105176],"quality":"More is better","isMain":true,"metricName":"N50"},{"values":[22754,22927,43442,43442],"quality":"More is better","isMain":false,"metricName":"N75"},{"values":[30,28,15,12],"quality":"Less is better","isMain":false,"metricName":"L50"},{"values":[62,59,31,26],"quality":"Less is better","isMain":false,"metricName":"L75"},{"values":["47.50","47.64","47.52","47.69"],"quality":"Equal","isMain":false,"metricName":"GC (%)"}]],["Misassemblies",[{"values":[4,9,14,5],"quality":"Less is better","isMain":true,"metricName":"# misassemblies"},{"values":[4,9,12,5],"quality":"Less is better","isMain":false,"metricName":"    # relocations"},{"values":[0,0,2,0],"quality":"Less is better","isMain":false,"metricName":"    # translocations"},{"values":[0,0,0,0],"quality":"Less is better","isMain":false,"metricName":"    # inversions"},{"values":[4,9,14,5],"quality":"Less is better","isMain":false,"metricName":"# misassembled contigs"},{"values":[55189,127292,749414,28731],"quality":"Less is better","isMain":true,"metricName":"Misassembled contigs length"},{"values":[8,9,2,3],"quality":"Less is better","isMain":false,"metricName":"# local misassemblies"}]],["Unaligned",[{"values":[1,1,1,1],"quality":"Less is better","isMain":false,"metricName":"# fully unaligned contigs"},{"values":[549,549,5482,5482],"quality":"Less is better","isMain":false,"metricName":"Fully unaligned length"},{"values":[1,0,5,2],"quality":"Less is better","isMain":false,"metricName":"# partially unaligned contigs"},{"values":[0,0,1,1],"quality":"Less is better","isMain":false,"metricName":"    # with misassembly"},{"values":[0,0,0,0],"quality":"Less is better","isMain":false,"metricName":"    # both parts are significant"},{"values":[27,0,1221,815],"quality":"Less is better","isMain":false,"metricName":"Partially unaligned length"}]],["Mismatches",[{"values":[175,229,161,164],"quality":"Less is better","isMain":false,"metricName":"# mismatches"},{"values":[190,122,110,102],"quality":"Less is better","isMain":false,"metricName":"# indels"},{"values":[262,174,168,137],"quality":"Less is better","isMain":false,"metricName":"Indels length"},{"values":["4.47","5.89","4.09","4.23"],"quality":"Less is better","isMain":true,"metricName":"# mismatches per 100 kbp"},{"values":["4.85","3.14","2.80","2.63"],"quality":"Less is better","isMain":true,"metricName":"# indels per 100 kbp"},{"values":[181,116,104,98],"quality":"Less is better","isMain":false,"metricName":"    # short indels (<= 5 bp)"},{"values":[9,6,6,4],"quality":"Less is better","isMain":false,"metricName":"    # long indels (> 5 bp)"},{"values":[0,0,0,0],"quality":"Less is better","isMain":false,"metricName":"# N's"},{"values":["0.00","0.00","0.00","0.00"],"quality":"Less is better","isMain":true,"metricName":"# N's per 100 kbp"}]],["Genome statistics",[{"values":["97.038","96.340","97.563","96.234"],"quality":"More is better","isMain":true,"metricName":"Genome fraction (%)"},{"values":["1.011","1.012","1.007","1.007"],"quality":"Less is better","isMain":true,"metricName":"Duplication ratio"},{"values":["3386 + 132 part","3392 + 121 part","3491 + 79 part","3460 + 70 part"],"quality":"More is better","isMain":true,"metricName":"# genes"},{"values":[157783,157831,246346,246346],"quality":"More is better","isMain":false,"metricName":"Largest alignment"},{"values":[40085,41373,92036,105176],"quality":"More is better","isMain":false,"metricName":"NG50"},{"values":[20673,20721,39974,39408],"quality":"More is better","isMain":false,"metricName":"NG75"},{"values":[40877,42805,67096,105176],"quality":"More is better","isMain":false,"metricName":"NA50"},{"values":[22753,22638,40333,43442],"quality":"More is better","isMain":false,"metricName":"NA75"},{"values":[39468,41373,63574,105176],"quality":"More is better","isMain":true,"metricName":"NGA50"},{"values":[20673,19470,39408,39408],"quality":"More is better","isMain":false,"metricName":"NGA75"},{"values":[31,30,15,12],"quality":"Less is better","isMain":false,"metricName":"LG50"},{"values":[66,63,33,28],"quality":"Less is better","isMain":false,"metricName":"LG75"},{"values":[30,28,16,12],"quality":"Less is better","isMain":false,"metricName":"LA50"},{"values":[62,59,35,26],"quality":"Less is better","isMain":false,"metricName":"LA75"},{"values":[31,30,17,12],"quality":"Less is better","isMain":false,"metricName":"LGA50"},{"values":[66,64,37,28],"quality":"Less is better","isMain":false,"metricName":"LGA75"}]],["Predicted genes",[]],["Reference statistics",[{"values":[4033464,4033464,4033464,4033464],"quality":"Equal","isMain":false,"metricName":"Reference length"},{"values":["47.49","47.49","47.49","47.49"],"quality":"Equal","isMain":false,"metricName":"Reference GC (%)"},{"values":[3693,3693,3693,3693],"quality":"Equal","isMain":false,"metricName":"Reference genes"},{"values":[0,0,0,0],"quality":"Equal","isMain":false,"metricName":"Reference operons"}]]],"minContig":500,"assembliesNames":["GAGE-B-Hiseq","Velvet_1208-Hiseq","GAGE-B-Miseq","Velvet_1208-Miseq"]}