{"date": "02 May 2014, Friday, 01:28:52", "report": [["Statistics without reference", [{"quality": "Less is better", "metricName": "# contigs", "values": [54, 54], "isMain": true}, {"quality": "Less is better", "metricName": "# contigs (>= 0 bp)", "values": [174, 174], "isMain": false}, {"quality": "Less is better", "metricName": "# contigs (>= 1000 bp)", "values": [52, 52], "isMain": false}, {"quality": "More is better", "metricName": "Largest contig", "values": [654090, 654090], "isMain": true}, {"quality": "More is better", "metricName": "Total length", "values": [4969260, 4969260], "isMain": true}, {"quality": "More is better", "metricName": "Total length (>= 0 bp)", "values": [4985428, 4985428], "isMain": false}, {"quality": "More is better", "metricName": "Total length (>= 1000 bp)", "values": [4967717, 4967717], "isMain": false}, {"quality": "More is better", "metricName": "N50", "values": [237457, 237457], "isMain": true}, {"quality": "More is better", "metricName": "N75", "values": [121603, 121603], "isMain": false}, {"quality": "Less is better", "metricName": "L50", "values": [7, 7], "isMain": false}, {"quality": "Less is better", "metricName": "L75", "values": [15, 15], "isMain": false}, {"quality": "Equal", "metricName": "GC (%)", "values": ["61.53", "61.53"], "isMain": false}]], ["Misassemblies", [{"quality": "Less is better", "metricName": "# misassemblies", "values": [0, ""], "isMain": true}, {"quality": "Less is better", "metricName": "    # relocations", "values": [0, ""], "isMain": false}, {"quality": "Less is better", "metricName": "    # translocations", "values": [0, ""], "isMain": false}, {"quality": "Less is better", "metricName": "    # inversions", "values": [0, ""], "isMain": false}, {"quality": "Less is better", "metricName": "# misassembled contigs", "values": [0, ""], "isMain": false}, {"quality": "Less is better", "metricName": "Misassembled contigs length", "values": [0, ""], "isMain": true}, {"quality": "Less is better", "metricName": "# local misassemblies", "values": [0, ""], "isMain": false}]], ["Unaligned", [{"quality": "Less is better", "metricName": "# fully unaligned contigs", "values": [12, 54], "isMain": false}, {"quality": "Less is better", "metricName": "Fully unaligned length", "values": [162641, 4969260], "isMain": false}, {"quality": "Less is better", "metricName": "# partially unaligned contigs", "values": [34, ""], "isMain": false}, {"quality": "Less is better", "metricName": "    # with misassembly", "values": [25, ""], "isMain": false}, {"quality": "Less is better", "metricName": "    # both parts are significant", "values": [29, ""], "isMain": false}, {"quality": "Less is better", "metricName": "Partially unaligned length", "values": [4071442, ""], "isMain": false}]], ["Mismatches", [{"quality": "Less is better", "metricName": "# mismatches", "values": [1049, ""], "isMain": false}, {"quality": "Less is better", "metricName": "# indels", "values": [44, ""], "isMain": false}, {"quality": "Less is better", "metricName": "Indels length", "values": [59, ""], "isMain": false}, {"quality": "Less is better", "metricName": "# mismatches per 100 kbp", "values": ["2686.51", ""], "isMain": true}, {"quality": "Less is better", "metricName": "# indels per 100 kbp", "values": ["112.68", ""], "isMain": true}, {"quality": "Less is better", "metricName": "    # short indels (<= 5 bp)", "values": [43, ""], "isMain": false}, {"quality": "Less is better", "metricName": "    # long indels (> 5 bp)", "values": [1, ""], "isMain": false}, {"quality": "Less is better", "metricName": "# N's", "values": [91, 91], "isMain": false}, {"quality": "Less is better", "metricName": "# N's per 100 kbp", "values": ["1.83", "1.83"], "isMain": true}]], ["Genome statistics", [{"quality": "More is better", "metricName": "Genome fraction (%)", "values": ["15.010", ""], "isMain": true}, {"quality": "Less is better", "metricName": "Duplication ratio", "values": ["1.032", ""], "isMain": true}, {"quality": "More is better", "metricName": "Largest alignment", "values": [52419, ""], "isMain": false}, {"quality": "More is better", "metricName": "NG50", "values": [237457, 168818], "isMain": false}, {"quality": "More is better", "metricName": "NG75", "values": [122207, 114887], "isMain": false}, {"quality": "Less is better", "metricName": "LG50", "values": [7, 8], "isMain": false}, {"quality": "Less is better", "metricName": "LG75", "values": [14, 18], "isMain": false}]], ["Predicted genes", []], ["Reference statistics", [{"quality": "Equal", "metricName": "Reference length", "values": [4744448, 5432652], "isMain": false}, {"quality": "Equal", "metricName": "Reference GC (%)", "values": ["61.55", "35.50"], "isMain": false}, {"quality": "Equal", "metricName": "Reference genes", "values": [0, ""], "isMain": false}, {"quality": "Equal", "metricName": "Reference operons", "values": [0, ""], "isMain": false}]]], "minContig": 500, "assembliesNames": ["A_hydrophila_ATCC_7966", "B_cereus_ATCC_1098"]}