Assembly	MA-H-Abyss-Contig	MA-H-Cabog-Contig	MA-H-Mira-Contig	MA-H-Msrca-Contig	MA-H-Sga-Contig	MA-H-Soap-Contig	MA-H-Spades-Contig	MA-H-Velvet-Contig	MA-H-Abyss-Scaffold	MA-H-Cabog-Scaffold	MA-H-Msrca-Scaffold	MA-H-Sga-Scaffold	MA-H-Soap-Scaffold	MA-H-Spades-Scaffold	MA-H-Velvet-Scaffold
# misassemblies	4	7	22	6	3	8	4	4	9	10	11	3	8	8	9
    # relocations	4	7	22	6	3	8	4	4	9	10	11	3	8	8	9
    # translocations	0	0	0	0	0	0	0	0	0	0	0	0	0	0	0
    # inversions	0	0	0	0	0	0	0	0	0	0	0	0	0	0	0
# misassembled contigs	4	7	15	6	3	7	4	4	7	10	10	3	7	7	8
Misassembled contigs length	302822	612517	1331243	1062986	114888	1261153	551561	215454	1764233	956535	1758713	114888	1380458	1288081	1695861
# local misassemblies	8	6	6	2	1	16	5	9	28	13	4	1	22	7	83
# mismatches	196	428	288	2511	55	86	107	152	492	440	2575	54	86	248	154
# indels	109	292	44	330	75	63	84	46	214	423	363	75	63	180	63
    # short indels (<= 5 bp)	82	287	42	326	71	51	80	40	185	412	356	71	51	161	54
    # long indels (> 5 bp)	27	5	2	4	4	12	4	6	29	11	7	4	12	19	9
Indels length	657	427	141	509	176	372	215	237	801	690	611	176	372	551	311
