{"date":"03 May 2014, Saturday, 00:06:36","report":[["Statistics without reference",[{"values":[353,341],"quality":"Less is better","isMain":true,"metricName":"# contigs"},{"values":[864,822],"quality":"Less is better","isMain":false,"metricName":"# contigs (>= 0 bp)"},{"values":[312,302],"quality":"Less is better","isMain":false,"metricName":"# contigs (>= 1000 bp)"},{"values":[257581,257581],"quality":"More is better","isMain":true,"metricName":"Largest contig"},{"values":[5801552,5810521],"quality":"More is better","isMain":true,"metricName":"Total length"},{"values":[5873796,5875896],"quality":"More is better","isMain":false,"metricName":"Total length (>= 0 bp)"},{"values":[5774294,5784758],"quality":"More is better","isMain":false,"metricName":"Total length (>= 1000 bp)"},{"values":[47088,48439],"quality":"More is better","isMain":true,"metricName":"N50"},{"values":[20272,20272],"quality":"More is better","isMain":false,"metricName":"N75"},{"values":[37,32],"quality":"Less is better","isMain":false,"metricName":"L50"},{"values":[87,81],"quality":"Less is better","isMain":false,"metricName":"L75"},{"values":["35.20","35.21"],"quality":"Equal","isMain":false,"metricName":"GC (%)"}]],["Misassemblies",[{"values":[6,5],"quality":"Less is better","isMain":true,"metricName":"# misassemblies"},{"values":[6,5],"quality":"Less is better","isMain":false,"metricName":"    # relocations"},{"values":[0,0],"quality":"Less is better","isMain":false,"metricName":"    # translocations"},{"values":[0,0],"quality":"Less is better","isMain":false,"metricName":"    # inversions"},{"values":[5,5],"quality":"Less is better","isMain":false,"metricName":"# misassembled contigs"},{"values":[4592,4676],"quality":"Less is better","isMain":true,"metricName":"Misassembled contigs length"},{"values":[2,1],"quality":"Less is better","isMain":false,"metricName":"# local misassemblies"}]],["Unaligned",[{"values":[298,288],"quality":"Less is better","isMain":false,"metricName":"# fully unaligned contigs"},{"values":[4114804,3947164],"quality":"Less is better","isMain":false,"metricName":"Fully unaligned length"},{"values":[42,41],"quality":"Less is better","isMain":false,"metricName":"# partially unaligned contigs"},{"values":[9,12],"quality":"Less is better","isMain":false,"metricName":"    # with misassembly"},{"values":[13,12],"quality":"Less is better","isMain":false,"metricName":"    # both parts are significant"},{"values":[1637274,1813032],"quality":"Less is better","isMain":false,"metricName":"Partially unaligned length"}]],["Mismatches",[{"values":[959,673],"quality":"Less is better","isMain":false,"metricName":"# mismatches"},{"values":[52,36],"quality":"Less is better","isMain":false,"metricName":"# indels"},{"values":[70,48],"quality":"Less is better","isMain":false,"metricName":"Indels length"},{"values":["3420.48","3224.88"],"quality":"Less is better","isMain":true,"metricName":"# mismatches per 100 kbp"},{"values":["185.47","172.50"],"quality":"Less is better","isMain":true,"metricName":"# indels per 100 kbp"},{"values":[51,35],"quality":"Less is better","isMain":false,"metricName":"    # short indels (<= 5 bp)"},{"values":[1,1],"quality":"Less is better","isMain":false,"metricName":"    # long indels (> 5 bp)"},{"values":[0,1950],"quality":"Less is better","isMain":false,"metricName":"# N's"},{"values":["0.00","33.56"],"quality":"Less is better","isMain":true,"metricName":"# N's per 100 kbp"}]],["Genome statistics",[{"values":["0.801","0.822"],"quality":"More is better","isMain":true,"metricName":"Genome fraction (%)"},{"values":["1.143","1.133"],"quality":"Less is better","isMain":true,"metricName":"Duplication ratio"},{"values":[9186,9186],"quality":"More is better","isMain":false,"metricName":"Largest alignment"},{"values":[48622,51322],"quality":"More is better","isMain":false,"metricName":"NG50"},{"values":[22430,22540],"quality":"More is better","isMain":false,"metricName":"NG75"},{"values":[33,28],"quality":"Less is better","isMain":false,"metricName":"LG50"},{"values":[74,67],"quality":"Less is better","isMain":false,"metricName":"LG75"}]],["Predicted genes",[]],["Reference statistics",[{"values":[5432652,5432652],"quality":"Equal","isMain":false,"metricName":"Reference length"},{"values":["35.50","35.50"],"quality":"Equal","isMain":false,"metricName":"Reference GC (%)"},{"values":[0,0],"quality":"Equal","isMain":false,"metricName":"Reference genes"},{"values":[0,0],"quality":"Equal","isMain":false,"metricName":"Reference operons"}]]],"minContig":500,"assembliesNames":["dataset_592.dat broken","dataset_592.dat"]}