{"date": "20 January 2015, Tuesday, 21:43:36", "report": [["Statistics without reference", [{"quality": "Less is better", "metricName": "# contigs", "values": [241, 188, 286], "isMain": true}, {"quality": "Less is better", "metricName": "# contigs (>= 200 bp)", "values": [241, 188, 286], "isMain": false}, {"quality": "Less is better", "metricName": "# contigs (>= 1000 bp)", "values": [241, 188, 286], "isMain": false}, {"quality": "More is better", "metricName": "Largest contig", "values": [140691, 5646, 106586], "isMain": true}, {"quality": "More is better", "metricName": "Total length", "values": [3953298, 318746, 3790980], "isMain": true}, {"quality": "More is better", "metricName": "Total length (>= 200 bp)", "values": [3953298, 318746, 3790980], "isMain": false}, {"quality": "More is better", "metricName": "Total length (>= 1000 bp)", "values": [3953298, 318746, 3790980], "isMain": false}, {"quality": "More is better", "metricName": "N50", "values": [33710, 1707, 24969], "isMain": true}, {"quality": "More is better", "metricName": "N75", "values": [17245, 1367, 12543], "isMain": false}, {"quality": "Less is better", "metricName": "L50", "values": [34, 69, 47], "isMain": false}, {"quality": "Less is better", "metricName": "L75", "values": [74, 121, 101], "isMain": false}, {"quality": "Equal", "metricName": "GC (%)", "values": ["47.52", "41.54", "47.92"], "isMain": false}]], ["Misassemblies", [{"quality": "Less is better", "metricName": "# misassemblies", "values": [17, 7, 8], "isMain": true}, {"quality": "Less is better", "metricName": "    # relocations", "values": [11, 5, 7], "isMain": false}, {"quality": "Less is better", "metricName": "    # translocations", "values": [6, 2, 1], "isMain": false}, {"quality": "Less is better", "metricName": "    # inversions", "values": [0, 0, 0], "isMain": false}, {"quality": "Less is better", "metricName": "# misassembled contigs", "values": [17, 7, 7], "isMain": false}, {"quality": "Less is better", "metricName": "Misassembled contigs length", "values": [128064, 15751, 30914], "isMain": true}, {"quality": "Less is better", "metricName": "# local misassemblies", "values": [7, 1, 6], "isMain": false}]], ["Unaligned", [{"quality": "Less is better", "metricName": "# fully unaligned contigs", "values": [1, 0, 0], "isMain": false}, {"quality": "Less is better", "metricName": "Fully unaligned length", "values": [5125, 0, 0], "isMain": false}, {"quality": "Less is better", "metricName": "# partially unaligned contigs", "values": [2, 97, 1], "isMain": false}, {"quality": "Less is better", "metricName": "    # with misassembly", "values": [0, 0, 0], "isMain": false}, {"quality": "Less is better", "metricName": "    # both parts are significant", "values": [0, 0, 0], "isMain": false}, {"quality": "Less is better", "metricName": "Partially unaligned length", "values": [124, 7706, 49], "isMain": false}]], ["Mismatches", [{"quality": "Less is better", "metricName": "# mismatches", "values": [319, 112, 263], "isMain": false}, {"quality": "Less is better", "metricName": "# indels", "values": [142, 53, 140], "isMain": false}, {"quality": "Less is better", "metricName": "Indels length", "values": [188, 84, 158], "isMain": false}, {"quality": "Less is better", "metricName": "# mismatches per 100 kbp", "values": ["8.16", "36.35", "6.95"], "isMain": true}, {"quality": "Less is better", "metricName": "# indels per 100 kbp", "values": ["3.63", "17.20", "3.70"], "isMain": true}, {"quality": "Less is better", "metricName": "    # short indels (<= 5 bp)", "values": [136, 51, 138], "isMain": false}, {"quality": "Less is better", "metricName": "    # long indels (> 5 bp)", "values": [6, 2, 2], "isMain": false}, {"quality": "Less is better", "metricName": "# N's", "values": [0, 0, 0], "isMain": false}, {"quality": "Less is better", "metricName": "# N's per 100 kbp", "values": ["0.00", "0.00", "0.00"], "isMain": true}]], ["Genome statistics", [{"quality": "More is better", "metricName": "Genome fraction (%)", "values": ["96.968", "7.639", "93.765"], "isMain": true}, {"quality": "Less is better", "metricName": "Duplication ratio", "values": ["1.016", "1.011", "1.009"], "isMain": true}, {"quality": "More is better", "metricName": "# genes", "values": ["3401 + 144 part", "123 + 277 part", "3286 + 166 part"], "isMain": true}, {"quality": "More is better", "metricName": "Largest alignment", "values": [140691, 5582, 106586], "isMain": false}, {"quality": "More is better", "metricName": "NG50", "values": [32790, null, 22450], "isMain": false}, {"quality": "More is better", "metricName": "NG75", "values": [16374, null, 10823], "isMain": false}, {"quality": "More is better", "metricName": "NA50", "values": [33710, 1624, 24969], "isMain": false}, {"quality": "More is better", "metricName": "NA75", "values": [17241, 1288, 12543], "isMain": false}, {"quality": "More is better", "metricName": "NGA50", "values": [32784, null, 22450], "isMain": true}, {"quality": "More is better", "metricName": "NGA75", "values": [16374, null, 10092], "isMain": false}, {"quality": "Less is better", "metricName": "LG50", "values": [35, null, 52], "isMain": false}, {"quality": "Less is better", "metricName": "LG75", "values": [77, null, 116], "isMain": false}, {"quality": "Less is better", "metricName": "LA50", "values": [34, 72, 47], "isMain": false}, {"quality": "Less is better", "metricName": "LA75", "values": [74, 128, 101], "isMain": false}, {"quality": "Less is better", "metricName": "LGA50", "values": [35, null, 52], "isMain": false}, {"quality": "Less is better", "metricName": "LGA75", "values": [77, null, 117], "isMain": false}]], ["Predicted genes", []], ["Reference statistics", [{"quality": "Equal", "metricName": "Reference length", "values": [4033464, 4033464, 4033464], "isMain": false}, {"quality": "Equal", "metricName": "Reference GC (%)", "values": ["47.49", "47.49", "47.49"], "isMain": false}, {"quality": "Equal", "metricName": "Reference genes", "values": [3693, 3693, 3693], "isMain": false}, {"quality": "Equal", "metricName": "Reference operons", "values": [0, 0, 0], "isMain": false}]]], "minContig": 500, "assembliesNames": ["1_GAGE-B", "2_Cabog7", "2_Cabog8"]}