{"ref_genes_number": 0, "genes_in_contigs": {"202_BC-H-Velvet-Contig": [0, 2, 0, 1, 0, 0, 0, 0, 0, 10, 0, 0, 0, 0, 2, 0, 3, 0, 2, 5, 0, 0, 0, 0, 0, 0, 0, 0, 1, 0, 0, 1, 0, 4, 0, 0, 0, 0, 0, 0, 0, 0, 0, 0, 0, 0, 0, 0, 0, 0, 0, 0, 0, 0, 0, 0, 0, 0, 0, 0, 0, 0, 0, 0, 0, 0, 0, 0, 0, 0, 0, 0, 0, 0, 0, 0, 0, 0, 0, 0, 0, 0, 1, 0, 0, 0, 0, 0, 6, 0, 0, 0, 0, 0, 0, 0, 0, 0, 0, 0, 0, 1, 0, 0, 0, 0, 0, 0, 0, 0, 0, 0, 0, 0, 0, 0, 0, 0, 0, 0, 0, 0, 0, 0, 0, 0, 0, 0, 0, 0, 0, 0, 0, 0, 0, 0, 0, 0, 0, 0, 0, 0, 0, 0, 0, 0, 0, 0, 0, 0, 0, 0, 0, 0, 0, 0, 0, 0, 0, 0, 0, 0, 0, 0, 0, 0, 0, 0, 0, 0, 0, 0, 0, 1, 0, 0, 0, 0, 0, 0, 0, 0, 0, 0, 0, 0, 0, 0, 0, 0, 0, 0, 1, 0, 0, 0, 0, 0, 0, 0, 0, 0, 0, 0, 0, 0, 0, 0, 0, 0, 0, 0, 0, 0, 0, 0, 0, 0, 0, 0, 0, 0, 0, 0, 0, 0, 0, 0, 0, 1, 0, 0, 0, 0, 0, 0, 0, 0, 0, 0, 0, 0, 0, 0, 0, 0, 0, 0, 0, 0, 0, 0, 0, 0, 0, 0, 0, 0, 0, 0, 0, 0, 0, 0, 0, 0, 0, 0, 0, 0, 0, 0, 0, 0, 0, 0, 0, 0, 0, 0, 4, 0], "202_BC-H-Cabog-Contig": [0, 2, 0, 1, 0, 2, 0, 0, 0, 0, 0, 0, 0, 0, 0, 0, 0, 2, 0, 0, 0, 0, 27, 0, 5, 1, 0, 0, 0, 6, 0, 0, 2, 0, 0, 0, 0, 2, 0, 1, 3, 0, 0, 0, 0, 0, 0, 0, 0, 0, 0, 0, 0, 0, 0, 0, 0, 0, 0, 0, 0, 0, 0, 0, 0, 0, 0, 0, 0, 0, 0, 0, 0, 0, 0, 0, 0, 0, 0, 0, 0, 0, 0, 0, 0, 0, 0, 0, 0, 0, 0, 0, 0, 0, 0, 0, 0, 0, 0, 0, 0, 0, 0, 0, 0, 0, 0, 0, 0, 0, 0, 0, 0, 0, 0, 0, 0, 0, 0, 0, 0, 0, 0, 0, 0, 0, 0, 0, 0, 0, 0, 0, 0, 0, 0, 0, 0, 0, 0, 0, 0, 0, 0, 0, 0, 2, 0, 0, 1, 0, 0, 2, 0, 0, 0, 0, 0, 0, 0, 0, 0, 0, 0], "202_BC-H-Spades-Contig": [2, 0, 10, 1, 0, 0, 4, 0, 0, 0, 3, 0, 0, 0, 0, 0, 1, 0, 0, 0, 0, 0, 2, 2, 0, 0, 0, 0, 5, 0, 0, 1, 2, 3, 0, 9, 1, 1, 0, 7, 0, 0, 0, 0, 0, 0, 0, 0, 0, 0, 0, 0, 0, 0, 0, 0, 0, 0, 0, 0, 0, 0, 0, 0, 0, 0, 0, 0, 0, 0, 0, 2, 0, 2, 1, 0, 0, 0, 0, 0, 0, 0, 0, 0, 0, 0, 0, 0, 0, 0, 0, 0, 0, 0, 0, 0, 0, 0, 0, 0, 0, 0, 0, 0, 0, 0, 0, 0, 0, 0, 0, 0, 0, 0, 0, 0, 0, 0, 1, 0, 0, 0, 0, 0, 0, 0, 0, 0, 0, 0, 0, 0, 0, 0, 0, 0, 0, 0, 0, 0, 0, 0, 0, 0, 0, 0, 0, 0, 0, 0, 0, 0, 0, 0, 0, 0, 0, 0, 0, 0, 0, 0, 0, 0, 0, 0, 0, 1, 0, 0, 0, 0, 0, 0, 0, 0, 0, 0, 0, 0, 0, 0, 0, 0, 0, 0, 0, 0, 0, 0, 0, 0, 0, 0, 0, 0, 3, 2, 0, 3, 0, 0, 0, 0, 0, 0, 0, 5, 0, 0, 0, 0, 0, 0, 0, 0, 0, 0, 0, 0, 0, 4, 0, 0, 4, 0, 0, 0, 2, 0, 0, 0, 0, 0, 0, 0, 0, 0, 0, 0, 0, 0, 0, 1, 1, 0, 0, 2, 0, 0, 0, 0], "202_BC-H-Sga-Contig": [2, 0, 0, 0, 2, 0, 0, 0, 0, 0, 0, 0, 0, 0, 5, 0, 0, 0, 0, 1, 0, 0, 0, 0, 0, 0, 0, 0, 0, 0, 0, 0, 0, 0, 0, 0, 0, 0, 0, 0, 0, 0, 0, 0, 0, 0, 0, 0, 0, 0, 0, 0, 0, 0, 0, 0, 0, 0, 0, 0, 0, 0, 0, 0, 3, 0, 0, 0, 0, 0, 0, 0, 0, 0, 0, 0, 0, 0, 0, 0, 0, 0, 0, 0, 0, 0, 0, 0, 0, 0, 0, 0, 0, 0, 0, 0, 0, 0, 0, 0, 0, 0, 0, 0, 0, 0, 0, 0, 0, 0, 0, 0, 0, 0, 0, 0, 0, 0, 0, 0, 0, 0, 0, 0, 0, 0, 0, 0, 0, 0, 0, 0, 0, 0, 0, 0, 0, 0, 0, 0, 1, 0, 0, 0, 0, 0, 0, 0, 0, 0, 0, 0, 0, 0, 0, 0, 0, 0, 0, 0, 1, 0, 0, 0, 0, 0, 0, 0, 0, 3, 0, 0, 0, 0, 0, 0, 0, 0, 0, 0, 0, 0, 0, 0, 0, 0, 0, 0, 0, 0, 0, 0, 0, 0, 0, 0, 0, 0, 0, 0, 0, 0, 0, 0, 0, 0, 0, 0, 0, 0, 0, 0, 0, 0, 0, 0, 0, 0, 0, 0, 0, 0, 0, 0, 0, 0, 0, 0, 0, 0, 0, 0, 0, 0, 0, 0, 0, 0, 0, 0, 0, 0, 0, 0, 0, 0, 0, 0, 0, 0, 0, 0, 0, 0, 0, 0, 0, 0, 0, 0, 0, 0, 2, 0, 0, 0, 0, 0, 0, 0, 0, 0, 0, 0, 0, 0, 0, 0, 0, 0, 0, 1, 0, 0, 0, 0, 0, 0, 0, 0, 0, 0, 0, 0, 0, 0, 0, 0, 0, 0, 0, 0, 0, 0, 0, 0, 0, 0, 0, 0, 0, 0, 0, 0, 0, 0, 0, 0, 0, 0, 0, 0, 0, 0, 0, 0, 0, 0, 0, 0, 0, 0, 0, 0, 0, 0, 0, 0, 0, 0, 0, 0, 0, 0, 0, 0, 0, 0, 0, 0, 0, 0, 0, 0, 0, 0, 0, 0, 0, 0, 0, 0, 0, 0, 0, 0, 0, 0, 0, 0, 0, 0, 0, 0, 0, 0, 0, 0, 0, 0, 0, 0, 0, 0, 0, 0, 0, 0, 0, 0, 0, 0, 0, 0, 0, 0, 0, 0, 0, 0, 0, 0, 0, 0, 0, 0, 0, 0, 0, 0, 0, 0, 0, 0, 0, 0, 0, 0, 0, 0, 0, 0, 0, 0, 0, 0, 0, 0, 0, 0, 0, 0, 0, 0, 0, 0, 0, 0, 0, 0, 0, 0, 0, 0, 0, 0, 0, 0, 0, 0, 0, 0, 0, 0, 0, 0, 0, 0, 1, 0, 0, 0, 0, 0, 0, 0, 0, 0, 0, 0, 0, 0, 0, 0, 0, 0, 0, 0, 0, 0, 0, 0, 0, 0, 0, 0, 0, 0, 0, 0, 0, 0, 0, 0, 0, 0, 0, 0, 0, 0, 0, 0, 0, 0, 0, 0, 0, 0, 0, 0, 0, 0, 0, 0, 0, 0, 0, 0, 0, 0, 0, 0, 0, 0, 0, 0, 0, 0, 0, 0, 0, 0, 0, 0, 0, 0, 0, 0, 0, 0, 0, 0, 0, 0, 0, 0, 0, 0, 0, 0, 0, 0, 0, 0, 0, 0, 0, 0, 0, 0, 0, 0, 0, 0, 0, 0, 0], "202_BC-H-Abyss-Contig": [0, 2, 10, 1, 0, 0, 0, 0, 2, 1, 0, 0, 0, 0, 0, 0, 0, 0, 0, 0, 0, 0, 0, 0, 2, 0, 0, 5, 0, 0, 0, 2, 2, 1, 0, 0, 4, 0, 0, 0, 0, 0, 11, 0, 0, 0, 0, 0, 0, 0, 0, 0, 0, 0, 3, 0, 0, 0, 0, 0, 0, 0, 0, 0, 0, 0, 0, 0, 0, 5, 0, 0, 0, 0, 0, 0, 0, 0, 0, 0, 0, 0, 0, 0, 0, 0, 0, 0, 0, 0, 0, 0, 0, 0, 0, 0, 0, 0, 0, 0, 0, 0, 0, 0, 0, 0, 2, 0, 0, 0, 0, 0, 0, 0, 0, 0, 0, 0, 0, 0, 0, 0, 0, 0, 0, 0, 0, 0, 0, 0, 0, 0, 0, 0, 0, 0, 0, 0, 0, 0, 0, 0, 0, 0, 0, 0, 0, 0, 0, 0, 0, 0, 0, 0, 0, 0, 0, 0, 0, 0, 0, 0, 0, 0, 0, 0, 0, 0, 0, 0, 0, 0, 0, 0, 0, 0, 0, 0, 0, 0, 0, 0, 0, 0, 0, 0, 0, 0, 0, 0, 0, 0, 0, 0, 0, 0, 0, 0, 0, 0, 0, 0, 0, 0, 0, 0, 0, 0, 0, 0, 0, 0, 0, 0, 0, 0, 0, 0, 0, 0, 0, 0, 0, 0, 1, 0, 0, 0, 0, 0, 0, 0, 0, 0, 0, 0, 0, 0, 0, 0, 0, 0, 0, 0, 0, 0, 0, 0, 0, 0, 2, 0, 0, 0, 0, 0, 0, 0, 0, 0, 0, 0, 0, 0, 0, 0, 0, 0, 0, 0, 0, 0, 0, 0, 0, 0, 0, 0, 0, 0, 0, 0, 0, 0, 0, 0, 0, 0, 0, 0, 0, 0, 0, 0, 0, 0, 0, 0, 0, 0, 0, 0, 0, 0, 0, 0, 0, 0, 0, 0, 0, 0, 0, 0, 0, 0, 0, 0, 0, 0, 0, 0, 7, 7, 0, 3, 0, 0, 3, 0, 0, 7, 0, 0, 0, 0, 0, 0, 0, 0, 0, 0, 0, 5, 0, 2, 0, 0, 0, 0, 0, 0, 0, 0, 0, 0, 0, 0, 0, 0, 0, 0, 0, 3, 0, 0, 0, 0, 0, 0, 0, 0, 2, 0], "202_BC-H-Mira-Contig": [2, 0, 0, 0, 0, 0, 0, 1, 5, 1, 3, 12, 0, 0, 0, 0, 0, 0, 0, 0, 0, 2, 0, 0, 0, 0, 0, 0, 0, 0, 0, 0, 0, 0, 0, 0, 0, 0, 0, 0, 0, 0, 0, 0, 1, 0, 0, 0, 0, 0, 0, 0, 0, 0, 0, 0, 0, 0, 0, 0, 0, 0, 0, 0, 0, 0, 0, 0, 0, 0, 0, 0, 0, 0, 0, 0, 0, 0, 19, 0, 0, 0, 0, 0, 0, 0, 0, 0, 0, 0, 0, 0, 0, 0, 0, 0, 0, 0, 0, 0, 0, 0, 0, 0, 0, 0, 0, 0, 0, 0, 0, 0, 0, 0, 0, 0, 0, 0, 0, 0, 0, 0, 3, 0, 0, 0, 0, 0, 0, 0, 1, 0, 0, 0, 0, 0, 0, 0, 0, 0, 0, 0, 0, 0, 0, 0, 0, 0, 0, 0, 0, 0, 0, 0, 0, 9, 1, 0, 0, 0, 0, 0, 0, 0, 0, 0, 0, 0, 0, 0, 0, 0, 0, 0, 0, 0, 0, 0, 0, 0, 0, 0, 0, 0, 0, 0, 0, 0, 0, 0, 0, 0, 0, 0, 0, 0, 0, 0, 0, 0, 0, 0, 0, 0, 0, 0, 0, 0, 0, 0, 0, 0, 0, 0, 0, 0, 0, 0, 0, 1, 0, 0, 0, 0, 0, 0, 0, 3, 0, 0, 0, 0, 0, 0, 0, 0, 0, 0, 0, 0, 1, 0, 0, 0, 0, 0, 0, 0, 0, 0, 3, 0, 0, 0, 0, 0, 0, 0, 0, 0, 0, 0, 0, 0, 0, 1, 0, 1, 0, 0, 0, 0, 0, 0, 0, 0, 0, 0, 0, 0, 0, 0, 0, 0, 0, 0, 0, 0, 0, 0, 0, 0, 0, 0, 0, 1, 0, 0, 0, 0, 0, 1, 0, 0, 0, 0, 0, 0, 0, 0, 0, 0, 0, 0, 0, 0, 0, 0, 0, 1, 0, 0, 0, 1, 0, 0, 0, 0, 0, 0, 3, 0, 0, 0, 0, 0, 0, 0, 0, 0, 0, 0, 0, 0, 0, 0, 1, 0, 0, 0, 0, 0, 0, 0, 0, 0, 0, 0, 0, 0, 0, 0, 0, 0, 0, 0, 0, 0, 0, 0, 0, 0, 0, 0, 0, 0, 0, 0, 0, 0, 0, 0, 0, 0, 0, 0, 0, 0, 0, 0, 0, 0, 0, 0, 0, 0, 0, 0, 0, 0, 0, 3, 0, 0, 0, 0, 0, 0, 0, 0, 0, 0, 0, 0, 0, 0, 2, 0, 0, 0, 0, 0, 0, 0, 0, 0, 0, 0, 0, 0, 0, 0, 0, 0, 0, 0, 1, 7, 0, 0, 0, 0, 0, 0, 0, 0, 0, 0, 0, 0, 0, 6, 0, 0, 0, 0, 0, 0, 0, 0, 0, 0, 0, 0, 0, 0, 0, 2, 0, 0, 0, 0, 0, 2, 0, 0, 0, 0, 0, 0, 0, 0, 0, 0, 0, 0, 0, 0, 0, 0, 0, 0, 0, 0, 1, 0, 0, 0, 0, 0, 0, 0, 0, 1, 0, 7, 0, 0, 2, 0, 0, 0, 0, 0, 0, 0, 0, 0, 1, 0, 0, 0, 1, 0, 0, 0, 0, 0, 1, 0, 0, 0, 0, 0, 0, 0, 0, 0, 2, 0, 0, 0, 0, 1, 0, 0, 0, 0, 0, 0, 0, 0, 0, 0, 0, 1, 0, 0, 0, 0, 0, 0, 0, 0, 0, 0, 0, 0, 0, 0, 0, 0, 0, 0, 0, 0, 0, 0, 0, 0, 0, 0, 0, 0, 0, 0, 0, 0, 0, 0, 0, 0, 0, 0, 0, 0, 0, 0, 0, 0, 0, 0, 0, 0, 0, 0, 0, 0, 0, 0], "202_BC-H-Msrca-Contig": [0, 2, 10, 13, 0, 0, 0, 10, 0, 0, 1, 3, 0, 0, 0, 0, 3, 5, 2, 0, 0, 1, 0, 0, 0, 0, 2, 0, 0, 3, 0, 11, 0, 0, 0, 0, 0, 0, 0, 0, 0, 0, 0, 0, 0, 0, 0, 0, 0, 0, 0, 0, 0, 0, 0, 0, 0, 0, 0, 0, 0, 0, 0, 0, 0, 0, 0, 0, 0, 0, 0, 19, 0, 0, 0, 0, 0, 0, 0, 1, 0, 0, 0, 0, 0, 0, 0, 0, 0, 0, 0, 0, 0, 0, 0, 0, 0, 0, 0, 0, 0, 0, 0, 0, 1, 0, 0, 0, 0, 0, 0, 0, 0, 0, 0, 0, 0, 0, 0, 0, 0, 0, 0, 0, 0, 0, 0, 0, 0, 0, 0, 0, 0, 0, 0, 0, 0, 0, 0, 0, 0, 1, 0, 1, 0, 0, 1, 0, 0, 0, 0, 0, 0, 0, 0, 0, 0, 0, 0, 0, 0, 0, 11, 0, 0, 0, 0, 0, 0, 0, 0, 0, 0, 0, 0, 9, 0, 0, 0, 0, 0, 0, 0, 0, 0, 0, 0, 2, 0, 0, 0, 0, 0, 0, 0, 0, 0, 0, 0, 0, 0, 0, 0, 0, 0, 0, 0, 0, 0, 0], "202_BC-H-Soap-Contig": [0, 10, 0, 2, 0, 1, 5, 0, 0, 0, 0, 1, 0, 0, 0, 0, 0, 0, 0, 0, 0, 0, 0, 2, 0, 0, 0, 0, 0, 2, 0, 0, 0, 2, 0, 1, 0, 0, 0, 0, 0, 0, 0, 0, 0, 0, 0, 0, 3, 0, 0, 0, 0, 0, 0, 0, 0, 0, 0, 0, 0, 0, 0, 0, 0, 0, 0, 0, 0, 0, 0, 0, 0, 0, 0, 0, 0, 0, 0, 0, 0, 0, 0, 0, 0, 0, 0, 0, 0, 0, 0, 0, 0, 0, 0, 0, 0, 0, 0, 0, 0, 0, 1, 0, 1, 0, 0, 0, 0, 0, 0, 0, 0, 0, 0, 0, 0, 0, 0, 0, 0, 0, 0, 0, 0, 0, 0, 0, 0, 0, 0, 0, 0, 0, 0, 0, 0, 0, 0, 0, 0, 0, 0, 0, 0, 0, 0, 0, 0, 0, 0, 0, 0, 0, 0, 0, 0, 0, 0, 0, 0, 0, 0, 0, 0, 0, 0, 0, 0, 0, 0, 0, 0, 0, 0, 0, 0, 0, 0, 0, 0, 0, 1, 0, 0, 0, 0, 0, 0, 0, 0, 0, 0, 0, 0, 0, 0, 0, 0, 0, 0, 0, 0, 0, 0, 0, 0, 0, 0, 0, 0, 0, 0, 0, 0, 0, 0, 0, 0, 0, 0, 0, 0, 0, 0, 0, 0, 0, 0, 0, 0, 0, 0, 0, 0, 0, 0, 0, 5, 0, 0, 0, 0, 0, 0, 0, 0, 0, 0, 0, 0, 0, 0, 0, 0, 0, 0, 0, 0, 0, 0, 0, 0, 0, 0, 0, 0, 5, 0, 0, 0, 0, 0, 0, 0, 0, 0, 4, 0, 0, 0, 0, 0, 3], "204_BC-M-Abyss-Contig": [464, 467, 318, 276, 269, 216, 208, 164, 130, 150, 132, 146, 152, 134, 131, 111, 110, 120, 97, 117, 95, 84, 91, 95, 68, 91, 62, 59, 71, 75, 73, 57, 52, 55, 53, 54, 48, 46, 40, 33, 47, 35, 40, 34, 23, 30, 35, 29, 25, 25, 20, 15, 20, 17, 17, 11, 17, 15, 20, 18, 12, 16, 10, 7, 9, 4, 10, 9, 5, 4, 2, 0, 7, 0, 4, 0, 4, 0, 0, 1, 0, 0, 0, 0, 0, 2, 0], "204_BC-M-Mira-Contig": [347, 351, 246, 245, 230, 192, 201, 179, 167, 168, 177, 172, 151, 147, 124, 115, 99, 104, 94, 98, 94, 78, 86, 72, 89, 97, 68, 64, 60, 59, 52, 57, 57, 68, 59, 51, 52, 45, 43, 41, 45, 38, 37, 31, 36, 33, 40, 56, 34, 28, 28, 28, 32, 24, 31, 26, 25, 22, 38, 20, 19, 19, 25, 25, 24, 20, 19, 18, 16, 17, 11, 11, 12, 14, 14, 15, 13, 10, 11, 7, 7, 8, 6, 3, 5, 5, 0, 3, 2, 3, 2, 0, 0, 0, 0, 0, 0, 0, 0, 0, 0, 2, 0, 0, 1, 0, 0, 0, 0, 0, 0, 0, 0, 0, 0, 0, 1, 0, 0, 0, 0, 0, 0, 0, 0, 0, 0, 0, 0, 0, 0, 0], "204_BC-M-Soap-Contig": [676, 627, 564, 506, 396, 251, 214, 198, 217, 141, 109, 105, 93, 101, 72, 90, 89, 73, 72, 94, 74, 63, 61, 62, 58, 53, 58, 52, 45, 38, 38, 39, 28, 35, 29, 24, 18, 20, 19, 25, 27, 25, 25, 14, 16, 18, 19, 15, 14, 16, 17, 13, 9, 4, 8, 7, 9, 7, 5, 7, 3, 2, 2, 4, 0, 2, 1, 1, 2, 0, 0, 0, 2, 0, 1, 6, 0, 0, 0], "204_BC-M-Sga-Contig": [104, 96, 91, 97, 58, 62, 54, 64, 62, 63, 67, 56, 46, 60, 56, 50, 53, 52, 48, 44, 53, 48, 48, 40, 46, 44, 57, 39, 45, 41, 43, 46, 39, 44, 39, 44, 35, 40, 45, 35, 31, 50, 34, 41, 44, 40, 30, 35, 36, 28, 33, 41, 37, 33, 40, 27, 43, 27, 34, 29, 27, 32, 32, 28, 25, 18, 29, 24, 32, 26, 24, 24, 24, 23, 30, 29, 30, 24, 25, 22, 25, 16, 20, 20, 22, 18, 16, 22, 21, 30, 20, 21, 18, 19, 18, 15, 15, 20, 27, 22, 21, 20, 21, 17, 26, 22, 18, 25, 19, 22, 14, 25, 15, 19, 22, 21, 17, 15, 21, 16, 13, 19, 16, 22, 14, 16, 19, 17, 17, 17, 13, 14, 13, 16, 19, 15, 15, 17, 15, 15, 13, 16, 14, 11, 15, 11, 16, 16, 14, 13, 14, 10, 10, 11, 17, 12, 12, 14, 19, 13, 10, 11, 9, 14, 12, 11, 7, 16, 13, 14, 11, 8, 16, 10, 13, 12, 14, 8, 10, 11, 12, 4, 8, 11, 8, 8, 9, 11, 8, 12, 8, 4, 11, 6, 7, 12, 9, 14, 7, 16, 9, 6, 7, 8, 7, 7, 8, 8, 6, 10, 8, 7, 9, 7, 5, 5, 7, 8, 5, 2, 4, 8, 0, 9, 9, 6, 4, 5, 8, 7, 6, 8, 5, 5, 5, 4, 6, 5, 5, 7, 6, 4, 5, 5, 4, 8, 4, 3, 6, 6, 4, 5, 4, 3, 3, 3, 5, 4, 3, 2, 4, 5, 3, 3, 4, 2, 3, 4, 2, 2, 2, 2, 2, 5, 4, 2, 3, 1, 3, 2, 3, 2, 3, 3, 0, 2, 4, 1, 3, 1, 1, 2, 2, 2, 0, 1, 3, 1, 1, 2, 4, 0, 2, 1, 1, 0, 2, 0, 2, 0, 2, 1, 1, 0, 0, 2, 0, 1, 1, 0, 0, 0, 0, 0, 0, 0, 0, 8, 0, 0, 0, 0, 0, 0, 0, 0, 5, 0, 0, 0, 0, 0, 0, 5, 0, 2, 0, 0, 0, 0, 0, 0, 0, 0, 0, 0, 0, 0, 3, 0, 0], "204_BC-M-Cabog-Contig": [269, 263, 271, 244, 267, 265, 264, 235, 192, 167, 200, 166, 169, 156, 154, 146, 159, 133, 131, 103, 94, 86, 93, 94, 91, 74, 97, 85, 76, 56, 60, 70, 57, 55, 63, 61, 59, 51, 49, 45, 56, 37, 28, 29, 20, 32, 25, 27, 22, 19, 24, 20, 15, 18, 17, 13, 19, 16, 12, 15, 11, 12, 9, 15, 7, 11, 4, 5, 6, 5, 5, 2, 4, 0, 3, 0, 1], "204_BC-M-Msrca-Contig": [857, 679, 524, 459, 385, 253, 240, 216, 245, 213, 192, 190, 207, 146, 160, 122, 94, 107, 73, 76, 55, 51, 46, 52, 43, 25, 30, 19, 27, 25, 24, 15, 24, 20, 15, 11, 4, 5, 6, 1, 1, 0, 0, 0, 10, 0, 0, 0, 1, 0, 0, 0, 0, 5, 3, 0, 0, 0, 0, 0, 0, 5, 0, 0, 0, 0, 0, 0], "204_BC-M-Spades-Contig": [383, 254, 213, 193, 213, 167, 194, 143, 145, 130, 130, 138, 135, 119, 119, 113, 124, 128, 130, 95, 92, 93, 103, 84, 73, 86, 99, 73, 88, 73, 76, 72, 69, 69, 58, 73, 56, 70, 68, 56, 58, 50, 51, 52, 55, 44, 54, 48, 39, 33, 43, 34, 48, 28, 24, 28, 24, 20, 15, 20, 22, 22, 25, 25, 21, 18, 19, 23, 19, 13, 17, 11, 11, 12, 13, 10, 9, 5, 4, 2, 4, 0, 2, 5, 4, 0, 0, 3, 0, 0, 0, 1, 0, 0, 0, 0, 0, 0, 0, 0, 0, 0, 0, 0, 0, 1, 1, 5, 0, 0, 4, 0, 0], "204_BC-M-Velvet-Contig": [87, 91, 102, 75, 63, 62, 65, 77, 62, 53, 63, 70, 57, 64, 70, 58, 52, 52, 52, 49, 38, 46, 39, 39, 44, 34, 45, 34, 43, 44, 37, 44, 41, 40, 35, 35, 28, 35, 32, 32, 28, 30, 26, 28, 34, 32, 38, 33, 40, 29, 28, 31, 24, 28, 28, 24, 32, 32, 33, 32, 28, 20, 25, 28, 22, 35, 24, 24, 30, 32, 26, 24, 24, 24, 23, 22, 25, 22, 26, 18, 32, 22, 23, 20, 18, 21, 20, 19, 20, 25, 21, 22, 20, 17, 21, 20, 28, 22, 22, 17, 22, 21, 25, 22, 19, 15, 23, 18, 21, 15, 16, 18, 12, 15, 18, 21, 18, 15, 20, 14, 14, 22, 16, 20, 18, 14, 13, 13, 10, 17, 10, 16, 21, 23, 13, 13, 11, 11, 15, 17, 9, 12, 17, 16, 16, 15, 5, 14, 12, 11, 11, 10, 14, 11, 10, 10, 13, 15, 10, 12, 9, 12, 6, 9, 12, 9, 9, 14, 12, 14, 9, 10, 14, 8, 12, 11, 12, 12, 12, 15, 10, 14, 10, 9, 11, 12, 8, 8, 11, 7, 5, 7, 8, 8, 7, 12, 8, 5, 8, 7, 8, 12, 8, 8, 4, 12, 7, 7, 7, 7, 7, 12, 7, 8, 8, 7, 8, 7, 7, 9, 9, 6, 7, 6, 7, 5, 7, 6, 4, 6, 8, 5, 5, 2, 0, 6, 7, 8, 8, 2, 7, 4, 4, 4, 7, 5, 8, 5, 6, 5, 4, 7, 3, 6, 8, 4, 6, 2, 4, 3, 4, 3, 3, 3, 3, 3, 4, 6, 5, 3, 3, 3, 4, 4, 3, 4, 3, 8, 4, 1, 3, 2, 6, 6, 4, 3, 3, 3, 2, 3, 0, 1, 5, 3, 5, 2, 6, 1, 4, 3, 2, 1, 2, 5, 4, 1, 3, 1, 0, 1, 0, 2, 1, 1, 0, 0, 1, 1, 3, 1, 2, 3, 2, 4, 1, 0, 1, 1, 2, 2, 1, 1, 0, 1, 2, 0, 1, 2, 2, 1, 0, 0, 0, 0, 1, 0, 0, 2, 0, 1, 1, 0, 1, 1, 0, 0, 2, 6, 1, 0, 0, 6, 1, 0, 0, 0, 0, 0, 1, 0, 0, 0, 0]}, "filenames": ["202_BC-H-Abyss-Contig", "202_BC-H-Cabog-Contig", "202_BC-H-Mira-Contig", "202_BC-H-Msrca-Contig", "202_BC-H-Sga-Contig", "202_BC-H-Soap-Contig", "202_BC-H-Spades-Contig", "202_BC-H-Velvet-Contig", "204_BC-M-Abyss-Contig", "204_BC-M-Cabog-Contig", "204_BC-M-Mira-Contig", "204_BC-M-Msrca-Contig", "204_BC-M-Sga-Contig", "204_BC-M-Soap-Contig", "204_BC-M-Spades-Contig", "204_BC-M-Velvet-Contig"]}