{"date": "28 April 2014, Monday, 23:33:55", "report": [["Statistics without reference", [{"quality": "Less is better", "metricName": "# contigs", "values": [54, 87], "isMain": true}, {"quality": "Less is better", "metricName": "# contigs (>= 0 bp)", "values": [174, 617], "isMain": false}, {"quality": "Less is better", "metricName": "# contigs (>= 1000 bp)", "values": [52, 82], "isMain": false}, {"quality": "More is better", "metricName": "Largest contig", "values": [654090, 430487], "isMain": true}, {"quality": "More is better", "metricName": "Total length", "values": [4969260, 5380960], "isMain": true}, {"quality": "More is better", "metricName": "Total length (>= 0 bp)", "values": [4985428, 5431491], "isMain": false}, {"quality": "More is better", "metricName": "Total length (>= 1000 bp)", "values": [4967717, 5376981], "isMain": false}, {"quality": "More is better", "metricName": "N50", "values": [237457, 130570], "isMain": true}, {"quality": "More is better", "metricName": "N75", "values": [121603, 69698], "isMain": false}, {"quality": "Less is better", "metricName": "L50", "values": [7, 12], "isMain": false}, {"quality": "Less is better", "metricName": "L75", "values": [15, 26], "isMain": false}, {"quality": "Equal", "metricName": "GC (%)", "values": ["61.53", "35.30"], "isMain": false}]], ["Misassemblies", []], ["Unaligned", []], ["Mismatches", [{"quality": "Less is better", "metricName": "# N's", "values": [91, 5511], "isMain": false}, {"quality": "Less is better", "metricName": "# N's per 100 kbp", "values": ["1.83", "102.42"], "isMain": true}]], ["Genome statistics", []], ["Predicted genes", []], ["Reference statistics", []]], "minContig": 500, "assembliesNames": ["669_abyss", "670_dataset_497.dat"]}