{"date":"04 July 2014, Friday, 02:50:14","report":[["Statistics without reference",[{"values":[188,188],"quality":"Less is better","isMain":true,"metricName":"# contigs"},{"values":[188,188],"quality":"Less is better","isMain":false,"metricName":"# contigs (>= 200 bp)"},{"values":[188,188],"quality":"Less is better","isMain":false,"metricName":"# contigs (>= 1000 bp)"},{"values":[5646,5646],"quality":"More is better","isMain":true,"metricName":"Largest contig"},{"values":[318746,318746],"quality":"More is better","isMain":true,"metricName":"Total length"},{"values":[318746,318746],"quality":"More is better","isMain":false,"metricName":"Total length (>= 200 bp)"},{"values":[318746,318746],"quality":"More is better","isMain":false,"metricName":"Total length (>= 1000 bp)"},{"values":[1707,1707],"quality":"More is better","isMain":true,"metricName":"N50"},{"values":[1367,1367],"quality":"More is better","isMain":false,"metricName":"N75"},{"values":[69,69],"quality":"Less is better","isMain":false,"metricName":"L50"},{"values":[121,121],"quality":"Less is better","isMain":false,"metricName":"L75"},{"values":["41.54","41.54"],"quality":"Equal","isMain":false,"metricName":"GC (%)"}]],["Misassemblies",[]],["Unaligned",[]],["Mismatches",[{"values":[0,0],"quality":"Less is better","isMain":false,"metricName":"# N's"},{"values":["0.00","0.00"],"quality":"Less is better","isMain":true,"metricName":"# N's per 100 kbp"}]],["Genome statistics",[]],["Predicted genes",[]],["Reference statistics",[]]],"minContig":500,"assembliesNames":["dataset_2323.dat broken","dataset_2323.dat"]}