{"date":"02 May 2014, Friday, 16:46:48","report":[["Statistics without reference",[{"values":[382,146,731,58,830,354,105,332,382,131,52,733,185,73,143],"quality":"Less is better","isMain":true,"metricName":"# contigs"},{"values":[846,148,885,63,1032,441,275,655,846,131,55,778,226,230,438],"quality":"Less is better","isMain":false,"metricName":"# contigs (>= 0 bp)"},{"values":[339,145,528,53,726,302,100,307,339,131,47,656,180,69,130],"quality":"Less is better","isMain":false,"metricName":"# contigs (>= 1000 bp)"},{"values":[71578,127844,67456,241348,44874,115051,286217,71713,71578,177098,241348,44874,204500,425067,236829],"quality":"More is better","isMain":true,"metricName":"Largest contig"},{"values":[4503182,3952525,4609809,4246144,4563433,4527360,4588344,4485514,4503182,3953489,4247061,4091078,4549335,4649550,4526809],"quality":"More is better","isMain":true,"metricName":"Total length"},{"values":[4567617,3952878,4662776,4247935,4621116,4554476,4618855,4537774,4567617,3953489,4248140,4107334,4560810,4676880,4571231],"quality":"More is better","isMain":false,"metricName":"Total length (>= 0 bp)"},{"values":[4474301,3952023,4462783,4242597,4486986,4489150,4584948,4467985,4474301,3953489,4243514,4032589,4545945,4646673,4518112],"quality":"More is better","isMain":false,"metricName":"Total length (>= 1000 bp)"},{"values":[22050,41794,15792,142742,9224,33829,118093,24347,22050,45887,165131,9086,45133,151794,88399],"quality":"More is better","isMain":true,"metricName":"N50"},{"values":[11736,22363,8236,102371,4941,16889,53389,14804,11736,25501,104435,4930,27903,104015,39660],"quality":"More is better","isMain":false,"metricName":"N75"},{"values":[67,30,90,12,150,44,15,58,67,26,11,136,32,11,17],"quality":"Less is better","isMain":false,"metricName":"L50"},{"values":[137,64,191,21,321,88,30,115,137,55,19,291,63,20,36],"quality":"Less is better","isMain":false,"metricName":"L75"},{"values":["68.77","69.06","68.75","68.90","68.79","68.83","68.81","68.77","68.77","69.06","68.90","69.03","68.83","68.76","68.77"],"quality":"Equal","isMain":false,"metricName":"GC (%)"}]],["Misassemblies",[{"values":[2,6,20,5,3,1,9,3,2,6,5,0,2,12,16],"quality":"Less is better","isMain":true,"metricName":"# misassemblies"},{"values":[1,3,7,2,1,0,1,2,1,3,3,0,0,1,10],"quality":"Less is better","isMain":false,"metricName":"    # relocations"},{"values":[1,3,13,3,2,1,8,1,1,3,2,0,2,11,6],"quality":"Less is better","isMain":false,"metricName":"    # translocations"},{"values":[0,0,0,0,0,0,0,0,0,0,0,0,0,0,0],"quality":"Less is better","isMain":false,"metricName":"    # inversions"},{"values":[1,5,13,5,2,1,5,2,1,5,4,0,2,7,11],"quality":"Less is better","isMain":false,"metricName":"# misassembled contigs"},{"values":[24651,119353,162528,41134,10550,3702,216655,92376,24651,135726,40523,0,18416,461715,564277],"quality":"Less is better","isMain":true,"metricName":"Misassembled contigs length"},{"values":[2,2,6,4,1,10,4,8,2,6,7,1,215,8,188],"quality":"Less is better","isMain":false,"metricName":"# local misassemblies"}]],["Unaligned",[{"values":[0,0,0,0,0,0,0,1,0,0,0,0,0,0,0],"quality":"Less is better","isMain":false,"metricName":"# fully unaligned contigs"},{"values":[0,0,0,0,0,0,0,688,0,0,0,0,0,0,0],"quality":"Less is better","isMain":false,"metricName":"Fully unaligned length"},{"values":[2,1,2,1,1,1,0,0,2,1,1,0,0,0,0],"quality":"Less is better","isMain":false,"metricName":"# partially unaligned contigs"},{"values":[0,0,0,0,0,0,0,0,0,0,0,0,0,0,0],"quality":"Less is better","isMain":false,"metricName":"    # with misassembly"},{"values":[0,0,0,0,0,0,0,0,0,0,0,0,0,0,0],"quality":"Less is better","isMain":false,"metricName":"    # both parts are significant"},{"values":[96,78,43,23,11,383,0,0,96,78,23,0,0,0,0],"quality":"Less is better","isMain":false,"metricName":"Partially unaligned length"}]],["Mismatches",[{"values":[152,280,1801,409,40,141,372,471,152,285,407,10,142,346,483],"quality":"Less is better","isMain":false,"metricName":"# mismatches"},{"values":[11,18,234,33,18,35,36,29,11,187,103,15,35,174,233],"quality":"Less is better","isMain":false,"metricName":"# indels"},{"values":[45,26,391,49,74,62,120,147,45,274,167,71,62,508,464],"quality":"Less is better","isMain":false,"metricName":"Indels length"},{"values":["3.38","7.11","39.58","9.66","0.88","3.13","8.13","10.50","3.38","7.23","9.62","0.25","3.14","7.55","10.75"],"quality":"Less is better","isMain":true,"metricName":"# mismatches per 100 kbp"},{"values":["0.24","0.46","5.14","0.78","0.40","0.78","0.79","0.65","0.24","4.75","2.43","0.37","0.77","3.80","5.19"],"quality":"Less is better","isMain":true,"metricName":"# indels per 100 kbp"},{"values":[9,17,225,32,13,31,29,25,9,180,100,10,31,157,221],"quality":"Less is better","isMain":false,"metricName":"    # short indels (<= 5 bp)"},{"values":[2,1,9,1,5,4,7,4,2,7,3,5,4,17,12],"quality":"Less is better","isMain":false,"metricName":"    # long indels (> 5 bp)"},{"values":[0,210,119,0,0,0,466,0,0,821,205,0,6334,515,33457],"quality":"Less is better","isMain":false,"metricName":"# N's"},{"values":["0.00","5.31","2.58","0.00","0.00","0.00","10.16","0.00","0.00","20.77","4.83","0.00","139.23","11.08","739.09"],"quality":"Less is better","isMain":true,"metricName":"# N's per 100 kbp"}]],["Genome statistics",[{"values":["97.762","85.599","98.849","91.960","98.390","97.983","99.418","97.422","97.762","85.611","91.940","88.235","98.191","99.496","97.568"],"quality":"More is better","isMain":true,"metricName":"Genome fraction (%)"},{"values":["1.003","1.009","1.019","1.004","1.008","1.008","1.004","1.000","1.003","1.024","1.010","1.007","1.011","1.017","1.008"],"quality":"Less is better","isMain":true,"metricName":"Duplication ratio"},{"values":["4120 + 275 part","3738 + 140 part","3952 + 505 part","4110 + 45 part","3806 + 647 part","4132 + 306 part","4383 + 72 part","4135 + 276 part","4120 + 275 part","3751 + 128 part","4114 + 39 part","3435 + 590 part","4133 + 309 part","4407 + 48 part","4152 + 267 part"],"quality":"More is better","isMain":true,"metricName":"# genes"},{"values":[71578,127843,67456,241348,44874,115051,286217,71713,71578,177098,241348,44874,204215,425067,234789],"quality":"More is better","isMain":false,"metricName":"Largest alignment"},{"values":[21441,31540,15792,130714,9108,33491,118093,24248,21441,40287,144812,7971,45133,151794,85272],"quality":"More is better","isMain":false,"metricName":"NG50"},{"values":[11021,15957,8326,64787,4854,15849,53389,13982,11021,16846,77487,3567,26996,114243,37869],"quality":"More is better","isMain":false,"metricName":"NG75"},{"values":[22050,41176,15445,142742,9224,33829,118093,24300,22050,42489,165131,9086,45022,151794,84960],"quality":"More is better","isMain":false,"metricName":"NA50"},{"values":[11706,22361,7925,102371,4933,16889,52010,14804,11706,24136,104435,4930,27902,104015,37869],"quality":"More is better","isMain":false,"metricName":"NA75"},{"values":[21441,30364,15445,130714,9108,33491,118093,24205,21441,36097,144812,7971,45022,151794,84960],"quality":"More is better","isMain":true,"metricName":"NGA50"},{"values":[11021,15957,7925,64787,4825,15822,52010,13982,11021,16846,77487,3567,26839,112545,33962],"quality":"More is better","isMain":false,"metricName":"NGA75"},{"values":[70,39,90,13,152,45,15,60,70,33,12,166,32,11,18],"quality":"Less is better","isMain":false,"metricName":"LG50"},{"values":[144,89,190,24,327,91,30,121,144,79,22,381,65,19,37],"quality":"Less is better","isMain":false,"metricName":"LG75"},{"values":[67,31,91,12,150,44,15,59,67,27,11,136,32,11,18],"quality":"Less is better","isMain":false,"metricName":"LA50"},{"values":[138,66,194,21,322,88,30,116,138,58,19,291,63,20,37],"quality":"Less is better","isMain":false,"metricName":"LA75"},{"values":[70,41,91,13,152,45,15,61,70,35,12,166,32,11,18],"quality":"Less is better","isMain":false,"metricName":"LGA50"},{"values":[144,91,194,24,328,92,30,122,144,81,22,381,65,19,39],"quality":"Less is better","isMain":false,"metricName":"LGA75"}]],["Predicted genes",[]],["Reference statistics",[{"values":[4602977,4602977,4602977,4602977,4602977,4602977,4602977,4602977,4602977,4602977,4602977,4602977,4602977,4602977,4602977],"quality":"Equal","isMain":false,"metricName":"Reference length"},{"values":["68.79","68.79","68.79","68.79","68.79","68.79","68.79","68.79","68.79","68.79","68.79","68.79","68.79","68.79","68.79"],"quality":"Equal","isMain":false,"metricName":"Reference GC (%)"},{"values":[4474,4474,4474,4474,4474,4474,4474,4474,4474,4474,4474,4474,4474,4474,4474],"quality":"Equal","isMain":false,"metricName":"Reference genes"},{"values":[0,0,0,0,0,0,0,0,0,0,0,0,0,0,0],"quality":"Equal","isMain":false,"metricName":"Reference operons"}]]],"minContig":500,"assembliesNames":["RS-M-Abyss-Contig","RS-M-Cabog-Contig","RS-M-Mira-Contig","RS-M-Msrca-Contig","RS-M-Sga-Contig","RS-M-Soap-Contig","RS-M-Spades-Contig","RS-M-Velvet-Contig","RS-M-Abyss-Scaffold","RS-M-Cabog-Scaffold","RS-M-Msrca-Scaffold","RS-M-Sga-Scaffold","RS-M-Soap-Scaffold","RS-M-Spades-Scaffold","RS-M-Velvet-Scaffold"]}