{"ref_genes_number": 0, "genes_in_contigs": {"196_A_hydrophila_ATCC_7966 broken": [], "196_A_hydrophila_ATCC_7966": [], "196_M_abscessus_ATCC_19977 broken": [], "196_M_abscessus_ATCC_19977": [], "195_B_cereus_ATCC_1098 broken": [0, 2, 10, 1, 3, 0, 3, 0, 0, 0, 0, 17, 0, 0, 0, 0, 0, 0, 0, 0, 0, 0, 0, 0, 2, 0, 0, 0, 5, 0, 2, 2, 1, 0, 0, 2, 0, 0, 0, 0, 17, 0, 0, 0, 0, 0, 0, 0, 0, 0, 0, 0, 0, 0, 0, 0, 0, 0, 0, 0, 0, 0, 0, 0, 0, 0, 0, 0, 0, 0, 0, 0, 0, 0, 0, 0, 0, 0, 0, 0, 0, 0, 0, 0, 0, 0, 0, 0, 0, 0, 0, 0, 0, 0, 0, 0, 0, 0, 2, 0, 0, 0, 0, 0, 0, 0, 0, 0, 0, 0, 0, 0, 0, 0, 0, 0, 0, 0, 0, 0, 0, 0, 0, 0, 0, 0, 0, 0, 0, 0, 0, 0, 0, 0, 0, 0, 0, 0, 0, 0, 0, 0, 0, 0, 0, 0, 0, 0, 0, 0, 0, 0, 0, 0, 0, 0, 0, 0, 0, 0, 0, 0, 0, 0, 0, 0, 0, 0, 0, 0, 0, 0, 0, 0, 0, 0, 0, 0, 0, 0, 0, 0, 0, 0, 0, 0, 0, 0, 0, 0, 0, 0, 0, 0, 0, 0, 0, 0, 0, 0, 0, 0, 0, 0, 0, 0, 0, 0, 0, 0, 0, 1, 0, 0, 0, 0, 0, 0, 0, 0, 0, 0, 0, 0, 0, 0, 0, 0, 0, 0, 0, 0, 0, 0, 0, 0, 0, 0, 0, 0, 0, 0, 0, 0, 0, 0, 0, 0, 0, 0, 0, 0, 0, 0, 0, 0, 0, 0, 0, 0, 0, 0, 0, 0, 0, 0, 0, 0, 0, 0, 0, 0, 0, 0, 0, 0, 0, 0, 0, 0, 0, 13, 0, 0, 0, 0, 0, 0, 0, 0, 0, 0, 0, 0, 0, 0, 0, 0, 8, 0, 0, 0, 0, 0, 3, 4, 0, 0, 0, 0, 0, 0, 0, 0, 0, 0, 0, 0, 0, 0, 0, 0, 0, 0, 0, 0, 0, 0, 0, 0, 3, 0, 0, 0, 0, 0, 0, 0, 0, 1, 0], "195_B_cereus_ATCC_1098": [], "195_B_fragilis_638R broken": [], "195_M_abscessus_ATCC_19977": []}, "filenames": ["196_A_hydrophila_ATCC_7966 broken", "196_A_hydrophila_ATCC_7966", "196_M_abscessus_ATCC_19977 broken", "196_M_abscessus_ATCC_19977", "195_B_cereus_ATCC_1098 broken", "195_B_cereus_ATCC_1098", "195_B_fragilis_638R broken", "195_B_fragilis_638R", "195_M_abscessus_ATCC_19977 broken", "195_M_abscessus_ATCC_19977"]}