{"date": "17 June 2014, Tuesday, 22:39:54", "report": [["Statistics without reference", [{"quality": "Less is better", "metricName": "# contigs", "values": [213, 205, 156, 135, 85, 104, 138, 133], "isMain": true}, {"quality": "Less is better", "metricName": "# contigs (>= 200 bp)", "values": [261, 246, 201, 179, 124, 142, 181, 173], "isMain": false}, {"quality": "Less is better", "metricName": "# contigs (>= 1000 bp)", "values": [183, 177, 124, 108, 65, 79, 113, 108], "isMain": false}, {"quality": "More is better", "metricName": "Largest contig", "values": [157783, 157831, 246346, 246346, 524347, 411927, 246346, 246346], "isMain": true}, {"quality": "More is better", "metricName": "Total length", "values": [3914915, 3889783, 3944260, 3891789, 3940257, 3903678, 3945576, 3892321], "isMain": true}, {"quality": "More is better", "metricName": "Total length (>= 200 bp)", "values": [3931494, 3903763, 3958933, 3905232, 3954039, 3916708, 3959435, 3904657], "isMain": false}, {"quality": "More is better", "metricName": "Total length (>= 1000 bp)", "values": [3894214, 3870711, 3921645, 3872950, 3927326, 3886781, 3928680, 3875057], "isMain": false}, {"quality": "More is better", "metricName": "N50", "values": [40877, 46346, 92036, 105176, 172545, 163386, 109996, 105176], "isMain": true}, {"quality": "More is better", "metricName": "N75", "values": [22754, 22927, 43442, 43442, 92099, 75755, 47047, 43442], "isMain": false}, {"quality": "Less is better", "metricName": "L50", "values": [30, 28, 15, 12, 7, 8, 11, 12], "isMain": false}, {"quality": "Less is better", "metricName": "L75", "values": [62, 59, 31, 26, 14, 18, 25, 26], "isMain": false}, {"quality": "Equal", "metricName": "GC (%)", "values": ["47.50", "47.64", "47.52", "47.69", "47.50", "47.63", "47.51", "47.69"], "isMain": false}]], ["Misassemblies", [{"quality": "Less is better", "metricName": "# misassemblies", "values": [4, 9, 14, 5, 10, 10, 22, 6], "isMain": true}, {"quality": "Less is better", "metricName": "    # relocations", "values": [4, 9, 12, 5, 8, 9, 20, 6], "isMain": false}, {"quality": "Less is better", "metricName": "    # translocations", "values": [0, 0, 2, 0, 2, 1, 2, 0], "isMain": false}, {"quality": "Less is better", "metricName": "    # inversions", "values": [0, 0, 0, 0, 0, 0, 0, 0], "isMain": false}, {"quality": "Less is better", "metricName": "# misassembled contigs", "values": [4, 9, 14, 5, 8, 9, 17, 6], "isMain": false}, {"quality": "Less is better", "metricName": "Misassembled contigs length", "values": [55189, 127292, 749414, 28731, 395034, 273985, 1210318, 45660], "isMain": true}, {"quality": "Less is better", "metricName": "# local misassemblies", "values": [8, 9, 2, 3, 129, 123, 13, 6], "isMain": false}]], ["Unaligned", [{"quality": "Less is better", "metricName": "# fully unaligned contigs", "values": [1, 1, 1, 1, 1, 1, 1, 1], "isMain": false}, {"quality": "Less is better", "metricName": "Fully unaligned length", "values": [549, 549, 5482, 5482, 549, 549, 5482, 5482], "isMain": false}, {"quality": "Less is better", "metricName": "# partially unaligned contigs", "values": [1, 0, 5, 2, 0, 0, 3, 2], "isMain": false}, {"quality": "Less is better", "metricName": "    # with misassembly", "values": [0, 0, 1, 1, 0, 0, 1, 1], "isMain": false}, {"quality": "Less is better", "metricName": "    # both parts are significant", "values": [0, 0, 0, 0, 0, 0, 0, 0], "isMain": false}, {"quality": "Less is better", "metricName": "Partially unaligned length", "values": [27, 0, 1221, 815, 0, 0, 842, 815], "isMain": false}]], ["Mismatches", [{"quality": "Less is better", "metricName": "# mismatches", "values": [175, 229, 161, 164, 203, 225, 156, 168], "isMain": false}, {"quality": "Less is better", "metricName": "# indels", "values": [190, 122, 110, 102, 370, 205, 192, 103], "isMain": false}, {"quality": "Less is better", "metricName": "Indels length", "values": [262, 174, 168, 137, 708, 374, 352, 145], "isMain": false}, {"quality": "Less is better", "metricName": "# mismatches per 100 kbp", "values": ["4.47", "5.89", "4.09", "4.23", "5.18", "5.80", "3.96", "4.33"], "isMain": true}, {"quality": "Less is better", "metricName": "# indels per 100 kbp", "values": ["4.85", "3.14", "2.80", "2.63", "9.44", "5.28", "4.88", "2.65"], "isMain": true}, {"quality": "Less is better", "metricName": "    # short indels (<= 5 bp)", "values": [181, 116, 104, 98, 346, 196, 183, 98], "isMain": false}, {"quality": "Less is better", "metricName": "    # long indels (> 5 bp)", "values": [9, 6, 6, 4, 24, 9, 9, 5], "isMain": false}, {"quality": "Less is better", "metricName": "# N's", "values": [0, 0, 0, 0, 21557, 20135, 220, 50], "isMain": false}, {"quality": "Less is better", "metricName": "# N's per 100 kbp", "values": ["0.00", "0.00", "0.00", "0.00", "547.10", "515.80", "5.58", "1.28"], "isMain": true}]], ["Genome statistics", [{"quality": "More is better", "metricName": "Genome fraction (%)", "values": ["97.038", "96.340", "97.563", "96.234", "97.140", "96.251", "97.598", "96.242"], "isMain": true}, {"quality": "Less is better", "metricName": "Duplication ratio", "values": ["1.011", "1.012", "1.007", "1.007", "1.016", "1.016", "1.007", "1.007"], "isMain": true}, {"quality": "More is better", "metricName": "# genes", "values": ["3386 + 132 part", "3392 + 121 part", "3491 + 79 part", "3460 + 70 part", "3400 + 128 part", "3379 + 130 part", "3492 + 78 part", "3459 + 71 part"], "isMain": true}, {"quality": "More is better", "metricName": "Largest alignment", "values": [157783, 157831, 246346, 246346, 521619, 409820, 246346, 246346], "isMain": false}, {"quality": "More is better", "metricName": "NG50", "values": [40085, 41373, 92036, 105176, 172545, 157209, 109996, 105176], "isMain": false}, {"quality": "More is better", "metricName": "NG75", "values": [20673, 20721, 39974, 39408, 82167, 71623, 46531, 39408], "isMain": false}, {"quality": "More is better", "metricName": "NA50", "values": [40877, 42805, 67096, 105176, 171505, 163055, 75901, 105176], "isMain": false}, {"quality": "More is better", "metricName": "NA75", "values": [22753, 22638, 40333, 43442, 91938, 71376, 43122, 43442], "isMain": false}, {"quality": "More is better", "metricName": "NGA50", "values": [39468, 41373, 63574, 105176, 171505, 156829, 67096, 105176], "isMain": true}, {"quality": "More is better", "metricName": "NGA75", "values": [20673, 19470, 39408, 39408, 80883, 59664, 40333, 39408], "isMain": false}, {"quality": "Less is better", "metricName": "LG50", "values": [31, 30, 15, 12, 7, 9, 11, 12], "isMain": false}, {"quality": "Less is better", "metricName": "LG75", "values": [66, 63, 33, 28, 15, 19, 26, 28], "isMain": false}, {"quality": "Less is better", "metricName": "LA50", "values": [30, 28, 16, 12, 7, 8, 13, 12], "isMain": false}, {"quality": "Less is better", "metricName": "LA75", "values": [62, 59, 35, 26, 14, 18, 32, 26], "isMain": false}, {"quality": "Less is better", "metricName": "LGA50", "values": [31, 30, 17, 12, 7, 9, 14, 12], "isMain": false}, {"quality": "Less is better", "metricName": "LGA75", "values": [66, 64, 37, 28, 15, 20, 33, 28], "isMain": false}]], ["Predicted genes", []], ["Reference statistics", [{"quality": "Equal", "metricName": "Reference length", "values": [4033464, 4033464, 4033464, 4033464, 4033464, 4033464, 4033464, 4033464], "isMain": false}, {"quality": "Equal", "metricName": "Reference GC (%)", "values": ["47.49", "47.49", "47.49", "47.49", "47.49", "47.49", "47.49", "47.49"], "isMain": false}, {"quality": "Equal", "metricName": "Reference genes", "values": [3693, 3693, 3693, 3693, 3693, 3693, 3693, 3693], "isMain": false}, {"quality": "Equal", "metricName": "Reference operons", "values": [0, 0, 0, 0, 0, 0, 0, 0], "isMain": false}]]], "minContig": 500, "assembliesNames": ["1_GAGE-B-Hiseq", "1_Velvet_1208-Hiseq", "1_GAGE-B-Miseq", "1_Velvet_1208-Miseq", "2_GAGE-B-Hiseq", "2_Velvet_1208-Hiseq", "2_GAGE-B-Miseq", "2_Velvet_1208-Miseq"]}