{"date": "05 May 2014, Monday, 00:44:37", "report": [["Statistics without reference", [{"quality": "Less is better", "metricName": "# contigs", "values": [87, 87], "isMain": true}, {"quality": "Less is better", "metricName": "# contigs (>= 0 bp)", "values": [617, 617], "isMain": false}, {"quality": "Less is better", "metricName": "# contigs (>= 1000 bp)", "values": [82, 82], "isMain": false}, {"quality": "More is better", "metricName": "Largest contig", "values": [430487, 430487], "isMain": true}, {"quality": "More is better", "metricName": "Total length", "values": [5380960, 5380960], "isMain": true}, {"quality": "More is better", "metricName": "Total length (>= 0 bp)", "values": [5431491, 5431491], "isMain": false}, {"quality": "More is better", "metricName": "Total length (>= 1000 bp)", "values": [5376981, 5376981], "isMain": false}, {"quality": "More is better", "metricName": "N50", "values": [130570, 130570], "isMain": true}, {"quality": "More is better", "metricName": "N75", "values": [69698, 69698], "isMain": false}, {"quality": "Less is better", "metricName": "L50", "values": [12, 12], "isMain": false}, {"quality": "Less is better", "metricName": "L75", "values": [26, 26], "isMain": false}, {"quality": "Equal", "metricName": "GC (%)", "values": ["35.30", "35.30"], "isMain": false}]], ["Misassemblies", [{"quality": "Less is better", "metricName": "# misassemblies", "values": [2, 2], "isMain": true}, {"quality": "Less is better", "metricName": "    # relocations", "values": [1, 1], "isMain": false}, {"quality": "Less is better", "metricName": "    # translocations", "values": [1, 1], "isMain": false}, {"quality": "Less is better", "metricName": "    # inversions", "values": [0, 0], "isMain": false}, {"quality": "Less is better", "metricName": "# misassembled contigs", "values": [2, 2], "isMain": false}, {"quality": "Less is better", "metricName": "Misassembled contigs length", "values": [52909, 52909], "isMain": true}, {"quality": "Less is better", "metricName": "# local misassemblies", "values": [25, 25], "isMain": false}]], ["Unaligned", [{"quality": "Less is better", "metricName": "# fully unaligned contigs", "values": [0, 0], "isMain": false}, {"quality": "Less is better", "metricName": "Fully unaligned length", "values": [0, 0], "isMain": false}, {"quality": "Less is better", "metricName": "# partially unaligned contigs", "values": [1, 1], "isMain": false}, {"quality": "Less is better", "metricName": "    # with misassembly", "values": [1, 1], "isMain": false}, {"quality": "Less is better", "metricName": "    # both parts are significant", "values": [1, 1], "isMain": false}, {"quality": "Less is better", "metricName": "Partially unaligned length", "values": [2338, 2338], "isMain": false}]], ["Mismatches", [{"quality": "Less is better", "metricName": "# mismatches", "values": [351, 351], "isMain": false}, {"quality": "Less is better", "metricName": "# indels", "values": [428, 428], "isMain": false}, {"quality": "Less is better", "metricName": "Indels length", "values": [2800, 2800], "isMain": false}, {"quality": "Less is better", "metricName": "# mismatches per 100 kbp", "values": ["6.56", "6.56"], "isMain": true}, {"quality": "Less is better", "metricName": "# indels per 100 kbp", "values": ["8.00", "8.00"], "isMain": true}, {"quality": "Less is better", "metricName": "    # short indels (<= 5 bp)", "values": [337, 337], "isMain": false}, {"quality": "Less is better", "metricName": "    # long indels (> 5 bp)", "values": [91, 91], "isMain": false}, {"quality": "Less is better", "metricName": "# N's", "values": [5511, 5511], "isMain": false}, {"quality": "Less is better", "metricName": "# N's per 100 kbp", "values": ["102.42", "102.42"], "isMain": true}]], ["Genome statistics", [{"quality": "More is better", "metricName": "Genome fraction (%)", "values": ["98.451", "98.451"], "isMain": true}, {"quality": "Less is better", "metricName": "Duplication ratio", "values": ["1.010", "1.010"], "isMain": true}, {"quality": "More is better", "metricName": "# genes", "values": ["5813 + 73 part", ""], "isMain": true}, {"quality": "More is better", "metricName": "Largest alignment", "values": [430487, 430487], "isMain": false}, {"quality": "More is better", "metricName": "NG50", "values": [130570, 130570], "isMain": false}, {"quality": "More is better", "metricName": "NG75", "values": [65667, 65667], "isMain": false}, {"quality": "More is better", "metricName": "NA50", "values": [130570, 130570], "isMain": false}, {"quality": "More is better", "metricName": "NA75", "values": [69698, 69698], "isMain": false}, {"quality": "More is better", "metricName": "NGA50", "values": [130570, 130570], "isMain": true}, {"quality": "More is better", "metricName": "NGA75", "values": [65667, 65667], "isMain": false}, {"quality": "Less is better", "metricName": "LG50", "values": [12, 12], "isMain": false}, {"quality": "Less is better", "metricName": "LG75", "values": [27, 27], "isMain": false}, {"quality": "Less is better", "metricName": "LA50", "values": [12, 12], "isMain": false}, {"quality": "Less is better", "metricName": "LA75", "values": [26, 26], "isMain": false}, {"quality": "Less is better", "metricName": "LGA50", "values": [12, 12], "isMain": false}, {"quality": "Less is better", "metricName": "LGA75", "values": [27, 27], "isMain": false}]], ["Predicted genes", []], ["Reference statistics", [{"quality": "Equal", "metricName": "Reference length", "values": [5432652, 5432652], "isMain": false}, {"quality": "Equal", "metricName": "Reference GC (%)", "values": ["35.50", "35.50"], "isMain": false}, {"quality": "Equal", "metricName": "Reference genes", "values": [6014, 0], "isMain": false}, {"quality": "Equal", "metricName": "Reference operons", "values": [0, 0], "isMain": false}]]], "minContig": 500, "assembliesNames": ["299_dataset_497.dat", "301_dataset_497.dat"]}