{"date": "03 May 2014, Saturday, 23:22:37", "report": [["Statistics without reference", [{"quality": "Less is better", "metricName": "# contigs", "values": [353, 341, 353, 341], "isMain": true}, {"quality": "Less is better", "metricName": "# contigs (>= 0 bp)", "values": [864, 822, 864, 822], "isMain": false}, {"quality": "Less is better", "metricName": "# contigs (>= 1000 bp)", "values": [312, 302, 312, 302], "isMain": false}, {"quality": "More is better", "metricName": "Largest contig", "values": [257581, 257581, 257581, 257581], "isMain": true}, {"quality": "More is better", "metricName": "Total length", "values": [5801552, 5810521, 5801552, 5810521], "isMain": true}, {"quality": "More is better", "metricName": "Total length (>= 0 bp)", "values": [5873796, 5875896, 5873796, 5875896], "isMain": false}, {"quality": "More is better", "metricName": "Total length (>= 1000 bp)", "values": [5774294, 5784758, 5774294, 5784758], "isMain": false}, {"quality": "More is better", "metricName": "N50", "values": [47088, 48439, 47088, 48439], "isMain": true}, {"quality": "More is better", "metricName": "N75", "values": [20272, 20272, 20272, 20272], "isMain": false}, {"quality": "Less is better", "metricName": "L50", "values": [37, 32, 37, 32], "isMain": false}, {"quality": "Less is better", "metricName": "L75", "values": [87, 81, 87, 81], "isMain": false}, {"quality": "Equal", "metricName": "GC (%)", "values": ["35.20", "35.21", "35.20", "35.21"], "isMain": false}]], ["Misassemblies", []], ["Unaligned", [{"quality": "Less is better", "metricName": "# fully unaligned contigs", "values": [353, 341, 353, 341], "isMain": false}, {"quality": "Less is better", "metricName": "Fully unaligned length", "values": [5801552, 5810521, 5801552, 5810521], "isMain": false}]], ["Mismatches", [{"quality": "Less is better", "metricName": "# N's", "values": [0, 1950, 0, 1950], "isMain": false}, {"quality": "Less is better", "metricName": "# N's per 100 kbp", "values": ["0.00", "33.56", "0.00", "33.56"], "isMain": true}]], ["Genome statistics", [{"quality": "More is better", "metricName": "NG50", "values": [58375, 59856, 54092, 57702], "isMain": false}, {"quality": "More is better", "metricName": "NG75", "values": [30554, 33009, 26069, 27451], "isMain": false}, {"quality": "Less is better", "metricName": "LG50", "values": [26, 22, 29, 25], "isMain": false}, {"quality": "Less is better", "metricName": "LG75", "values": [55, 48, 64, 57], "isMain": false}]], ["Predicted genes", []], ["Reference statistics", [{"quality": "Equal", "metricName": "Reference length", "values": [4744448, 4744448, 5090491, 5090491], "isMain": false}, {"quality": "Equal", "metricName": "Reference GC (%)", "values": ["61.55", "61.55", "64.15", "64.15"], "isMain": false}]]], "minContig": 500, "assembliesNames": ["A_hydrophila_ATCC_7966 broken", "A_hydrophila_ATCC_7966", "M_abscessus_ATCC_19977 broken", "M_abscessus_ATCC_19977"]}