Assembly	XA-H-Cabog-Contig	XA-H-Mira-Contig	XA-H-Msrca-Contig	XA-H-Sga-Contig	XA-H-Soap-Contig	XA-H-Spades-Contig	XA-H-Velvet-Contig
# fully unaligned contigs	38	1092	91	119	87	109	90
Fully unaligned length	622667	1736491	712073	1393651	932542	740305	908932
# partially unaligned contigs	46	50	42	82	62	41	55
    # with misassembly	32	31	30	25	35	30	35
    # both parts are significant	44	44	41	63	56	39	52
Partially unaligned length	3160024	3202669	3139397	2178453	2899883	3147412	2893059
# N's	0	859	0	0	0	236	0
