gi|77404693|ref|NC_007489.1|_Rhodobacter_sphaeroides_2.4.1_plasmid_C__complete_sequence	NODE_199_length_77278_cov_43.1411	NODE_200_length_1752_cov_55.8542	NODE_186_length_26467_cov_42.9859	NODE_201_length_1752_cov_65.8174	NODE_183_length_1530_cov_47.8485
gi|552530953|ref|NC_007490.2|_Rhodobacter_sphaeroides_2.4.1_plasmid_D__complete_sequence	NODE_203_length_30601_cov_46.3365	NODE_184_length_1530_cov_46.071	NODE_256_length_33626_cov_89.1921	NODE_248_length_6052_cov_36.778	NODE_219_length_712_cov_22.1978	NODE_185_length_22006_cov_40.5073	NODE_249_length_2600_cov_51.5751
gi|552536492|ref|NC_007494.2|_Rhodobacter_sphaeroides_2.4.1_chromosome_2__complete_sequence	NODE_172_length_131101_cov_20.5217	NODE_259_length_15478_cov_23.2002	NODE_273_length_143857_cov_21.5623	NODE_187_length_1113_cov_12.5219	NODE_200_length_1752_cov_55.8542	NODE_160_length_2875_cov_19.2445	NODE_168_length_28226_cov_21.8296	NODE_162_length_519_cov_23.9119	NODE_90_length_15249_cov_15.628	NODE_78_length_77256_cov_20.1205	NODE_191_length_37995_cov_20.474	NODE_198_length_35503_cov_20.1481	NODE_156_length_2200_cov_24.874	NODE_193_length_83386_cov_20.0225	NODE_179_length_3862_cov_23.5683	NODE_188_length_26184_cov_23.4565	NODE_197_length_20723_cov_36.3062	NODE_84_length_72489_cov_19.1197	NODE_201_length_1752_cov_65.8174	NODE_165_length_3095_cov_20.3512	NODE_161_length_1579_cov_23.0773	NODE_258_length_686_cov_28.8148	NODE_166_length_134342_cov_23.3684	NODE_166_length_134342_cov_23.3684	NODE_169_length_11190_cov_21.2521	NODE_87_length_93962_cov_20.0775	NODE_202_length_21626_cov_20.8891
gi|552530711|ref|NC_007488.2|_Rhodobacter_sphaeroides_2.4.1_plasmid_B__complete_sequence	NODE_197_length_20723_cov_36.3062	NODE_195_length_32312_cov_35.9674	NODE_82_length_61232_cov_35.5486
gi|552535527|ref|NC_007493.2|_Rhodobacter_sphaeroides_2.4.1_chromosome_1__complete_sequence	NODE_176_length_1120_cov_33.909	NODE_139_length_45220_cov_19.8652	NODE_69_length_34078_cov_19.3597	NODE_70_length_25902_cov_17.7644	NODE_263_length_34878_cov_21.527	NODE_91_length_161516_cov_20.4941	NODE_80_length_118093_cov_20.4663	NODE_76_length_47575_cov_20.5816	NODE_89_length_53389_cov_20.4183	NODE_173_length_118898_cov_20.434	NODE_177_length_3792_cov_24.1449	NODE_71_length_92063_cov_20.8318	NODE_157_length_2370_cov_22.8941	NODE_65_length_18849_cov_21.1422	NODE_159_length_1304_cov_23.6981	NODE_189_length_37257_cov_21.813	NODE_64_length_4016_cov_21.1668	NODE_178_length_17305_cov_19.4705	NODE_175_length_19551_cov_20.7005	NODE_102_length_32975_cov_19.006	NODE_269_length_151729_cov_21.1572	NODE_269_length_151729_cov_21.1572	NODE_101_length_528_cov_39.1469	NODE_63_length_2003_cov_23.5841	NODE_257_length_11210_cov_22.1064	NODE_204_length_120944_cov_19.9767	NODE_138_length_58860_cov_21.8468	NODE_265_length_286217_cov_20.7058	NODE_270_length_64791_cov_19.9087	NODE_255_length_18742_cov_24.4771	NODE_158_length_1947_cov_25.7519	NODE_62_length_7193_cov_18.56	NODE_196_length_184005_cov_20.4147	NODE_264_length_134895_cov_19.8286	NODE_73_length_115061_cov_21.3957	NODE_167_length_23156_cov_21.3853	NODE_67_length_50728_cov_20.9042	NODE_254_length_120555_cov_21.3545	NODE_86_length_113539_cov_22.7405	NODE_260_length_33003_cov_21.1967	NODE_77_length_10964_cov_20.2564	NODE_68_length_16597_cov_20.2392	NODE_74_length_24062_cov_18.5966	NODE_166_length_134342_cov_23.3684	NODE_272_length_129125_cov_20.7534	NODE_272_length_129125_cov_20.7534	NODE_170_length_5849_cov_20.4587	NODE_163_length_52073_cov_22.2212	NODE_271_length_202404_cov_21.4522	NODE_271_length_202404_cov_21.4522	NODE_83_length_59218_cov_20.5907	NODE_171_length_5102_cov_19.0125	NODE_85_length_26109_cov_21.2221	NODE_88_length_9732_cov_16.5217	NODE_81_length_89068_cov_21.0615	NODE_174_length_174187_cov_20.7642
gi|125654605|ref|NC_009007.1|_Rhodobacter_sphaeroides_2.4.1_plasmid_A__partial_sequence	NODE_79_length_16174_cov_65.9288	NODE_194_length_6892_cov_102.782	NODE_250_length_26351_cov_53.0484	NODE_60_length_3422_cov_47.9803	NODE_227_length_1215_cov_56.1226	NODE_132_length_1111_cov_7.22753	NODE_190_length_2839_cov_54.3742	NODE_247_length_4568_cov_59.6611	NODE_266_length_6156_cov_47.4259	NODE_130_length_2434_cov_58.4306	NODE_75_length_13396_cov_55.7777	NODE_192_length_58086_cov_65.9683	NODE_103_length_951_cov_44.1151	NODE_66_length_2347_cov_49.5333	NODE_229_length_4709_cov_47.9492
gi|125654693|ref|NC_009008.1|_Rhodobacter_sphaeroides_2.4.1_plasmid_E__partial_sequence	NODE_200_length_1752_cov_55.8542	NODE_197_length_20723_cov_36.3062	NODE_201_length_1752_cov_65.8174	NODE_192_length_58086_cov_65.9683	NODE_192_length_58086_cov_65.9683
