{"date":"08 July 2014, Tuesday, 10:40:52","report":[["Statistics without reference",[{"values":[149,856,532,325,666,91,73,203],"quality":"Less is better","isMain":true,"metricName":"# contigs"},{"values":[210,857,1760,326,1117,113,908,279],"quality":"Less is better","isMain":false,"metricName":"# contigs (>= 200 bp)"},{"values":[131,856,103,316,612,84,53,189],"quality":"Less is better","isMain":false,"metricName":"# contigs (>= 1000 bp)"},{"values":[245660,40668,279306,104386,59847,286460,498363,226629],"quality":"More is better","isMain":true,"metricName":"Largest contig"},{"values":[5116522,5116310,5431987,5418108,5232350,5133667,5158616,5136825],"quality":"More is better","isMain":true,"metricName":"Total length"},{"values":[5134536,5116733,5859376,5418490,5361080,5140095,5412123,5160204],"quality":"More is better","isMain":false,"metricName":"Total length (>= 200 bp)"},{"values":[5104376,5116310,5167879,5411756,5193149,5128622,5146535,5127654],"quality":"More is better","isMain":false,"metricName":"Total length (>= 1000 bp)"},{"values":[70424,8655,89612,36211,12890,131561,220161,47327],"quality":"More is better","isMain":true,"metricName":"N50"},{"values":[39013,4755,46469,18405,7614,68567,122266,25959],"quality":"More is better","isMain":false,"metricName":"N75"},{"values":[24,176,15,52,126,14,8,35],"quality":"Less is better","isMain":false,"metricName":"L50"},{"values":[48,378,36,104,255,29,16,71],"quality":"Less is better","isMain":false,"metricName":"L75"},{"values":["64.10","64.08","64.09","64.10","64.08","64.09","64.02","64.07"],"quality":"Equal","isMain":false,"metricName":"GC (%)"}]],["Misassemblies",[{"values":[2,122,1085,70,6,5,6,72],"quality":"Less is better","isMain":true,"metricName":"# misassemblies"},{"values":[2,122,1085,70,6,5,6,72],"quality":"Less is better","isMain":false,"metricName":"    # relocations"},{"values":[0,0,0,0,0,0,0,0],"quality":"Less is better","isMain":false,"metricName":"    # translocations"},{"values":[0,0,0,0,0,0,0,0],"quality":"Less is better","isMain":false,"metricName":"    # inversions"},{"values":[2,115,456,69,6,5,6,54],"quality":"Less is better","isMain":false,"metricName":"# misassembled contigs"},{"values":[92402,617425,2501821,471137,78397,771028,925594,1569654],"quality":"Less is better","isMain":true,"metricName":"Misassembled contigs length"},{"values":[2,5,18,2,1,19,4,3],"quality":"Less is better","isMain":false,"metricName":"# local misassemblies"}]],["Unaligned",[{"values":[0,5,2,1,5,1,20,1],"quality":"Less is better","isMain":false,"metricName":"# fully unaligned contigs"},{"values":[0,38295,7076,11781,38083,5385,16591,5482],"quality":"Less is better","isMain":false,"metricName":"Fully unaligned length"},{"values":[5,14,2,14,5,1,0,7],"quality":"Less is better","isMain":false,"metricName":"# partially unaligned contigs"},{"values":[2,0,1,0,0,1,0,2],"quality":"Less is better","isMain":false,"metricName":"    # with misassembly"},{"values":[4,4,1,6,3,1,0,2],"quality":"Less is better","isMain":false,"metricName":"    # both parts are significant"},{"values":[78075,36751,11929,60407,34625,11899,0,41395],"quality":"Less is better","isMain":false,"metricName":"Partially unaligned length"}]],["Mismatches",[{"values":[79,203,226,146,73,105,237,125],"quality":"Less is better","isMain":false,"metricName":"# mismatches"},{"values":[70,36,38,83,21,66,54,35],"quality":"Less is better","isMain":false,"metricName":"# indels"},{"values":[203,103,83,126,175,474,127,154],"quality":"Less is better","isMain":false,"metricName":"Indels length"},{"values":["1.59","4.15","4.47","2.92","1.45","2.08","4.68","2.48"],"quality":"Less is better","isMain":true,"metricName":"# mismatches per 100 kbp"},{"values":["1.41","0.74","0.75","1.66","0.42","1.31","1.07","0.70"],"quality":"Less is better","isMain":true,"metricName":"# indels per 100 kbp"},{"values":[63,34,37,81,16,53,52,32],"quality":"Less is better","isMain":false,"metricName":"    # short indels (<= 5 bp)"},{"values":[7,2,1,2,5,13,2,3],"quality":"Less is better","isMain":false,"metricName":"    # long indels (> 5 bp)"},{"values":[219,0,165,0,0,0,184,0],"quality":"Less is better","isMain":false,"metricName":"# N's"},{"values":["4.28","0.00","3.04","0.00","0.00","0.00","3.57","0.00"],"quality":"Less is better","isMain":true,"metricName":"# N's per 100 kbp"}]],["Genome statistics",[{"values":["98.926","96.186","99.421","98.380","99.076","99.139","99.413","98.965"],"quality":"More is better","isMain":true,"metricName":"Genome fraction (%)"},{"values":["1.004","1.030","1.075","1.068","1.023","1.028","1.020","1.018"],"quality":"Less is better","isMain":true,"metricName":"Duplication ratio"},{"values":["4829 + 126 part","4148 + 740 part","4869 + 98 part","4790 + 139 part","4465 + 499 part","4877 + 82 part","4913 + 54 part","4746 + 214 part"],"quality":"More is better","isMain":true,"metricName":"# genes"},{"values":[245660,40668,257874,104372,59847,261142,498363,130350],"quality":"More is better","isMain":false,"metricName":"Largest alignment"},{"values":[70424,8716,114083,38240,13299,131561,220161,48155],"quality":"More is better","isMain":false,"metricName":"NG50"},{"values":[39233,4805,51245,21642,8066,68982,122266,26101],"quality":"More is better","isMain":false,"metricName":"NG75"},{"values":[67488,8265,69002,35496,12516,113272,209894,40129],"quality":"More is better","isMain":false,"metricName":"NA50"},{"values":[35186,4459,33655,17197,6950,63022,89745,20444],"quality":"More is better","isMain":false,"metricName":"NA75"},{"values":[68549,8293,74997,37156,12834,113272,209894,41485],"quality":"More is better","isMain":true,"metricName":"NGA50"},{"values":[35186,4497,42893,20039,7623,63420,89745,20620],"quality":"More is better","isMain":false,"metricName":"NGA75"},{"values":[24,174,13,48,121,14,8,34],"quality":"Less is better","isMain":false,"metricName":"LG50"},{"values":[47,374,31,92,242,28,16,70],"quality":"Less is better","isMain":false,"metricName":"LG75"},{"values":[25,182,23,53,130,15,9,40],"quality":"Less is better","isMain":false,"metricName":"LA50"},{"values":[50,395,50,109,265,32,18,83],"quality":"Less is better","isMain":false,"metricName":"LA75"},{"values":[24,181,20,49,125,15,9,39],"quality":"Less is better","isMain":false,"metricName":"LGA50"},{"values":[50,390,43,95,251,31,18,81],"quality":"Less is better","isMain":false,"metricName":"LGA75"}]],["Predicted genes",[]],["Reference statistics",[{"values":[5090491,5090491,5090491,5090491,5090491,5090491,5090491,5090491],"quality":"Equal","isMain":false,"metricName":"Reference length"},{"values":["64.15","64.15","64.15","64.15","64.15","64.15","64.15","64.15"],"quality":"Equal","isMain":false,"metricName":"Reference GC (%)"},{"values":[4992,4992,4992,4992,4992,4992,4992,4992],"quality":"Equal","isMain":false,"metricName":"Reference genes"},{"values":[0,0,0,0,0,0,0,0],"quality":"Equal","isMain":false,"metricName":"Reference operons"}]]],"minContig":500,"assembliesNames":["MA-M-Abyss-Contig","MA-M-Cabog-Contig","MA-M-Mira-Contig","MA-M-Msrca-Contig","MA-M-Sga-Contig","MA-M-Soap-Contig","MA-M-Spades-Contig","MA-M-Velvet-Contig"]}