{"date":"06 May 2014, Tuesday, 13:38:05","report":[["Statistics without reference",[{"values":[94],"quality":"Less is better","isMain":true,"metricName":"# contigs"},{"values":[113],"quality":"Less is better","isMain":false,"metricName":"# contigs (>= 0 bp)"},{"values":[81],"quality":"Less is better","isMain":false,"metricName":"# contigs (>= 1000 bp)"},{"values":[710684],"quality":"More is better","isMain":true,"metricName":"Largest contig"},{"values":[5004541],"quality":"More is better","isMain":true,"metricName":"Total length"},{"values":[5009370],"quality":"More is better","isMain":false,"metricName":"Total length (>= 0 bp)"},{"values":[4994206],"quality":"More is better","isMain":false,"metricName":"Total length (>= 1000 bp)"},{"values":[278382],"quality":"More is better","isMain":true,"metricName":"N50"},{"values":[133236],"quality":"More is better","isMain":false,"metricName":"N75"},{"values":[6],"quality":"Less is better","isMain":false,"metricName":"L50"},{"values":[12],"quality":"Less is better","isMain":false,"metricName":"L75"},{"values":["61.60"],"quality":"Equal","isMain":false,"metricName":"GC (%)"}]],["Misassemblies",[{"values":[2],"quality":"Less is better","isMain":true,"metricName":"# misassemblies"},{"values":[2],"quality":"Less is better","isMain":false,"metricName":"    # relocations"},{"values":[0],"quality":"Less is better","isMain":false,"metricName":"    # translocations"},{"values":[0],"quality":"Less is better","isMain":false,"metricName":"    # inversions"},{"values":[2],"quality":"Less is better","isMain":false,"metricName":"# misassembled contigs"},{"values":[28456],"quality":"Less is better","isMain":true,"metricName":"Misassembled contigs length"},{"values":[1],"quality":"Less is better","isMain":false,"metricName":"# local misassemblies"}]],["Unaligned",[{"values":[40],"quality":"Less is better","isMain":false,"metricName":"# fully unaligned contigs"},{"values":[349640],"quality":"Less is better","isMain":false,"metricName":"Fully unaligned length"},{"values":[32],"quality":"Less is better","isMain":false,"metricName":"# partially unaligned contigs"},{"values":[20],"quality":"Less is better","isMain":false,"metricName":"    # with misassembly"},{"values":[24],"quality":"Less is better","isMain":false,"metricName":"    # both parts are significant"},{"values":[3915649],"quality":"Less is better","isMain":false,"metricName":"Partially unaligned length"}]],["Mismatches",[{"values":[5044],"quality":"Less is better","isMain":false,"metricName":"# mismatches"},{"values":[186],"quality":"Less is better","isMain":false,"metricName":"# indels"},{"values":[275],"quality":"Less is better","isMain":false,"metricName":"Indels length"},{"values":["3837.64"],"quality":"Less is better","isMain":true,"metricName":"# mismatches per 100 kbp"},{"values":["141.51"],"quality":"Less is better","isMain":true,"metricName":"# indels per 100 kbp"},{"values":[181],"quality":"Less is better","isMain":false,"metricName":"    # short indels (<= 5 bp)"},{"values":[5],"quality":"Less is better","isMain":false,"metricName":"    # long indels (> 5 bp)"},{"values":[0],"quality":"Less is better","isMain":false,"metricName":"# N's"},{"values":["0.00"],"quality":"Less is better","isMain":true,"metricName":"# N's per 100 kbp"}]],["Genome statistics",[{"values":["14.751"],"quality":"More is better","isMain":true,"metricName":"Genome fraction (%)"},{"values":["1.056"],"quality":"Less is better","isMain":true,"metricName":"Duplication ratio"},{"values":["598 + 73 part"],"quality":"More is better","isMain":true,"metricName":"# genes"},{"values":[52397],"quality":"More is better","isMain":false,"metricName":"Largest alignment"},{"values":[278382],"quality":"More is better","isMain":false,"metricName":"NG50"},{"values":[156215],"quality":"More is better","isMain":false,"metricName":"NG75"},{"values":[6],"quality":"Less is better","isMain":false,"metricName":"LG50"},{"values":[11],"quality":"Less is better","isMain":false,"metricName":"LG75"}]],["Predicted genes",[]],["Reference statistics",[{"values":[4744448],"quality":"Equal","isMain":false,"metricName":"Reference length"},{"values":["61.55"],"quality":"Equal","isMain":false,"metricName":"Reference GC (%)"},{"values":[4284],"quality":"Equal","isMain":false,"metricName":"Reference genes"},{"values":[0],"quality":"Equal","isMain":false,"metricName":"Reference operons"}]]],"minContig":500,"assembliesNames":["AH-H-Cabog-Contig"]}