{"date":"08 July 2014, Tuesday, 10:52:20","report":[["Statistics without reference",[{"values":[141,135,136,129,109,104,233,224,137,137,106,106,142,124],"quality":"Less is better","isMain":true,"metricName":"# contigs"},{"values":[141,135,136,129,109,104,233,224,137,137,106,106,142,124],"quality":"Less is better","isMain":false,"metricName":"# contigs (>= 500 bp)"},{"values":[134,128,136,129,102,98,191,183,106,106,83,83,120,108],"quality":"Less is better","isMain":false,"metricName":"# contigs (>= 1000 bp)"},{"values":[419237,419237,363813,365693,391846,392871,188622,188622,384109,384109,534462,534462,286976,474682],"quality":"More is better","isMain":true,"metricName":"Largest contig"},{"values":[7034687,7036438,5213908,5214301,5392427,5392527,5163661,5165148,5264325,5264325,5319796,5319796,5261270,5263144],"quality":"More is better","isMain":true,"metricName":"Total length"},{"values":[7034687,7036438,5213908,5214301,5392427,5392527,5163661,5165148,5264325,5264325,5319796,5319796,5261270,5263144],"quality":"More is better","isMain":false,"metricName":"Total length (>= 500 bp)"},{"values":[7030188,7031657,5213908,5214301,5386876,5387568,5135774,5137766,5243326,5243326,5303605,5303605,5246405,5252089],"quality":"More is better","isMain":false,"metricName":"Total length (>= 1000 bp)"},{"values":[121452,126082,95840,95840,158716,158716,48627,51632,132255,132255,157732,157732,125214,147512],"quality":"More is better","isMain":true,"metricName":"N50"},{"values":[55354,58781,42294,47426,74628,74628,30245,30518,60952,60952,87246,87246,59460,70735],"quality":"More is better","isMain":false,"metricName":"N75"},{"values":[19,19,18,18,11,11,36,34,13,13,10,10,14,11],"quality":"Less is better","isMain":false,"metricName":"L50"},{"values":[41,38,38,37,23,23,69,66,28,28,21,21,29,23],"quality":"Less is better","isMain":false,"metricName":"L75"},{"values":["43.43","43.43","43.41","43.41","43.45","43.45","43.42","43.42","43.47","43.47","43.47","43.47","43.46","43.46"],"quality":"Equal","isMain":false,"metricName":"GC (%)"}]],["Misassemblies",[{"values":[159,164,102,107,119,122,69,68,92,92,104,104,98,101],"quality":"Less is better","isMain":true,"metricName":"# misassemblies"},{"values":[149,153,96,101,108,110,69,68,92,92,100,100,94,97],"quality":"Less is better","isMain":false,"metricName":"    # relocations"},{"values":[0,0,0,0,0,0,0,0,0,0,0,0,0,0],"quality":"Less is better","isMain":false,"metricName":"    # translocations"},{"values":[10,11,6,6,11,12,0,0,0,0,4,4,4,4],"quality":"Less is better","isMain":false,"metricName":"    # inversions"},{"values":[60,60,48,47,45,46,47,47,35,35,30,30,33,29],"quality":"Less is better","isMain":false,"metricName":"# misassembled contigs"},{"values":[5339903,5640821,3570138,3608038,4167060,4229693,2335819,2361708,3855147,3855147,4051114,4051114,3745674,3819908],"quality":"Less is better","isMain":true,"metricName":"Misassembled contigs length"},{"values":[48,54,48,50,50,51,41,41,48,48,50,50,46,52],"quality":"Less is better","isMain":false,"metricName":"# local misassemblies"}]],["Unaligned",[{"values":[33,32,24,24,19,16,57,55,55,55,45,45,63,55],"quality":"Less is better","isMain":false,"metricName":"# fully unaligned contigs"},{"values":[335550,334894,277939,277939,221693,220728,301480,295865,245364,245364,251895,251895,257196,245032],"quality":"Less is better","isMain":false,"metricName":"Fully unaligned length"},{"values":[25,22,25,22,17,17,45,42,18,18,18,18,18,16],"quality":"Less is better","isMain":false,"metricName":"# partially unaligned contigs"},{"values":[8,7,6,6,2,2,7,7,7,7,3,3,6,6],"quality":"Less is better","isMain":false,"metricName":"    # with misassembly"},{"values":[21,18,13,12,12,12,29,28,12,12,12,12,13,12],"quality":"Less is better","isMain":false,"metricName":"    # both parts are significant"},{"values":[364598,299277,198312,195833,217963,217963,331350,327881,273661,273661,234471,234471,230190,236500],"quality":"Less is better","isMain":false,"metricName":"Partially unaligned length"}]],["Mismatches",[{"values":[28228,28557,28116,28127,29470,29480,27253,27247,28227,28227,28655,28657,28261,28314],"quality":"Less is better","isMain":false,"metricName":"# mismatches"},{"values":[1583,1637,2721,2768,1271,1265,1184,1289,1242,1242,1479,1479,1333,1339],"quality":"Less is better","isMain":false,"metricName":"# indels"},{"values":[2695,2755,4086,4133,2748,2748,2284,2545,2597,2597,2818,2818,2553,2562],"quality":"Less is better","isMain":false,"metricName":"Indels length"},{"values":["661.09","661.94","659.26","659.51","683.94","684.17","641.55","641.50","659.94","659.94","666.86","666.91","660.02","661.10"],"quality":"Less is better","isMain":true,"metricName":"# mismatches per 100 kbp"},{"values":["37.07","37.94","63.80","64.90","29.50","29.36","27.87","30.35","29.04","29.04","34.42","34.42","31.13","31.26"],"quality":"Less is better","isMain":true,"metricName":"# indels per 100 kbp"},{"values":[1514,1568,2631,2678,1173,1167,1111,1210,1156,1156,1393,1393,1252,1258],"quality":"Less is better","isMain":false,"metricName":"    # short indels (<= 5 bp)"},{"values":[69,69,90,90,98,98,73,79,86,86,86,86,81,81],"quality":"Less is better","isMain":false,"metricName":"    # long indels (> 5 bp)"},{"values":[1,589,0,160,0,100,0,325,17,17,439,439,0,1503],"quality":"Less is better","isMain":false,"metricName":"# N's"},{"values":["0.01","8.37","0.00","3.07","0.00","1.85","0.00","6.29","0.32","0.32","8.25","8.25","0.00","28.56"],"quality":"Less is better","isMain":true,"metricName":"# N's per 100 kbp"}]],["Genome statistics",[{"values":["80.629","80.648","79.582","79.583","80.517","80.517","79.378","79.367","80.135","80.135","80.370","80.370","80.117","80.137"],"quality":"More is better","isMain":true,"metricName":"Genome fraction (%)"},{"values":["1.463","1.478","1.109","1.110","1.146","1.146","1.063","1.065","1.102","1.102","1.120","1.120","1.109","1.111"],"quality":"Less is better","isMain":true,"metricName":"Duplication ratio"},{"values":["3391 + 102 part","3391 + 102 part","3301 + 156 part","3303 + 154 part","3377 + 105 part","3377 + 105 part","3305 + 124 part","3308 + 120 part","3361 + 110 part","3361 + 110 part","3374 + 102 part","3374 + 102 part","3363 + 106 part","3364 + 106 part"],"quality":"More is better","isMain":true,"metricName":"# genes"},{"values":[186153,186153,182457,182457,185930,185930,133449,133449,185821,185821,185423,185423,185610,185610],"quality":"More is better","isMain":false,"metricName":"Largest alignment"},{"values":[146158,148670,94207,94207,158716,158716,48285,49960,130112,130112,157732,157732,125214,147512],"quality":"More is better","isMain":false,"metricName":"NG50"},{"values":[102554,106769,41281,42294,74628,74628,28345,28394,60898,60898,87246,87246,59261,63670],"quality":"More is better","isMain":false,"metricName":"NG75"},{"values":[38481,39610,33716,33716,42218,42218,30189,30573,43184,43184,44083,44083,42686,44083],"quality":"More is better","isMain":false,"metricName":"NA50"},{"values":[12492,12492,9866,10147,11177,11177,9731,9744,13208,13208,14057,14057,13480,14283],"quality":"More is better","isMain":false,"metricName":"NA75"},{"values":[50798,53546,30567,30567,42218,42218,29577,29887,41464,41464,43492,43492,41192,42686],"quality":"More is better","isMain":true,"metricName":"NGA50"},{"values":[30333,30344,7076,7108,11607,11607,6705,6721,11607,11607,13166,13166,11607,12487],"quality":"More is better","isMain":false,"metricName":"NGA75"},{"values":[13,13,19,19,11,11,38,36,14,14,10,10,14,11],"quality":"Less is better","isMain":false,"metricName":"LG50"},{"values":[24,23,41,40,23,23,74,71,29,29,21,21,30,25],"quality":"Less is better","isMain":false,"metricName":"LG75"},{"values":[54,53,41,41,37,37,54,51,37,37,36,36,37,36],"quality":"Less is better","isMain":false,"metricName":"LA50"},{"values":[132,130,107,106,93,93,125,122,91,91,86,86,89,87],"quality":"Less is better","isMain":false,"metricName":"LA75"},{"values":[35,35,44,44,37,37,57,55,39,39,37,37,39,38],"quality":"Less is better","isMain":false,"metricName":"LGA50"},{"values":[69,68,121,120,92,92,146,142,97,97,89,89,96,93],"quality":"Less is better","isMain":false,"metricName":"LGA75"}]],["Predicted genes",[]],["Reference statistics",[{"values":[5373121,5373121,5373121,5373121,5373121,5373121,5373121,5373121,5373121,5373121,5373121,5373121,5373121,5373121],"quality":"Equal","isMain":false,"metricName":"Reference length"},{"values":["43.42","43.42","43.42","43.42","43.42","43.42","43.42","43.42","43.42","43.42","43.42","43.42","43.42","43.42"],"quality":"Equal","isMain":false,"metricName":"Reference GC (%)"},{"values":[4416,4416,4416,4416,4416,4416,4416,4416,4416,4416,4416,4416,4416,4416],"quality":"Equal","isMain":false,"metricName":"Reference genes"},{"values":[0,0,0,0,0,0,0,0,0,0,0,0,0,0],"quality":"Equal","isMain":false,"metricName":"Reference operons"}]]],"minContig":500,"assembliesNames":["BF-H-Abyss-Scaffold broken","BF-H-Abyss-Scaffold","BF-H-Cabog-Scaffold broken","BF-H-Cabog-Scaffold","BF-H-Msrca-Scaffold broken","BF-H-Msrca-Scaffold","BF-H-Sga-Scaffold broken","BF-H-Sga-Scaffold","BF-H-Soap-Scaffold broken","BF-H-Soap-Scaffold","BF-H-Spades-Scaffold broken","BF-H-Spades-Scaffold","BF-H-Velvet-Scaffold broken","BF-H-Velvet-Scaffold"]}