{"ref_genes_number": 0, "genes_in_contigs": {"242_abyss": [64, 80, 32, 22, 16, 32, 51, 29, 0, 22, 6, 7, 10, 33, 63, 32, 6, 46, 3, 13, 0, 1, 0, 0, 5, 6, 0, 0, 0, 17, 0, 0, 1, 0, 1, 1, 1, 0, 3, 0, 0, 0, 0, 0, 0], "242_abyss broken": [64, 80, 22, 16, 27, 51, 29, 0, 22, 2, 7, 10, 33, 63, 32, 6, 46, 30, 7, 3, 13, 0, 1, 6, 0, 1, 0, 5, 6, 0, 0, 0, 0, 17, 0, 0, 1, 0, 1, 1, 0, 3, 0, 1, 0, 0, 0, 0], "242_cabog": [81, 64, 45, 26, 22, 22, 52, 63, 15, 25, 10, 5, 7, 33, 35, 23, 4, 0, 1, 5, 15, 0, 5, 8, 0, 0, 0, 0, 1, 0, 14, 11, 0, 0, 0, 0, 0], "242_cabog broken": [80, 64, 45, 26, 22, 22, 52, 15, 25, 10, 5, 7, 63, 33, 35, 23, 0, 1, 5, 15, 0, 0, 5, 4, 8, 0, 0, 0, 0, 0, 1, 0, 14, 11, 0, 0, 0, 4, 0, 0, 0, 0, 0, 0, 0, 0, 0, 0, 0, 1, 1, 0, 0, 0, 0, 0, 0, 0, 0, 0, 0, 1, 0, 0, 0, 0, 0, 0, 0, 0, 0, 0, 0, 0, 0, 0, 0, 0, 0, 0, 0, 0, 0, 0, 0, 0, 0, 0, 0, 0, 0, 0, 0, 0], "241_cabog": [81, 64, 45, 26, 22, 22, 52, 63, 15, 25, 10, 5, 7, 33, 35, 23, 4, 0, 1, 5, 15, 0, 5, 8, 0, 0, 0, 0, 1, 0, 14, 11, 0, 0, 0, 0, 0], "241_abyss broken": [64, 80, 22, 16, 27, 51, 29, 0, 22, 2, 7, 10, 33, 63, 32, 6, 46, 30, 7, 3, 13, 0, 1, 6, 0, 1, 0, 5, 6, 0, 0, 0, 0, 17, 0, 0, 1, 0, 1, 1, 0, 3, 0, 1, 0, 0, 0, 0], "241_abyss": [64, 80, 32, 22, 16, 32, 51, 29, 0, 22, 6, 7, 10, 33, 63, 32, 6, 46, 3, 13, 0, 1, 0, 0, 5, 6, 0, 0, 0, 17, 0, 0, 1, 0, 1, 1, 1, 0, 3, 0, 0, 0, 0, 0, 0], "241_cabog broken": [80, 64, 45, 26, 22, 22, 52, 15, 25, 10, 5, 7, 63, 33, 35, 23, 0, 1, 5, 15, 0, 0, 5, 4, 8, 0, 0, 0, 0, 0, 1, 0, 14, 11, 0, 0, 0, 4, 0, 0, 0, 0, 0, 0, 0, 0, 0, 0, 0, 1, 1, 0, 0, 0, 0, 0, 0, 0, 0, 0, 0, 1, 0, 0, 0, 0, 0, 0, 0, 0, 0, 0, 0, 0, 0, 0, 0, 0, 0, 0, 0, 0, 0, 0, 0, 0, 0, 0, 0, 0, 0, 0, 0, 0]}, "filenames": ["242_cabog broken", "242_cabog", "242_abyss broken", "242_abyss", "241_cabog broken", "241_cabog", "241_abyss broken", "241_abyss"]}